id,name,filePath,startLine,endLine,isExported,content,description,convexEndpointFactory
"Function:src/controllers/home.controller.js:homeController","homeController","src/controllers/home.controller.js",12,14,true,"export const homeController = asyncHandler(async (_req, res) => {   res.status(200).json(await getHomeFeed()); });","GET /api/home @type {import('express').RequestHandler}",""
"Function:src/controllers/anime.controller.js:detailsController","detailsController","src/controllers/anime.controller.js",29,31,true,"export const detailsController = asyncHandler(async (req, res) => {   res.status(200).json(await getFullDetails(req.params.id)); });","GET /api/details/:id @type {import('express').RequestHandler}",""
"Function:src/controllers/anime.controller.js:episodesController","episodesController","src/controllers/anime.controller.js",47,52,true,"export const episodesController = asyncHandler(async (req, res) => {   const episodes = await getAnimeEpisodes(req.params.id, {     page: optionalInt(req.query.page, { min: 1, label: 'page' }) ?? 1,   });   res.status(200).json(episodes); });","GET /api/episodes/:id Episode METADATA only (no MegaPlay, no stream URLs, no fabricated episodes). @type {import('express').RequestHandler}",""
"Function:src/controllers/anime.controller.js:recommendationsController","recommendationsController","src/controllers/anime.controller.js",58,60,true,"export const recommendationsController = asyncHandler(async (req, res) => {   res.status(200).json(await getAnimeRecommendations(req.params.id)); });","GET /api/recommendations/:id @type {import('express').RequestHandler}",""
"Function:src/controllers/anime.controller.js:seasonsController","seasonsController","src/controllers/anime.controller.js",66,68,true,"export const seasonsController = asyncHandler(async (req, res) => {   res.status(200).json(await getAnimeSeasons(req.params.id)); });","GET /api/seasons/:id @type {import('express').RequestHandler}",""
"Function:src/controllers/anime.controller.js:categoryController","categoryController","src/controllers/anime.controller.js",74,80,true,"export const categoryController = asyncHandler(async (req, res) => {   const page = await getCategory(firstString(req.params.type, { maxLength: 50, label: 'category' }), {     page: optionalInt(req.query.page, { min: 1, max: 500, label: 'page' }),     perPage: optionalInt(req.query.perPage, { min: 1, max: 50, label: 'perPage' }),   });   res.status(200).json(page); });","GET /api/category/:type @type {import('express').RequestHandler}",""
"Function:src/controllers/tmdb.controller.js:tmdbController","tmdbController","src/controllers/tmdb.controller.js",20,27,true,"export const tmdbController = asyncHandler(async (req, res) => {   const anilistId = parseRequiredId(req.params.id, 'id');   // AniList-only base (titles for matching; identity untouched).   const canonical = await getAnimeDetails(anilistId);   // Visual enrichment result (resolved OR valid unresolved - never a failure   // response, never fabricated images).   res.status(200).json(await enrichWithTmdb(canonical)); });","GET /api/tmdb/:id @type {import('express').RequestHandler}",""
"Function:src/identity/identity-resolver.js:isIdentityResult","isIdentityResult","src/identity/identity-resolver.js",51,52,false,"const isIdentityResult = (value) =>   Boolean(value && typeof value === 'object' && typeof value.resolved === 'boolean');","A cached value is valid only if it is a real identity result.",""
"Function:src/identity/identity-resolver.js:requirePayloadId","requirePayloadId","src/identity/identity-resolver.js",191,197,false,"function requirePayloadId(value, provider) {   const id = Number(value);   if (!Number.isInteger(id) || id <= 0) {     throw new ProviderError('AniList payload is missing a valid id', { provider });   }   return id; }","@param {unknown} value @param {string} provider",""
"Function:src/utils/html.js:fromCodePoint","fromCodePoint","src/utils/html.js",31,37,false,"function fromCodePoint(code) {   try {     return String.fromCodePoint(code);   } catch {     return '';   } }","Convert a code point to a character, or '' if invalid (never throws).",""
"Function:src/utils/html.js:decodeHtmlEntities","decodeHtmlEntities","src/utils/html.js",44,49,true,"export function decodeHtmlEntities(text) {   return text     .replace(/&#x([0-9a-f]+);/gi, (_, hex) => fromCodePoint(parseInt(hex, 16)))     .replace(/&#(\d+);/g, (_, dec) => fromCodePoint(parseInt(dec, 10)))     .replace(/&([a-z]+);/gi, (match, name) => HTML_ENTITIES[name.toLowerCase()] ?? match); }","Decode named and numeric HTML entities into their characters. @param {string} text @returns {string}",""
"Function:src/utils/html.js:stripHtml","stripHtml","src/utils/html.js",57,62,true,"export function stripHtml(html) {   return html     .replace(/<br\s*\/?>/gi, '\n')     .replace(/<\/(p|div|li)>/gi, '\n')     .replace(/<[^>]*>/g, ''); }","Remove HTML tags while preserving readable text and line structure. `<br>` and closing block tags become newlines; all other tags are dropped. @param {string} html @returns {string}",""
"Function:src/utils/html.js:cleanDescription","cleanDescription","src/utils/html.js",74,86,true,"export function cleanDescription(raw) {   if (typeof raw !== 'string') return null;   let text = stripHtml(raw);   text = decodeHtmlEntities(text);   // AniList spoiler/strikethrough markers: unwrap, keep the text itself.   text = text.replace(/~!/g, '').replace(/!~/g, '');   // Collapse excessive blank lines left by block tags.   text = text.replace(/\n{3,}/g, '\n\n').replace(/[ \t]+\n/g, '\n');   text = text.trim();   return text === '' ? null : text; }","Clean a provider description into safe, readable plain text. Handles: HTML tags, HTML entities, and AniList-style spoiler markers (`~!text!~` -> `text`, markers removed, content preserved). Returns null for empty/missing input (never fabricates a description). @param {unknown} raw @returns {string | null}",""
"Function:src/normalizers/tmdb.normalizer.js:str","str","src/normalizers/tmdb.normalizer.js",16,18,false,"function str(value) {   return typeof value === 'string' && value.trim() !== '' ? value : null; }","String or null (empty/whitespace-only strings count as missing).",""
"Function:src/normalizers/tmdb.normalizer.js:numberOrNull","numberOrNull","src/normalizers/tmdb.normalizer.js",21,25,false,"function numberOrNull(value) {   if (value === null || value === undefined || value === '') return null;   const n = Number(value);   return Number.isFinite(n) ? n : null; }","Finite number or null.",""
"Function:src/normalizers/tmdb.normalizer.js:extractYear","extractYear","src/normalizers/tmdb.normalizer.js",32,38,false,"function extractYear(value) {   if (typeof value !== 'string') return null;   const match = value.match(/^(\d{4})/);   if (!match) return null;   const year = Number(match[1]);   return Number.isInteger(year) && year > 0 ? year : null; }","Extract a year from a TMDB date string (""YYYY-MM-DD"" or ""YYYY""). @param {unknown} value @returns {number | null}",""
"Function:src/normalizers/tmdb.normalizer.js:normalizeTmdbCandidate","normalizeTmdbCandidate","src/normalizers/tmdb.normalizer.js",48,64,true,"export function normalizeTmdbCandidate(raw, defaultMediaType = 'tv') {   const tmdbId = normalizeId(raw?.id);   if (tmdbId === null) return null;   const mediaType = str(raw?.media_type) ?? defaultMediaType;   return {     tmdbId,     mediaType: mediaType === 'movie' ? 'movie' : 'tv',     title: str(raw?.name) ?? str(raw?.title),     originalTitle: str(raw?.original_name) ?? str(raw?.original_title),     year: extractYear(raw?.first_air_date ?? raw?.release_date),     popularity: numberOrNull(raw?.popularity),     images: {       poster: tmdbImageUrl(raw?.poster_path, 'w500'),       backdrop: tmdbImageUrl(raw?.backdrop_path, 'original'),     },   }; }","Normalize a raw TMDB search-result entry (TV or movie) into a candidate. Returns null for unusable entries (missing id) - never fabricates. @param {unknown} raw @param {'tv'|'movie'} [defaultMediaType='tv'] Search endpoints do not set media_type, so the searched kind is used. @returns {TmdbCandidate | null}",""
"Function:src/normalizers/tmdb.normalizer.js:normalizeTmdbCandidates","normalizeTmdbCandidates","src/normalizers/tmdb.normalizer.js",73,78,true,"export function normalizeTmdbCandidates(raw, defaultMediaType = 'tv') {   const results = Array.isArray(raw?.results) ? raw.results : [];   return results     .map((entry) => normalizeTmdbCandidate(entry, defaultMediaType))     .filter(Boolean); }","Normalize an array of raw TMDB search results into candidates, dropping unusable entries. @param {unknown} raw Raw TMDB search payload ({ results: [...] }). @param {'tv'|'movie'} [defaultMediaType='tv'] @returns {TmdbCandidate[]}",""
"Function:src/normalizers/tmdb.normalizer.js:normalizeTmdbVisual","normalizeTmdbVisual","src/normalizers/tmdb.normalizer.js",85,99,true,"export function normalizeTmdbVisual(candidate) {   return {     resolved: true,     tmdbId: candidate.tmdbId,     mediaType: candidate.mediaType,     images: {       // Both come from the actual TMDB backdrop path - a poster is never       // turned into a fake backdrop/banner.       backdrop: candidate.images.backdrop,       banner: candidate.images.backdrop,     },     poster: candidate.images.poster,     reason: null,   }; }","Build a resolved visual-enrichment result from a selected candidate. @param {TmdbCandidate} candidate @returns {TmdbVisualResult}",""
"Function:src/normalizers/tmdb.normalizer.js:createUnresolvedTmdbVisual","createUnresolvedTmdbVisual","src/normalizers/tmdb.normalizer.js",107,116,true,"export function createUnresolvedTmdbVisual(reason) {   return {     resolved: false,     tmdbId: null,     mediaType: null,     images: null,     poster: null,     reason: str(reason) ?? 'unresolved',   }; }","Build a VALID unresolved visual-enrichment result (no confident match / TMDB unavailable). This is not a provider failure and never fabricates visuals. @param {string} reason @returns {TmdbVisualResult}",""
"Function:src/normalizers/tmdb.normalizer.js:normalizeTmdbDetails","normalizeTmdbDetails","src/normalizers/tmdb.normalizer.js",125,139,true,"export function normalizeTmdbDetails(raw, mediaType = 'tv') {   const tmdbId = normalizeId(raw?.id);   if (tmdbId === null) return null;   return {     resolved: true,     tmdbId,     mediaType: mediaType === 'movie' ? 'movie' : 'tv',     images: {       backdrop: tmdbImageUrl(raw?.backdrop_path, 'original'),       banner: tmdbImageUrl(raw?.backdrop_path, 'original'),     },     poster: tmdbImageUrl(raw?.poster_path, 'w500'),     reason: null,   }; }","Normalize raw TMDB details into a visual result (used when details are fetched for a selected candidate instead of search results). @param {unknown} raw Raw TMDB details payload. @param {'tv'|'movie'} mediaType @returns {TmdbVisualResult | null}",""
"Function:src/middleware/request-id.js:requestId","requestId","src/middleware/request-id.js",15,26,true,"export function requestId() {   return (req, res, next) => {     const incoming = req.headers['x-request-id'];     const id = (typeof incoming === 'string' && incoming.trim()) || randomUUID();     req.id = id;     req.log = logger.child({ requestId: id });     res.setHeader('X-Request-Id', id);     next();   }; }","@returns {import('express').RequestHandler}",""
"Function:src/providers/http-client.js:httpRequest","httpRequest","src/providers/http-client.js",48,112,true,"export async function httpRequest(url, options = {}) {   const {     method = 'GET',     headers = {},     body = undefined,     timeoutMs = config.REQUEST_TIMEOUT_MS,     provider = 'http',     signal,   } = options;   const controller = new AbortController();   const timeout = setTimeout(() => controller.abort(), timeoutMs);   // Respect an externally-provided abort signal in addition to our timeout.   if (signal) {     if (signal.aborted) controller.abort();     else signal.addEventListener('abort', () => controller.abort(), { once: true });   }   const startedAt = Date.now();   try {     const response = await fetch(url, { method, headers, body, signal: controller.signal });     const latencyMs = Date.now() - startedAt;     logger.debug('provider.http', { provider, method, url, status: response.status, latencyMs });     if (response.status === 429) {       const retryAfter = Number(response.headers.get('retry-after'));       throw new RateLimitError(`${provider} rate limited`, {         provider,         retryAfterMs: Number.isFinite(retryAfter) ? retryAfter * 1000 : undefined,       });     }     const data = await parseBody(response);     if (!response.ok) {       throw new ProviderError(`${provider} responded with HTTP ${response.status}`, {         provider,         statusCode: 502,         details: { upstreamStatus: response.status },       });     }     return { status: response.status, ok: response.ok, headers: response.headers, data };   } catch (err) {     // Our own typed errors pass through unchanged.     if (err instanceof ProviderError || err instanceof RateLimitError || err instanceof TimeoutError) {       throw err;     }     // AbortController fires an AbortError on timeout/cancellation.     if (err && typeof err === 'object' && 'name' in err && err.name === 'AbortError') {       throw new TimeoutError(`${provider} request timed out after ${timeoutMs}ms`, {         provider,         cause: err instanceof Error ? err : undefined,       });     }     throw new ProviderError(`${provider} request failed`, {       provider,       cause: err instanceof Error ? err : undefined,     });   } finally {     clearTimeout(timeout);   } }","Perform an HTTP request and return a normalized response. Throws (never returns) on transport failure, timeout, 429, or a non-2xx status - callers decide how to react (e.g. fall back to stale cache). @param {string} url @param {HttpRequestOptions} [options] @returns {Promise<HttpResponse>}",""
"Function:src/providers/http-client.js:httpRequest.timeout@59:2","timeout","src/providers/http-client.js",59,59,true,"  const timeout = setTimeout(() => controller.abort(), timeoutMs);","",""
"Function:src/providers/http-client.js:parseBody","parseBody","src/providers/http-client.js",119,129,false,"async function parseBody(response) {   const contentType = response.headers.get('content-type') ?? '';   if (contentType.includes('application/json')) {     try {       return await response.json();     } catch {       return null;     }   }   return await response.text(); }","Parse a response body as JSON when the content type says so, otherwise text. @param {Response} response @returns {Promise<unknown>}",""
"Function:src/server.js:server","server","src/server.js",18,26,false,"const server = app.listen(config.PORT, config.HOST, () => {   logger.info('server.started', {     host: config.HOST,     port: config.PORT,     env: config.NODE_ENV,     pid: typeof process !== 'undefined' ? process.pid : undefined,   });   logger.debug('server.config', { config: getRedactedConfig() }); });","",""
"Function:src/server.js:shutdown","shutdown","src/server.js",33,41,false,"function shutdown(signal) {   logger.info('server.shutdown', { signal });   server.close(() => {     logger.info('server.closed', {});     process.exit(0);   });   // Safety net: force-exit if connections do not drain promptly.   setTimeout(() => process.exit(1), 10_000).unref(); }","Graceful shutdown: stop accepting new connections, then exit. Serverless platforms send SIGTERM before reclaiming an instance. @param {string} signal",""
"Function:tests/api-details.test.js:anilistKind","anilistKind","tests/api-details.test.js",33,40,false,"function anilistKind(query) {   if (query.includes('airingSchedules')) return 'schedule';   if (query.includes('recommendations')) return 'recommendations';   if (query.includes('relations')) return 'relations';   if (query.includes('Page(') && query.includes('media(')) return 'search';   if (query.includes('$idMal')) return 'byMal';   return 'byId'; }","@param {string} query",""
"Function:tests/api-details.test.js:anilistAnimeHandler","anilistAnimeHandler","tests/api-details.test.js",43,52,false,"function anilistAnimeHandler({ idMal = 456 } = {}) {   return (body) => {     if (anilistKind(body.query) !== 'byId') throw new Error(`expected byId, got: ${body.query}`);     // Respect the requested ID: unknown IDs are Media null (AniList 404 path).     if (body.variables.id !== 123) {       return { data: { Media: null } };     }     return { data: { Media: anilistMedia({ id: 123, idMal }) } };   }; }","AniList handler serving a full anime by ID (with optional idMal override).",""
"Function:tests/api-details.test.js:fn@91:84.jikan@95:4","jikan","tests/api-details.test.js",95,98,false,"    jikan: (url) => {       if (!url.includes('/anime/456/full')) throw new Error(`unexpected Jikan path: ${url}`);       return jikanAnime({ malId: 456, title: 'Test Anime' });     },","",""
"Function:tests/api-details.test.js:fn@125:82.jikan@129:4","jikan","tests/api-details.test.js",129,131,false,"    jikan: () => {       throw new Error('Jikan must NOT be called when no MAL mapping exists');     },","",""
"Function:tests/api-details.test.js:fn@149:89.tmdb@153:4","tmdb","tests/api-details.test.js",153,155,false,"    tmdb: () => {       throw new Error('TMDB must NOT be requested when unconfigured');     },","",""
"Function:tests/api-details.test.js:fn@174:87.anilist@176:33","anilist","tests/api-details.test.js",176,176,false,"  const mock = installApiMocks({ anilist: () => { throw new Error('must not be called'); } });","",""
"Function:tests/api-details.test.js:fn@207:92.anilist@209:33","anilist","tests/api-details.test.js",209,209,false,"  const mock = installApiMocks({ anilist: () => ({ status: 500, json: { error: 'boom' } }) });","",""
"Function:tests/api-details.test.js:fn@227:91.anilist@232:4","anilist","tests/api-details.test.js",232,235,false,"    anilist: (body) => {       if (failing) return { status: 500, json: { error: 'boom' } };       return anilistAnimeHandler({})(body);     },","",""
"Function:tests/api-details.test.js:fn@227:91.jikan@236:4","jikan","tests/api-details.test.js",236,236,false,"    jikan: (url) => (failing ? { status: 500, json: { error: 'boom' } } : jikanAnime({})),","",""
"Function:tests/api-details.test.js:fn@255:112.jikan@259:4","jikan","tests/api-details.test.js",259,259,false,"    jikan: () => jikanAnime({}),","",""
"Function:tests/api-details.test.js:fn@282:86.jikan@286:4","jikan","tests/api-details.test.js",286,286,false,"    jikan: () => jikanAnime({}),","",""
"Function:tests/api-episodes-jikan.test.js:anilistKind","anilistKind","tests/api-episodes-jikan.test.js",31,38,false,"function anilistKind(query) {   if (query.includes('airingSchedules')) return 'schedule';   if (query.includes('recommendations')) return 'recommendations';   if (query.includes('relations')) return 'relations';   if (query.includes('Page(') && query.includes('media(')) return 'search';   if (query.includes('$idMal')) return 'byMal';   return 'byId'; }","@param {string} query",""
"Function:tests/api-episodes-jikan.test.js:jikanHandlerFactory","jikanHandlerFactory","tests/api-episodes-jikan.test.js",41,49,false,"function jikanHandlerFactory() {   return (url) => {     if (url.includes('/anime/456/full')) return jikanAnime({ malId: 456 });     if (url.includes('/anime/456/episodes')) {       return jikanEpisodes([jikanEpisode({ malId: 456, number: 1 }), jikanEpisode({ malId: 456, number: 2, title: 'Episode 2' })]);     }     throw new Error(`unexpected Jikan path: ${url}`);   }; }","Jikan handler for anime/episodes paths keyed by MAL ID.",""
"Function:tests/api-episodes-jikan.test.js:fn@51:89.anilist@54:4","anilist","tests/api-episodes-jikan.test.js",54,57,false,"    anilist: (body) => {       if (anilistKind(body.query) !== 'byId') throw new Error(`expected byId, got: ${body.query}`);       return { data: { Media: anilistMedia({ id: 123, idMal: 456 }) } };     },","",""
"Function:tests/api-episodes-jikan.test.js:fn@89:88.anilist@92:4","anilist","tests/api-episodes-jikan.test.js",92,92,false,"    anilist: () => { throw new Error('must not be called'); },","",""
"Function:tests/api-episodes-jikan.test.js:fn@89:88.jikan@93:4","jikan","tests/api-episodes-jikan.test.js",93,93,false,"    jikan: () => { throw new Error('must not be called'); },","",""
"Function:tests/api-episodes-jikan.test.js:fn@111:88.anilist@114:4","anilist","tests/api-episodes-jikan.test.js",114,117,false,"    anilist: (body) => {       if (anilistKind(body.query) !== 'byId') throw new Error(`expected byId, got: ${body.query}`);       return { data: { Media: anilistMedia({ id: 321, idMal: null }) } };     },","",""
"Function:tests/api-episodes-jikan.test.js:fn@111:88.jikan@118:4","jikan","tests/api-episodes-jikan.test.js",118,118,false,"    jikan: () => { throw new Error('Jikan must NOT be called without a MAL mapping'); },","",""
"Function:tests/api-episodes-jikan.test.js:fn@162:98.jikan@164:33","jikan","tests/api-episodes-jikan.test.js",164,164,false,"  const mock = installApiMocks({ jikan: () => { throw new Error('must not be called'); } });","",""
"Function:tests/api-episodes-jikan.test.js:fn@180:93.anilist@183:4","anilist","tests/api-episodes-jikan.test.js",183,186,false,"    anilist: (body) => {       if (anilistKind(body.query) !== 'byId') throw new Error(`expected byId, got: ${body.query}`);       return { data: { Media: anilistMedia({ id: 123, idMal: 456 }) } };     },","",""
"Function:tests/api-episodes-jikan.test.js:fn@211:104.anilist@214:4","anilist","tests/api-episodes-jikan.test.js",214,217,false,"    anilist: (body) => {       if (anilistKind(body.query) !== 'byId') throw new Error(`expected byId, got: ${body.query}`);       return { data: { Media: anilistMedia({ id: 123, idMal: null }) } };     },","",""
"Function:tests/api-episodes-jikan.test.js:fn@211:104.jikan@218:4","jikan","tests/api-episodes-jikan.test.js",218,218,false,"    jikan: () => { throw new Error('Jikan must NOT be called when the mapping is unresolved'); },","",""
"Function:tests/api-episodes-jikan.test.js:fn@234:77.anilist@237:4","anilist","tests/api-episodes-jikan.test.js",237,237,false,"    anilist: () => { throw new Error('must not be called'); },","",""
"Function:tests/api-episodes-jikan.test.js:fn@234:77.jikan@238:4","jikan","tests/api-episodes-jikan.test.js",238,238,false,"    jikan: () => { throw new Error('must not be called'); },","",""
"Function:src/config/env.js:toNumber","toNumber","src/config/env.js",37,43,false,"const toNumber = (value) => {   const n = Number(value);   if (Number.isNaN(n)) {     throw new Error(`expected a number but received ""${value}""`);   }   return n; };","@typedef {Object} EnvVarSpec @property {boolean} [required] Fail startup if missing/empty. @property {string} [default] Value used when unset. @property {boolean} [secret] Redact value from any diagnostic output. @property {(raw: string) => unknown} [transform] Coerce the raw string value. @property {string} [description]",""
"Function:src/config/env.js:loadConfig","loadConfig","src/config/env.js",86,121,false,"function loadConfig() {   /** @type {Record<string, unknown>} */   const config = {};   /** @type {string[]} */   const errors = [];   for (const [key, spec] of Object.entries(schema)) {     const rawValue = rawEnv[key];     const hasValue = rawValue !== undefined && rawValue !== '';     if (!hasValue) {       if (spec.required) {         errors.push(`  - ${key} is required but was not set${spec.description ? ` (${spec.description})` : ''}`);         continue;       }       config[key] = spec.default !== undefined ? coerce(key, spec, spec.default, errors) : undefined;       continue;     }     config[key] = coerce(key, spec, rawValue, errors);   }   if (errors.length > 0) {     throw new Error(       'Invalid environment configuration:\n' +         errors.join('\n') +         '\n\nSee .env.example for the full list of supported variables.',     );   }   // Convenience booleans derived from NODE_ENV.   config.IS_PRODUCTION = config.NODE_ENV === 'production';   config.IS_TEST = config.NODE_ENV === 'test';   return Object.freeze(config); }","Build the validated config object from the schema. Collects ALL problems before throwing so the operator sees everything at once. @returns {Readonly<Record<string, unknown>>}",""
"Function:src/config/env.js:coerce","coerce","src/config/env.js",129,137,false,"function coerce(key, spec, value, errors) {   if (!spec.transform) return value;   try {     return spec.transform(value);   } catch (err) {     errors.push(`  - ${key}: ${err instanceof Error ? err.message : String(err)}`);     return undefined;   } }","@param {string} key @param {EnvVarSpec} spec @param {string} value @param {string[]} errors",""
"Function:src/config/env.js:getRedactedConfig","getRedactedConfig","src/config/env.js",149,155,true,"export function getRedactedConfig() {   const redacted = { ...config };   for (const [key, spec] of Object.entries(schema)) {     if (spec.secret && redacted[key]) redacted[key] = '***redacted***';   }   return redacted; }","Return a copy of the config with secret values redacted, suitable for logs. @returns {Record<string, unknown>}",""
"Function:src/controllers/search.controller.js:searchController","searchController","src/controllers/search.controller.js",18,30,true,"export const searchController = asyncHandler(async (req, res) => {   const page = await searchAnime(firstString(req.query.q, { label: 'q' }) ?? '', {     page: optionalInt(req.query.page, { min: 1, max: 500, label: 'page' }),     perPage: optionalInt(req.query.perPage, { min: 1, max: 50, label: 'perPage' }),     season: firstString(req.query.season, { label: 'season' }),     year: optionalInt(req.query.year, { min: 1960, max: 2200, label: 'year' }),     format: firstString(req.query.format, { label: 'format' }),     status: firstString(req.query.status, { label: 'status' }),     genre: firstString(req.query.genre, { label: 'genre' }),     sort: firstString(req.query.sort, { label: 'sort' }),   });   res.status(200).json(page); });","GET /api/search Query params: q (optional), page, perPage, season, year, format, status, genre, sort. All filter values are validated in the service (enums + bounds) before any provider request. @type {import('express').RequestHandler}",""
"Function:src/controllers/search.controller.js:topSearchController","topSearchController","src/controllers/search.controller.js",36,38,true,"export const topSearchController = asyncHandler(async (_req, res) => {   res.status(200).json(await getTopSearch()); });","GET /api/top-search @type {import('express').RequestHandler}",""
"Function:tests/api-home.test.js:anilistKind","anilistKind","tests/api-home.test.js",30,37,false,"function anilistKind(query) {   if (query.includes('airingSchedules')) return 'schedule';   if (query.includes('recommendations')) return 'recommendations';   if (query.includes('relations')) return 'relations';   if (query.includes('Page(') && query.includes('media(')) return 'search';   if (query.includes('$idMal')) return 'byMal';   return 'byId'; }","@param {string} query",""
"Function:tests/api-home.test.js:sectionHandler","sectionHandler","tests/api-home.test.js",40,47,false,"function sectionHandler({ media, failSorts = [] } = {}) {   return (body) => {     if (anilistKind(body.query) !== 'search') throw new Error(`home must only search, got: ${body.query}`);     const sort = body.variables.sort?.[0] ?? '';     if (failSorts.includes(sort)) return { status: 500, json: { error: 'boom' } };     return anilistPage([anilistMedia({ id: 100 + sort.length, idMal: 200 + sort.length, title: `Anime ${sort}` })]);   }; }","AniList handler returning a distinct page per section (by sort variable).",""
"Function:tests/api-home.test.js:fn@121:95.anilist@123:33","anilist","tests/api-home.test.js",123,123,false,"  const mock = installApiMocks({ anilist: () => ({ status: 500, json: { error: 'boom' } }) });","",""
"Function:tests/api-home.test.js:fn@138:88.anilist@143:4","anilist","tests/api-home.test.js",143,146,false,"    anilist: (body) => {       if (failing) return { status: 500, json: { error: 'boom' } };       return sectionHandler({})(body);     },","",""
"Function:tests/health.test.js:startTestServer","startTestServer","tests/health.test.js",20,29,false,"async function startTestServer() {   const app = createApp();   const server = app.listen(0);   await new Promise((resolve) => server.once('listening', resolve));   const { port } = server.address();   return {     baseUrl: `http://127.0.0.1:${port}`,     stop: () => new Promise((resolve) => server.close(resolve)),   }; }","Start the app on a random free port and return its base URL + a stop fn. @returns {Promise<{ baseUrl: string, stop: () => Promise<void> }>}",""
"Function:tests/health.test.js:startTestServer.stop@27:4","stop","tests/health.test.js",27,27,false,"    stop: () => new Promise((resolve) => server.close(resolve)),","",""
"Function:src/routes/index.js:registerRoutes","registerRoutes","src/routes/index.js",27,39,true,"export function registerRoutes(app) {   const api = Router();   api.use(healthRoutes); //    /health   api.use(homeRoutes); //      /home, /schedule   api.use(searchRoutes); //    /search, /top-search   api.use(animeRoutes); //     /details, /smart/details, /episodes, /recommendations, /seasons, /category   api.use(streamingRoutes); // /stream/resolve   api.use(jikanRoutes); //     /jikan/*   api.use(tmdbRoutes); //      /tmdb/:id   app.use(API_PREFIX, api); }","Attach all routers to the app under {@link API_PREFIX}. @param {import('express').Express} app",""
"Function:scripts/supabase-smoke.js:assertOk","assertOk","scripts/supabase-smoke.js",66,68,false,"function assertOk(condition, message) {   if (!condition) throw new Error(`assertion failed: ${message}`); }","Minimal assertion helpers (no test-runner dependency).",""
"Function:scripts/supabase-smoke.js:assertLike","assertLike","scripts/supabase-smoke.js",69,75,false,"function assertLike(actual, expected) {   for (const [key, value] of Object.entries(expected)) {     if (actual?.[key] !== value) {       throw new Error(`assertion failed: expected ${key}=${JSON.stringify(value)}, got ${JSON.stringify(actual?.[key])}`);     }   } }","",""
"Function:src/middleware/not-found.js:notFoundHandler","notFoundHandler","src/middleware/not-found.js",11,13,true,"export function notFoundHandler(req, _res, next) {   next(new NotFoundError(`Route not found: ${req.method} ${req.originalUrl}`)); }","@type {import('express').RequestHandler}",""
"Function:src/controllers/streaming.controller.js:streamResolveController","streamResolveController","src/controllers/streaming.controller.js",22,30,true,"export const streamResolveController = asyncHandler(async (req, res) => {   res.status(200).json(     await streamResolver.resolveStream({       anilistId: parseRequiredId(req.params.id, 'id'),       episode: req.query.episode,       language: req.query.language,     }),   ); });","GET /api/stream/resolve/:id?episode=1&language=sub @type {import('express').RequestHandler}",""
"Function:tests/tmdb-normalizer.test.js:makeCandidate","makeCandidate","tests/tmdb-normalizer.test.js",155,164,false,"const makeCandidate = (over = {}) => ({   tmdbId: 1,   mediaType: 'tv',   title: null,   originalTitle: null,   year: null,   popularity: 0,   images: { poster: null, backdrop: null },   ...over, });","",""
"Function:tests/megaplay-provider.test.js:makeProvider","makeProvider","tests/megaplay-provider.test.js",21,23,false,"function makeProvider() {   return new MegaplayProvider(); }","A fresh provider instance per test (stateless, request-scoped anyway).",""
"Function:tests/megaplay-provider.test.js:fn@25:75.mock@27:2","mock","tests/megaplay-provider.test.js",27,27,false,"  const mock = installMockFetch(() => jsonResponse({ success: true, sources: [{ url: 'https://cdn.example/v.mp4' }] }));","",""
"Function:tests/megaplay-provider.test.js:fn@41:67.mock@43:2","mock","tests/megaplay-provider.test.js",43,43,false,"  const mock = installMockFetch(() => jsonResponse({ success: true, sources: [] }));","",""
"Function:tests/megaplay-provider.test.js:fn@55:72.mock@57:2","mock","tests/megaplay-provider.test.js",57,57,false,"  const mock = installMockFetch(() => jsonResponse({ sources: [] }));","",""
"Function:tests/megaplay-provider.test.js:fn@66:62.mock@68:2","mock","tests/megaplay-provider.test.js",68,68,false,"  const mock = installMockFetch(() => { throw new Error('must not be called'); });","",""
"Function:tests/megaplay-provider.test.js:fn@82:85.mock@84:2","mock","tests/megaplay-provider.test.js",84,84,false,"  const mock = installMockFetch(() => jsonResponse({ error: 'Not Found' }, 404));","",""
"Function:tests/megaplay-provider.test.js:fn@100:35.mock@102:2","mock","tests/megaplay-provider.test.js",102,102,false,"  const mock = installMockFetch(() => jsonResponse({}, 429));","",""
"Function:tests/megaplay-provider.test.js:fn@110:74.mock@112:2","mock","tests/megaplay-provider.test.js",112,112,false,"  const mock = installMockFetch(() => jsonResponse({ error: 'server error' }, 500));","",""
"Function:tests/megaplay-provider.test.js:fn@127:41.mock@129:2","mock","tests/megaplay-provider.test.js",129,129,false,"  const mock = installMockFetch(() => { throw new Error('ECONNREFUSED'); });","",""
"Function:tests/megaplay-provider.test.js:fn@137:57.mock@139:2","mock","tests/megaplay-provider.test.js",139,142,false,"  const mock = installMockFetch(async () => {     await new Promise((resolve) => setTimeout(resolve, 1000));     return jsonResponse({ sources: [] });   });","",""
"Function:tests/megaplay-provider.test.js:fn@150:71.mock@152:2","mock","tests/megaplay-provider.test.js",152,156,false,"  const mock = installMockFetch(() => ({     status: 200,     body: '<not-json{',     contentType: 'application/json',   }));","",""
"Function:src/utils/async-handler.js:asyncHandler","asyncHandler","src/utils/async-handler.js",13,17,true,"export function asyncHandler(handler) {   return (req, res, next) => {     Promise.resolve(handler(req, res, next)).catch(next);   }; }","Wraps an async Express handler so rejected promises are forwarded to `next(err)` and handled by the centralized error handler. Without this, an unhandled rejection inside an `async` route handler would hang the request instead of producing a proper error response. Usage: router.get('/x', asyncHandler(async (req, res) => { ... })); @param {(req: import('express').Request, res: import('express').Response, next: import('express').NextFunction) => Promise<unknown>} handler @returns {import('express').RequestHandler}",""
"Function:tests/tmdb-service.test.js:buildDeps","buildDeps","tests/tmdb-service.test.js",31,36,false,"function buildDeps({ apiKey = 'test-key', timeoutMs } = {}) {   return {     provider: new TmdbProvider({ apiKey, timeoutMs }),     cache: cacheManager, // shared singleton; keys are namespaced per anilistId   }; }","Build a configured provider + fresh cache for isolation.",""
"Function:tests/tmdb-service.test.js:searchPayload","searchPayload","tests/tmdb-service.test.js",38,52,false,"const searchPayload = (overrides = []) => ({   page: 1,   results: [     {       id: 789,       name: 'One Punch Man',       original_name: 'ワンパンマン',       first_air_date: '2015-10-04',       popularity: 250,       poster_path: '/poster.jpg',       backdrop_path: '/backdrop.jpg',     },     ...overrides,   ], });","",""
"Function:tests/tmdb-service.test.js:fn@54:72.mock@55:2","mock","tests/tmdb-service.test.js",55,55,false,"  const mock = installMockFetch(() => jsonResponse(searchPayload()));","",""
"Function:tests/tmdb-service.test.js:fn@69:67.mock@70:2","mock","tests/tmdb-service.test.js",70,70,false,"  const mock = installMockFetch(() => jsonResponse(searchPayload()));","",""
"Function:tests/tmdb-service.test.js:fn@87:63.mock@88:2","mock","tests/tmdb-service.test.js",88,88,false,"  const mock = installMockFetch(() => jsonResponse({ error: 'boom' }, 500));","",""
"Function:tests/tmdb-service.test.js:fn@100:70.mock@105:2","mock","tests/tmdb-service.test.js",105,105,false,"  const mock = installMockFetch(() => jsonResponse({ error: 'boom' }, 500));","",""
"Function:tests/tmdb-service.test.js:fn@116:84.mock@117:2","mock","tests/tmdb-service.test.js",117,117,false,"  const mock = installMockFetch(() => jsonResponse({ page: 1, results: [{ id: 999, name: 'Unrelated Show', first_air_date: '1990-01-01' }] }));","",""
"Function:tests/tmdb-service.test.js:fn@133:86.mock@134:2","mock","tests/tmdb-service.test.js",134,134,false,"  const mock = installMockFetch(() => jsonResponse(searchPayload()));","",""
"Function:tests/tmdb-service.test.js:fn@152:71.mock@153:2","mock","tests/tmdb-service.test.js",153,153,false,"  const mock = installMockFetch(() => jsonResponse(searchPayload()));","",""
"Function:tests/tmdb-service.test.js:fn@170:82.mock@171:2","mock","tests/tmdb-service.test.js",171,171,false,"  const mock = installMockFetch(() => jsonResponse({ error: 'boom' }, 500));","",""
"Function:src/services/top-search.service.js:getTopSearch","getTopSearch","src/services/top-search.service.js",19,22,true,"export async function getTopSearch() {   const page = await searchAnime('', { perPage: SUGGESTION_COUNT, sort: ['POPULARITY_DESC'] });   return page.results; }","Top search suggestions (normalized anime cards, popularity-ranked). @returns {Promise<Array>}",""
"Function:tests/helpers/test-server.js:anilistRequestBody","anilistRequestBody","tests/helpers/test-server.js",27,29,true,"export function anilistRequestBody(call) {   return JSON.parse(String(call.init.body ?? '{}')); }","Parse the AniList GraphQL body from a mock fetch call. @param {{ url: string, init: RequestInit, method: string }} call @returns {{ query: string, variables: Record<string, unknown> }}",""
"Function:tests/helpers/test-server.js:startTestServer","startTestServer","tests/helpers/test-server.js",35,45,true,"export async function startTestServer() {   const { createApp } = await import('../../src/app.js');   const app = createApp();   const server = app.listen(0);   await new Promise((resolve) => server.once('listening', resolve));   const { port } = server.address();   return {     baseUrl: `http://127.0.0.1:${port}`,     stop: () => new Promise((resolve) => server.close(resolve)),   }; }","Start the app on a random free port and return its base URL + a stop fn. @returns {Promise<{ baseUrl: string, stop: () => Promise<void> }>}",""
"Function:tests/helpers/test-server.js:startTestServer.stop@43:4","stop","tests/helpers/test-server.js",43,43,true,"    stop: () => new Promise((resolve) => server.close(resolve)),","",""
"Function:tests/helpers/test-server.js:installApiMocks","installApiMocks","tests/helpers/test-server.js",60,128,true,"export function installApiMocks({ anilist, jikan, tmdb, megaplay } = {}) {   const original = globalThis.fetch;   /** @type {Array<object>} */   const calls = [];   const asResponse = async (result) => {     if (result instanceof Response) return result;     if (result && typeof result === 'object' && 'status' in result) {       const body = result.body !== undefined ? result.body : JSON.stringify(result.json ?? {});       return new Response(body, {         status: result.status,         headers: { 'content-type': result.contentType ?? 'application/json' },       });     }     // Bare object -> a successful JSON response body.     if (result && typeof result === 'object') {       return new Response(JSON.stringify(result), {         status: 200,         headers: { 'content-type': 'application/json' },       });     }     throw new Error('mock handler must return a Response or object');   };   globalThis.fetch = async (url, init = {}) => {     const call = { url: String(url), init, method: init.method ?? 'GET' };     // Pass through the test's own HTTP requests to the local app server.     if (call.url.includes('127.0.0.1') || call.url.includes('localhost')) {       return original(url, init);     }     calls.push(call);     if (call.url.includes('graphql.anilist.co')) {       if (!anilist) throw new Error(`unexpected AniList request: ${call.url}`);       return asResponse(await anilist(anilistRequestBody(call), call));     }     if (call.url.includes('api.jikan.moe')) {       if (!jikan) throw new Error(`unexpected Jikan request: ${call.url}`);       return asResponse(await jikan(call.url, call));     }     if (call.url.includes('api.themoviedb.org')) {       if (!tmdb) throw new Error(`unexpected TMDB request: ${call.url}`);       return asResponse(await tmdb(call.url, call));     }     if (call.url.includes('megaplay')) {       if (!megaplay) throw new Error(`unexpected MegaPlay request: ${call.url}`);       return asResponse(await megaplay(call.url, call));     }     throw new Error(`unexpected fetch to non-provider host: ${call.url}`);   };   return {     calls,     /** All AniList calls (parsed bodies included). */     anilistCalls: () =>       calls         .filter((c) => c.url.includes('graphql.anilist.co'))         .map((c) => ({ ...c, body: anilistRequestBody(c) })),     /** All Jikan call URLs. */     jikanCalls: () => calls.filter((c) => c.url.includes('api.jikan.moe')).map((c) => c.url),     /** All TMDB call URLs. */     tmdbCalls: () => calls.filter((c) => c.url.includes('api.themoviedb.org')).map((c) => c.url),     /** MegaPlay must NEVER be called in Phase 7. */     megaplayCalls: () => calls.filter((c) => c.url.includes('megaplay')),     restore: () => {       globalThis.fetch = original;     },   }; }","Install a mock fetch routed by provider host. Every registered provider host MUST have a handler; any other request fails the test loudly so no unexpected network call slips through (e.g. accidental MegaPlay usage). @param {object} handlers @param {(body: { query: string, variables: Record<string, unknown> }, call: object) => Promise<Response | object> | Response | object} [handlers.anilist] Return a real Response or a descriptor { status, json }. @param {(url: string, call: object) => Promise<Response | object> | Response | object} [handlers.jikan] @param {(url: string, call: object) => Promise<Response | object> | Response | object} [handlers.tmdb] @param {(url: string, call: object) => Promise<Response | object> | Response | object} [handlers.megaplay] @returns {{ calls: Array<object>, restore: () => void }}",""
"Function:tests/helpers/test-server.js:installApiMocks.asResponse@65:2","asResponse","tests/helpers/test-server.js",65,82,true,"  const asResponse = async (result) => {     if (result instanceof Response) return result;     if (result && typeof result === 'object' && 'status' in result) {       const body = result.body !== undefined ? result.body : JSON.stringify(result.json ?? {});       return new Response(body, {         status: result.status,         headers: { 'content-type': result.contentType ?? 'application/json' },       });     }     // Bare object -> a successful JSON response body.     if (result && typeof result === 'object') {       return new Response(JSON.stringify(result), {         status: 200,         headers: { 'content-type': 'application/json' },       });     }     throw new Error('mock handler must return a Response or object');   };","",""
"Function:tests/helpers/test-server.js:installApiMocks.anilistCalls@114:4","anilistCalls","tests/helpers/test-server.js",114,117,true,"    anilistCalls: () =>       calls         .filter((c) => c.url.includes('graphql.anilist.co'))         .map((c) => ({ ...c, body: anilistRequestBody(c) })),","All AniList calls (parsed bodies included).",""
"Function:tests/helpers/test-server.js:installApiMocks.jikanCalls@119:4","jikanCalls","tests/helpers/test-server.js",119,119,true,"    jikanCalls: () => calls.filter((c) => c.url.includes('api.jikan.moe')).map((c) => c.url),","All Jikan call URLs.",""
"Function:tests/helpers/test-server.js:installApiMocks.tmdbCalls@121:4","tmdbCalls","tests/helpers/test-server.js",121,121,true,"    tmdbCalls: () => calls.filter((c) => c.url.includes('api.themoviedb.org')).map((c) => c.url),","All TMDB call URLs.",""
"Function:tests/helpers/test-server.js:installApiMocks.megaplayCalls@123:4","megaplayCalls","tests/helpers/test-server.js",123,123,true,"    megaplayCalls: () => calls.filter((c) => c.url.includes('megaplay')),","MegaPlay must NEVER be called in Phase 7.",""
"Function:tests/helpers/test-server.js:installApiMocks.restore@124:4","restore","tests/helpers/test-server.js",124,126,true,"    restore: () => {       globalThis.fetch = original;     },","",""
"Function:tests/helpers/test-server.js:resetL1Cache","resetL1Cache","tests/helpers/test-server.js",131,133,true,"export function resetL1Cache() {   return cacheManager.l1.clear(); }","Clear the L1 memory cache between tests (module-level shared state).",""
"Function:tests/helpers/test-server.js:expireL1Entry","expireL1Entry","tests/helpers/test-server.js",140,147,true,"export function expireL1Entry(key) {   const entry = cacheManager.l1._map.get(key);   if (!entry) throw new Error(`no L1 cache entry for key: ${key}`);   cacheManager.l1._map.set(key, {     ...entry,     expiresAt: Date.now() - 1000,   }); }","Expire an L1 cache entry WITHOUT deleting it (retained for stale-if-error). Lets endpoint tests exercise the stale path without waiting out real TTLs. @param {string} key",""
"Function:tests/helpers/test-server.js:anilistMedia","anilistMedia","tests/helpers/test-server.js",155,179,true,"export function anilistMedia({ id = 123, idMal = 456, title = 'Test Anime', bannerImage = null, coverImage = null, format = 'TV', extra = {} } = {}) {   return {     id,     idMal,     title: { romaji: title, english: `${title} EN`, native: 'テスト', userPreferred: title },     description: '<p>A <b>test</b> anime & more.</p>',     coverImage: { extraLarge: coverImage, large: coverImage, medium: coverImage },     bannerImage,     type: 'ANIME',     format,     status: 'FINISHED',     episodes: 12,     duration: 24,     season: 'WINTER',     seasonYear: 2023,     genres: ['Action', 'Adventure'],     synonyms: [`${title} Alt`],     startDate: { year: 2023, month: 1, day: 10 },     endDate: { year: 2023, month: 3, day: 28 },     averageScore: 85,     popularity: 100000,     studios: { nodes: [{ name: 'Test Studio' }] },     ...extra,   }; }","Raw AniList Media fixture. @param {{ id?: number, idMal?: number|null, title?: string, bannerImage?: string|null, coverImage?: string|null, format?: string, extra?: object }} [options]",""
"Function:tests/helpers/test-server.js:anilistPage","anilistPage","tests/helpers/test-server.js",185,187,true,"export function anilistPage(media = [], pageInfo = { total: media.length, currentPage: 1, lastPage: 1, hasNextPage: false, perPage: 20 }) {   return { data: { Page: { pageInfo, media } } }; }","Raw AniList Page (search/seasonal) fixture. @param {object[]} [media] @param {object} [pageInfo]",""
"Function:tests/helpers/test-server.js:jikanAnime","jikanAnime","tests/helpers/test-server.js",193,220,true,"export function jikanAnime({ malId = 456, title = 'Test Anime', extra = {} } = {}) {   return {     data: {       mal_id: malId,       title,       title_english: `${title} EN`,       title_japanese: 'テスト',       images: { jpg: { image_url: 'https://cdn.jikan.moe/img.jpg', large_image_url: 'https://cdn.jikan.moe/img_l.jpg', small_image_url: 'https://cdn.jikan.moe/img_s.jpg' }, webp: {} },       synopsis: 'A test synopsis.',       background: null,       genres: [{ mal_id: 1, name: 'Action' }],       studios: [{ mal_id: 5, name: 'Test Studio' }],       producers: [],       score: 8.5,       rank: 100,       members: 90000,       favorites: 1000,       aired: { from: '2023-01-10T00:00:00+00:00', to: '2023-03-28T00:00:00+00:00', prop: { from: { year: 2023, month: 1, day: 10 }, to: { year: 2023, month: 3, day: 28 } }, string: 'Jan 10, 2023 to Mar 28, 2023' },       season: 'winter',       year: 2023,       type: 'TV',       status: 'Finished Airing',       episodes: 12,       duration: '24 min per ep',       ...extra,     },   }; }","Raw Jikan anime fixture ({ data: {...} } wrapper). @param {{ malId?: number, title?: string, extra?: object }} [options]",""
"Function:tests/helpers/test-server.js:jikanEpisodes","jikanEpisodes","tests/helpers/test-server.js",226,228,true,"export function jikanEpisodes(episodes = [], pageInfo = { last_visible_page: 1, has_next_page: false, current_page: 1, items: { count: episodes.length, total: episodes.length, per_page: 100 } }) {   return { status: 200, json: { pagination: pageInfo, data: episodes } }; }","Raw Jikan episodes HTTP body ({ pagination, data: [...] }). @param {object[]} [episodes] @param {object} [pageInfo]",""
"Function:tests/helpers/test-server.js:jikanEpisode","jikanEpisode","tests/helpers/test-server.js",234,236,true,"export function jikanEpisode({ malId = 456, number = 1, title = 'Episode 1' } = {}) {   return { mal_id: malId, number, title, title_japanese: '第1話', title_romanji: 'Dai 1 Wa', aired: '2023-01-10T00:00:00+00:00', score: 8, filler: false, recap: false, forum_url: null, url: null }; }","Raw Jikan episode entry. @param {{ malId?: number, number?: number, title?: string }} [options]",""
"Function:tests/helpers/test-server.js:tmdbSearchResults","tmdbSearchResults","tests/helpers/test-server.js",242,244,true,"export function tmdbSearchResults(results = []) {   return { status: 200, json: { page: 1, results, total_pages: 1, total_results: results.length } }; }","Raw TMDB search fixture ({ results: [...] }). @param {object[]} [results]",""
"Function:tests/helpers/test-server.js:tmdbTvCandidate","tmdbTvCandidate","tests/helpers/test-server.js",250,252,true,"export function tmdbTvCandidate({ id = 789, name = 'Test Anime', originalName = name, firstAirDate = '2023-01-10', backdropPath = '/backdrop.jpg', popularity = 50 } = {}) {   return { id, name, original_name: originalName, first_air_date: firstAirDate, backdrop_path: backdropPath, poster_path: '/poster.jpg', popularity }; }","Raw TMDB TV candidate. @param {{ id?: number, name?: string, originalName?: string, firstAirDate?: string, backdropPath?: string|null, popularity?: number }} [options]",""
"Function:src/controllers/jikan.controller.js:jikanAnimeController","jikanAnimeController","src/controllers/jikan.controller.js",20,24,true,"export const jikanAnimeController = asyncHandler(async (req, res) => {   // Response preserves the Jikan SECONDARY namespace: malId only - never   // converted into `id`/`anilistId`.   res.status(200).json(await getAnimeByMalId(parseRequiredId(req.params.malId, 'malId'))); });","GET /api/jikan/anime/:malId @type {import('express').RequestHandler}",""
"Function:src/controllers/jikan.controller.js:jikanFromAnilistController","jikanFromAnilistController","src/controllers/jikan.controller.js",33,43,true,"export const jikanFromAnilistController = asyncHandler(async (req, res) => {   const anilistId = parseRequiredId(req.params.id, 'id');   const identity = await identityResolver.resolveAniListToMal(anilistId);   if (!identity.resolved || identity.malId === null) {     throw new NotFoundError(`No MAL mapping exists for AniList ID ${anilistId}`, {       anilistId,       unresolved: true,     });   }   res.status(200).json(await getAnimeByMalId(identity.malId)); });","GET /api/jikan/from-anilist/:id Pipeline: AniList ID -> IdentityResolver -> MAL ID -> Jikan. No Jikan search by title, no fuzzy matching. A missing mapping is a 404 (unresolved) per the existing API error convention. @type {import('express').RequestHandler}",""
"Function:src/identity/id-types.js:normalizeId","normalizeId","src/identity/id-types.js",27,32,true,"export function normalizeId(value) {   if (value === null || value === undefined || value === '') return null;   const n = typeof value === 'number' ? value : Number(String(value).trim());   if (!Number.isInteger(n) || n <= 0) return null;   return n; }","Coerce an input into a positive integer ID, or return null if it is not a valid ID. Accepts numbers and numeric strings; rejects everything else. @param {unknown} value @returns {number | null}",""
"Function:src/identity/id-types.js:parseRequiredId","parseRequiredId","src/identity/id-types.js",41,47,true,"export function parseRequiredId(value, label = 'id') {   const id = normalizeId(value);   if (id === null) {     throw new ValidationError(`Invalid ${label}: expected a positive integer`, { received: value });   }   return id; }","Parse a required ID from untrusted input (e.g. a route param), throwing a ValidationError when it is missing/invalid. @param {unknown} value @param {string} [label='id'] Used in the error message. @returns {number}",""
"Function:src/identity/id-types.js:createAnimeIdentity","createAnimeIdentity","src/identity/id-types.js",64,77,true,"export function createAnimeIdentity({ anilistId, malId } = {}) {   const normalizedAnilist = normalizeId(anilistId);   const normalizedMal = normalizeId(malId);   if (normalizedAnilist === null && normalizedMal === null) {     throw new ValidationError('Cannot build an anime identity without an AniList ID or a MAL ID');   }   return {     id: normalizedAnilist, // AniList is the primary identity; never a MAL ID.     anilistId: normalizedAnilist,     malId: normalizedMal,   }; }","Build a normalized identity object WITHOUT guessing. At least one of the two IDs must be provided. `id` mirrors the AniList ID (primary identity); it is never populated from a MAL ID. @param {{ anilistId?: unknown, malId?: unknown }} input @returns {AnimeIdentity}",""
"Function:src/identity/id-types.js:parseIdentityType","parseIdentityType","src/identity/id-types.js",106,114,true,"export function parseIdentityType(type) {   if (type !== ID_TYPES.ANILIST && type !== ID_TYPES.MAL) {     throw new ValidationError(       'Unknown identity type: expected ""anilist"" or ""mal"" (a bare number is ambiguous and not accepted)',       { received: type },     );   }   return type; }","Validate an identity-type input for the generic resolver. Only 'anilist' and 'mal' are accepted - the namespace must always be explicit. @param {unknown} type @returns {IdentityType} @throws {ValidationError} for unknown/missing types.",""
"Function:src/identity/id-types.js:createIdentityResult","createIdentityResult","src/identity/id-types.js",128,144,true,"export function createIdentityResult({ anilistId, malId } = {}) {   const normalizedAnilist = normalizeId(anilistId);   const normalizedMal = normalizeId(malId);   if (normalizedAnilist === null && normalizedMal === null) {     throw new ValidationError('Cannot build an identity result without an AniList ID or a MAL ID');   }   const resolved = normalizedMal !== null && normalizedAnilist !== null;   return {     anilistId: normalizedAnilist,     malId: normalizedMal,     source: resolved ? 'anilist' : null,     confidence: resolved ? 'provider' : null,     resolved,   }; }","Build an explicit, normalized IdentityResult WITHOUT guessing. - AniList ID and MAL ID remain separate namespaces; neither is derived from the other, and equal numeric values are not treated as evidence of a relationship (namespace determines meaning, not numeric equality). - `resolved` is true only when an actual mapping exists (both IDs present). - Unresolved results carry source/confidence null - never a guessed mapping. @param {{ anilistId?: unknown, malId?: unknown }} input @returns {IdentityResult} @throws {ValidationError} when neither ID is present.",""
"Function:tests/stream-resolver.test.js:rawStream","rawStream","tests/stream-resolver.test.js",35,37,false,"function rawStream(url = STREAM_URL, urlUsed = 'https://megaplay.buzz/stream/ani/123/1/sub') {   return { data: { success: true, sources: [{ url, quality: '1080p' }] }, url: urlUsed }; }","Valid raw MegaPlay payload (as the provider would return).",""
"Function:tests/stream-resolver.test.js:fakeMegaplay","fakeMegaplay","tests/stream-resolver.test.js",40,55,false,"function fakeMegaplay({ anilist, mal } = {}) {   const calls = [];   return {     calls,     anilistCalls: () => calls.filter((c) => c.kind === 'anilist'),     malCalls: () => calls.filter((c) => c.kind === 'mal'),     async resolveByAnilistId(id, options) {       calls.push({ kind: 'anilist', id, options });       return anilist(id, options);     },     async resolveByMalId(id, options) {       calls.push({ kind: 'mal', id, options });       return mal(id, options);     },   }; }","Fake MegaPlay provider recording both id-kind lookups separately.",""
"Function:tests/stream-resolver.test.js:fakeMegaplay.anilistCalls@44:4","anilistCalls","tests/stream-resolver.test.js",44,44,false,"    anilistCalls: () => calls.filter((c) => c.kind === 'anilist'),","",""
"Function:tests/stream-resolver.test.js:fakeMegaplay.malCalls@45:4","malCalls","tests/stream-resolver.test.js",45,45,false,"    malCalls: () => calls.filter((c) => c.kind === 'mal'),","",""
"Function:tests/stream-resolver.test.js:fakeIdentity","fakeIdentity","tests/stream-resolver.test.js",58,67,false,"function fakeIdentity(mapping = {}) {   const calls = [];   return {     calls,     async resolveAniListToMal(anilistId) {       calls.push(anilistId);       return createIdentityResult({ anilistId, malId: mapping[anilistId] ?? null });     },   }; }","Fake IdentityResolver (mapping: anilistId -> malId|null).",""
"Function:tests/stream-resolver.test.js:makeResolver","makeResolver","tests/stream-resolver.test.js",70,76,false,"function makeResolver({ megaplay, identity, cache } = {}) {   return new StreamResolver({     megaplay,     identity,     cache: cache ?? new CacheManager({ l1: new MemoryStore() }),   }); }","A resolver with a fresh L1-only cache (L2 unconfigured, like a cold start).",""
"Function:tests/stream-resolver.test.js:fakeL2","fakeL2","tests/stream-resolver.test.js",79,104,false,"function fakeL2() {   const map = new Map();   return {     name: 'fake-l2',     map,     isConfigured: () => true,     async get(key) {       return map.get(key) ?? null;     },     async set(key, value, ttlSeconds) {       map.set(key, {         value,         storedAt: Date.now(),         expiresAt: Date.now() + ttlSeconds * 1000,         ttlSeconds,         staleUntil: Date.now() + (ttlSeconds + 86_400) * 1000,       });     },     async delete(key) {       map.delete(key);     },     async clear() {       map.clear();     },   }; }","Fake configured L2 store for promotion tests.",""
"Function:tests/stream-resolver.test.js:fakeL2.isConfigured@84:4","isConfigured","tests/stream-resolver.test.js",84,84,false,"    isConfigured: () => true,","",""
"Function:tests/stream-resolver.test.js:expireL1","expireL1","tests/stream-resolver.test.js",107,111,false,"function expireL1(cache, key) {   const entry = cache.l1._map.get(key);   if (!entry) throw new Error(`no L1 entry for ${key}`);   cache.l1._map.set(key, { ...entry, expiresAt: Date.now() - 1000 }); }","Expire an L1 entry WITHOUT deleting it (retained for stale-if-error).",""
"Function:tests/stream-resolver.test.js:fullyExpireL1","fullyExpireL1","tests/stream-resolver.test.js",114,118,false,"function fullyExpireL1(cache, key) {   const entry = cache.l1._map.get(key);   if (!entry) throw new Error(`no L1 entry for ${key}`);   cache.l1._map.set(key, { ...entry, expiresAt: Date.now() - 1000, staleUntil: Date.now() - 500 }); }","Fully expire an L1 entry (past its stale window too).",""
"Function:tests/stream-resolver.test.js:fn@122:92.anilist@123:28","anilist","tests/stream-resolver.test.js",123,123,false,"  const mp = fakeMegaplay({ anilist: () => rawStream() });","",""
"Function:tests/stream-resolver.test.js:fn@146:75.anilist@147:28","anilist","tests/stream-resolver.test.js",147,147,false,"  const mp = fakeMegaplay({ anilist: () => rawStream('https://cdn.example/dub.mp4', 'https://megaplay.buzz/stream/ani/123/2/dub') });","",""
"Function:tests/stream-resolver.test.js:fn@160:109.anilist@162:4","anilist","tests/stream-resolver.test.js",162,162,false,"    anilist: () => ({ data: { success: true, sources: [] }, url: 'https://megaplay.buzz/stream/ani/123/1/sub' }),","",""
"Function:tests/stream-resolver.test.js:fn@160:109.mal@163:4","mal","tests/stream-resolver.test.js",163,163,false,"    mal: () => rawStream('https://cdn.example/mal.mp4', 'https://megaplay.buzz/stream/mal/456/1/sub'),","",""
"Function:tests/stream-resolver.test.js:fn@183:86.anilist@185:4","anilist","tests/stream-resolver.test.js",185,185,false,"    anilist: () => { throw new ProviderError('megaplay responded with HTTP 404', { provider: 'megaplay', details: { upstreamStatus: 404 } }); },","",""
"Function:tests/stream-resolver.test.js:fn@183:86.mal@186:4","mal","tests/stream-resolver.test.js",186,186,false,"    mal: () => rawStream(),","",""
"Function:tests/stream-resolver.test.js:fn@198:79.anilist@200:4","anilist","tests/stream-resolver.test.js",200,200,false,"    anilist: () => ({ data: { success: true, sources: [] }, url: 'https://megaplay.buzz/stream/ani/123/1/sub' }),","",""
"Function:tests/stream-resolver.test.js:fn@198:79.mal@201:4","mal","tests/stream-resolver.test.js",201,201,false,"    mal: () => { throw new Error('MAL endpoint must NOT be attempted without a mapping'); },","",""
"Function:tests/stream-resolver.test.js:fn@223:77.anilist@225:4","anilist","tests/stream-resolver.test.js",225,225,false,"    anilist: () => rawStream(),","",""
"Function:tests/stream-resolver.test.js:fn@223:77.mal@226:4","mal","tests/stream-resolver.test.js",226,226,false,"    mal: () => rawStream('https://cdn.example/mal.mp4', 'https://megaplay.buzz/stream/mal/456/1/sub'),","",""
"Function:tests/stream-resolver.test.js:fn@247:104.anilist@249:4","anilist","tests/stream-resolver.test.js",249,249,false,"    anilist: () => { throw new TimeoutError('megaplay request timed out', { provider: 'megaplay' }); },","",""
"Function:tests/stream-resolver.test.js:fn@247:104.mal@250:4","mal","tests/stream-resolver.test.js",250,250,false,"    mal: () => { throw new Error('must not be called'); },","",""
"Function:tests/stream-resolver.test.js:fn@260:60.anilist@262:4","anilist","tests/stream-resolver.test.js",262,262,false,"    anilist: () => { throw new RateLimitError('megaplay rate limited', { provider: 'megaplay' }); },","",""
"Function:tests/stream-resolver.test.js:fn@272:92.anilist@274:4","anilist","tests/stream-resolver.test.js",274,274,false,"    anilist: () => { throw new ProviderError('megaplay responded with HTTP 500', { provider: 'megaplay', details: { upstreamStatus: 500 } }); },","",""
"Function:tests/stream-resolver.test.js:fn@284:69.anilist@286:4","anilist","tests/stream-resolver.test.js",286,286,false,"    anilist: () => { throw new ProviderError('megaplay request failed', { provider: 'megaplay' }); },","",""
"Function:tests/stream-resolver.test.js:fn@294:95.anilist@296:4","anilist","tests/stream-resolver.test.js",296,296,false,"    anilist: () => ({ data: null, url: 'https://megaplay.buzz/stream/ani/123/1/sub' }),","",""
"Function:tests/stream-resolver.test.js:fn@294:95.mal@297:4","mal","tests/stream-resolver.test.js",297,297,false,"    mal: () => rawStream(),","",""
"Function:tests/stream-resolver.test.js:fn@307:69.anilist@309:4","anilist","tests/stream-resolver.test.js",309,309,false,"    anilist: () => ({ data: '', url: 'https://megaplay.buzz/stream/ani/123/1/sub' }),","",""
"Function:tests/stream-resolver.test.js:fn@307:69.mal@310:4","mal","tests/stream-resolver.test.js",310,310,false,"    mal: () => rawStream(),","",""
"Function:tests/stream-resolver.test.js:fn@319:90.anilist@321:4","anilist","tests/stream-resolver.test.js",321,321,false,"    anilist: () => ({ data: { success: true, sources: [] }, url: 'https://megaplay.buzz/stream/ani/123/1/sub' }),","",""
"Function:tests/stream-resolver.test.js:fn@319:90.mal@322:4","mal","tests/stream-resolver.test.js",322,322,false,"    mal: () => { throw new TimeoutError('megaplay request timed out', { provider: 'megaplay' }); },","",""
"Function:tests/stream-resolver.test.js:fn@331:86.anilist@333:28","anilist","tests/stream-resolver.test.js",333,333,false,"  const mp = fakeMegaplay({ anilist: () => rawStream() });","",""
"Function:tests/stream-resolver.test.js:fn@345:75.anilist@346:28","anilist","tests/stream-resolver.test.js",346,346,false,"  const mp = fakeMegaplay({ anilist: () => rawStream() });","",""
"Function:tests/stream-resolver.test.js:fn@356:90.anilist@359:4","anilist","tests/stream-resolver.test.js",359,359,false,"    anilist: () => ({ data: { success: true, sources: [] }, url: 'https://megaplay.buzz/stream/ani/123/1/sub' }),","",""
"Function:tests/stream-resolver.test.js:fn@356:90.mal@360:4","mal","tests/stream-resolver.test.js",360,360,false,"    mal: () => rawStream(),","",""
"Function:tests/stream-resolver.test.js:fn@375:78.anilist@377:4","anilist","tests/stream-resolver.test.js",377,377,false,"    anilist: () => ({ data: { success: true, sources: [] }, url: 'https://megaplay.buzz/stream/ani/123/1/sub' }),","",""
"Function:tests/stream-resolver.test.js:fn@375:78.mal@378:4","mal","tests/stream-resolver.test.js",378,378,false,"    mal: () => rawStream(),","",""
"Function:tests/stream-resolver.test.js:fn@389:62.anilist@392:28","anilist","tests/stream-resolver.test.js",392,392,false,"  const mp = fakeMegaplay({ anilist: () => rawStream() });","",""
"Function:tests/stream-resolver.test.js:fn@407:62.anilist@408:28","anilist","tests/stream-resolver.test.js",408,408,false,"  const mp = fakeMegaplay({ anilist: () => rawStream() });","",""
"Function:tests/stream-resolver.test.js:fn@417:73.anilist@419:28","anilist","tests/stream-resolver.test.js",419,419,false,"  const mp = fakeMegaplay({ anilist: () => rawStream() });","",""
"Function:tests/stream-resolver.test.js:fn@435:75.anilist@437:28","anilist","tests/stream-resolver.test.js",437,437,false,"  const mp = fakeMegaplay({ anilist: () => rawStream() });","",""
"Function:tests/stream-resolver.test.js:fn@448:79.anilist@450:28","anilist","tests/stream-resolver.test.js",450,450,false,"  const mp = fakeMegaplay({ anilist: () => ({ data: { broken: true }, url: 'https://megaplay.buzz/stream/ani/123/1/sub' }) });","",""
"Function:tests/stream-resolver.test.js:fn@461:69.anilist@464:4","anilist","tests/stream-resolver.test.js",464,464,false,"    anilist: () => { throw new ProviderError('megaplay is down', { provider: 'megaplay' }); },","",""
"Function:tests/stream-resolver.test.js:fn@473:59.anilist@474:28","anilist","tests/stream-resolver.test.js",474,474,false,"  const mp = fakeMegaplay({ anilist: () => rawStream() });","",""
"Function:tests/stream-resolver.test.js:fn@484:69.anilist@487:28","anilist","tests/stream-resolver.test.js",487,487,false,"  const mp = fakeMegaplay({ anilist: () => ({ data: { sources: [{ url: STREAM_URL }], expiresAt: soon }, url: 'https://megaplay.buzz/stream/ani/123/1/sub' }) });","",""
"Function:tests/stream-resolver.test.js:fn@499:70.anilist@501:4","anilist","tests/stream-resolver.test.js",501,504,false,"    anilist: async () => {       await new Promise((resolve) => setTimeout(resolve, 20));       return rawStream();     },","",""
"Function:tests/stream-resolver.test.js:fn@520:90.anilist@521:28","anilist","tests/stream-resolver.test.js",521,521,false,"  const mp = fakeMegaplay({ anilist: () => { throw new Error('must not be called'); } });","",""
"Function:tests/stream-resolver.test.js:fn@534:58.anilist@535:28","anilist","tests/stream-resolver.test.js",535,535,false,"  const mp = fakeMegaplay({ anilist: () => rawStream() });","",""
"Function:tests/stream-resolver.test.js:fn@542:71.anilist@543:28","anilist","tests/stream-resolver.test.js",543,543,false,"  const mp = fakeMegaplay({ anilist: () => { throw new Error('must not be called'); } });","",""
"Function:tests/stream-resolver.test.js:fn@556:87.anilist@557:28","anilist","tests/stream-resolver.test.js",557,557,false,"  const mp = fakeMegaplay({ anilist: () => { throw new Error('must not be called'); } });","",""
"Function:tests/stream-resolver.test.js:fn@569:95.anilist@576:4","anilist","tests/stream-resolver.test.js",576,576,false,"    anilist: () => ({ data: { sources: [{ url: 'https://cdn.example/one.mp4' }, { url: 'https://cdn.example/two.mp4' }] }, url: 'https://megaplay.buzz/stream/ani/123/1/sub' }),","",""
"Function:tests/stream-resolver.test.js:fn@569:95.mal@577:4","mal","tests/stream-resolver.test.js",577,577,false,"    mal: () => rawStream('https://cdn.example/mal.mp4'),","",""
"Function:src/normalizers/anime.merge.js:isCanonicalAnime","isCanonicalAnime","src/normalizers/anime.merge.js",48,59,false,"function isCanonicalAnime(value) {   return Boolean(     value &&       typeof value === 'object' &&       Number.isInteger(value.anilistId) &&       value.anilistId > 0 &&       value.title &&       typeof value.title === 'object' &&       value.images &&       typeof value.images === 'object',   ); }","Validate that the input is a real canonical anime (has an AniList identity). @param {unknown} value @returns {boolean}",""
"Function:src/normalizers/anime.merge.js:isJikanNormalized","isJikanNormalized","src/normalizers/anime.merge.js",66,78,false,"function isJikanNormalized(value) {   return Boolean(     value &&       typeof value === 'object' &&       Number.isInteger(value.malId) &&       value.malId > 0 &&       value.title &&       typeof value.title === 'object' &&       value.images &&       typeof value.images === 'object' &&       value.source?.jikan === true,   ); }","Validate that the input is normalized Jikan data (has a trusted malId). @param {unknown} value @returns {boolean}",""
"Function:src/normalizers/anime.merge.js:fillScalar","fillScalar","src/normalizers/anime.merge.js",88,90,false,"function fillScalar(current, incoming) {   return current === null || current === undefined ? (incoming ?? null) : current; }","Fill a scalar only when the current value is null/undefined (never overwrite). Returns the current value otherwise. @template T @param {T | null | undefined} current @param {T | null | undefined} incoming @returns {T | null | undefined}",""
"Function:src/normalizers/anime.merge.js:fillArray","fillArray","src/normalizers/anime.merge.js",99,101,false,"function fillArray(current, incoming) {   return Array.isArray(current) && current.length > 0 ? current : Array.isArray(incoming) ? incoming : []; }","Fill an array only when the current array is empty (never overwrite). @template T @param {T[]} current @param {T[]} incoming @returns {T[]}",""
"Function:src/normalizers/anime.merge.js:mergeJikanIntoCanonical","mergeJikanIntoCanonical","src/normalizers/anime.merge.js",111,183,true,"export function mergeJikanIntoCanonical(canonical, jikan) {   if (!isCanonicalAnime(canonical)) {     throw new ValidationError(       'mergeJikanIntoCanonical requires a canonical anime with a valid AniList identity',     );   }   if (!isJikanNormalized(jikan)) {     throw new ValidationError('mergeJikanIntoCanonical requires normalized Jikan data with a valid malId');   }   return {     // AniList identity ALWAYS wins - untouched by Jikan.     id: canonical.id,     anilistId: canonical.anilistId,     // Jikan fills malId only when the canonical object doesn't know it yet.     malId: canonical.malId ?? jikan.malId,     // AniList is primary for titles; Jikan fills only missing variants.     title: {       romaji: canonical.title.romaji,       english: canonical.title.english ?? jikan.title.english,       native: canonical.title.native ?? jikan.title.japanese,       userPreferred: canonical.title.userPreferred, // never overwritten     },     description: canonical.description ?? jikan.synopsis,     // AniList primary for images; banner is NEVER filled from Jikan.     images: {       poster: canonical.images.poster ?? jikan.images.poster,       cover: canonical.images.cover ?? jikan.images.poster,       banner: canonical.images.banner,     },     // AniList primary; Jikan fills only null fields.     type: fillScalar(canonical.type, jikan.type),     format: fillScalar(canonical.format, jikan.type),     status: fillScalar(canonical.status, jikan.status),     episodes: canonical.episodes ?? jikan.episodes,     // Duration is NOT filled from Jikan's formatted string; it lives in     // enrichment (canonical duration is numeric minutes from AniList).     duration: canonical.duration,     season: fillScalar(canonical.season, jikan.season),     seasonYear: canonical.seasonYear ?? jikan.year,     // AniList's lists win unless empty.     genres: fillArray(canonical.genres, jikan.genres),     studios: fillArray(canonical.studios, jikan.studios),     synonyms: fillArray(canonical.synonyms, jikan.title.synonyms),     // Dates remain AniList's (Jikan's full ISO strings live in enrichment).     startDate: canonical.startDate,     endDate: canonical.endDate,     // Scores/popularity are AniList-scale; Jikan's values live in enrichment.     averageScore: canonical.averageScore,     popularity: canonical.popularity,     // Relations are AniList-only.     relations: canonical.relations,     // Provenance: record that Jikan enriched this object.     source: {       anilist: canonical.source?.anilist ?? false,       jikan: true,       tmdb: canonical.source?.tmdb ?? false,     },     // Jikan-only enrichment, namespaced so nothing silently overwrites     // AniList's primary fields. Any other enrichment (e.g. tmdb) is preserved.     enrichment: { ...canonical.enrichment, jikan },   }; }","Enrich a canonical anime with normalized Jikan data. @param {CanonicalAnime} canonical @param {JikanAnime} jikan @returns {CanonicalAnime} @throws {ValidationError} for unusable inputs (never silently coerced).",""
"Function:src/normalizers/anime.merge.js:mergeTmdbIntoCanonical","mergeTmdbIntoCanonical","src/normalizers/anime.merge.js",216,246,true,"export function mergeTmdbIntoCanonical(canonical, tmdbVisual) {   if (!isCanonicalAnime(canonical)) {     throw new ValidationError(       'mergeTmdbIntoCanonical requires a canonical anime with a valid AniList identity',     );   }   // Unresolved/no-match: no TMDB visual is attached - never forced.   if (!tmdbVisual || tmdbVisual.resolved !== true) {     return { ...canonical };   }   if (!Number.isInteger(tmdbVisual.tmdbId) || tmdbVisual.tmdbId <= 0) {     throw new ValidationError('mergeTmdbIntoCanonical requires a valid tmdbId on a resolved visual result');   }   return {     ...canonical,     // Banner: AniList wins; TMDB fills only when AniList has none.     images: {       ...canonical.images,       banner: canonical.images.banner ?? tmdbVisual.images?.banner ?? null,     },     source: { ...canonical.source, tmdb: true },     // TMDB-only namespace: identity stays completely isolated.     enrichment: {       ...canonical.enrichment,       tmdb: { tmdbId: tmdbVisual.tmdbId, mediaType: tmdbVisual.mediaType ?? null },     },   }; }","Enrich a canonical anime with TMDB visuals. PRECEDENCE RULES (TMDB enriches visuals; it NEVER establishes identity): TMDB must NEVER overwrite: - id, anilistId, malId (identity untouched - TMDB IDs are a completely separate namespace) - any title variant, description, format, status, episodes, duration, season/seasonYear, genres, studios, relations, dates, AniList averageScore/popularity - Jikan enrichment (enrichment.jikan preserved as-is) Banner precedence (explicit): AniList genuine bannerImage -> always wins TMDB backdrop/banner -> fills only when AniList banner is null null -> otherwise A poster is NEVER turned into a banner/backdrop. TMDB identity storage: the tmdbId lives ONLY in the namespaced enrichment.tmdb ({ tmdbId, mediaType }) - never in id/anilistId/malId. Pure function: returns a NEW canonical object, never mutates inputs. For an unresolved visual result, an unchanged copy is returned (existing AniList/Jikan data remains fully intact). @param {CanonicalAnime} canonical @param {import('./tmdb.types.js').TmdbVisualResult | null | undefined} tmdbVisual @returns {CanonicalAnime} @throws {ValidationError} for an unusable canonical input.",""
"Function:src/services/schedule.service.js:requireEpoch","requireEpoch","src/services/schedule.service.js",28,34,false,"function requireEpoch(value, label) {   const n = Number(value);   if (!Number.isInteger(n) || n < 0) {     throw new ValidationError(`Invalid ${label}: expected a non-negative integer (epoch seconds)`, { received: value });   }   return n * 1000; }","@param {unknown} value @param {string} label",""
"Function:src/services/schedule.service.js:getAiringSchedule","getAiringSchedule","src/services/schedule.service.js",43,82,true,"export async function getAiringSchedule({ from, to, page = 1 } = {}) {   if (!Number.isInteger(page) || page < 1) {     throw new ValidationError('Invalid page: must be a positive integer', { received: page });   }   const now = Date.now();   // Defaults quantized to UTC day boundaries: deterministic within a day, so   // the cache key is stable across requests in the same day (still covering   // the next 7 days from the start of today).   const startOfToday = Math.floor(now / DAY_MS) * DAY_MS;   const fromMs = from !== undefined ? requireEpoch(from, 'from') : startOfToday;   const toMs = to !== undefined ? requireEpoch(to, 'to') : startOfToday + DEFAULT_WINDOW_MS + DAY_MS;   if (toMs < fromMs) {     throw new ValidationError('Invalid schedule window: ""to"" must be >= ""from""', { from, to });   }   const key = `api:schedule:${fromMs}:${toMs}:p${page}`;   return cacheManager.getOrLoad(     key,     async () => {       const raw = await anilistProvider.getAiringSchedule({         page,         from: Math.floor(fromMs / 1000),         to: Math.floor(toMs / 1000),       });       return {         window: { from: fromMs, to: toMs },         pageInfo:           raw.pageInfo && typeof raw.pageInfo === 'object'             ? { hasNextPage: raw.pageInfo.hasNextPage === true }             : null,         // Normalized airing entries (episode METADATA only - no stream URLs).         results: normalizeAnilistAiringSchedule(raw),       };     },     {       ttlSeconds: CACHE_TTL.MEDIUM,       isValid: (value) => Boolean(value && typeof value === 'object' && Array.isArray(value.results)),     },   ); }","Airing schedule for a time window. @param {{ from?: number, to?: number, page?: number }} [options] Epoch-second bounds (inclusive). @returns {Promise<object>} @throws {ValidationError} invalid bounds/page.",""
"Function:src/services/schedule.service.js:getAiringSchedule.isValid@79:6","isValid","src/services/schedule.service.js",79,79,true,"      isValid: (value) => Boolean(value && typeof value === 'object' && Array.isArray(value.results)),","",""
"Function:tests/jikan-provider.test.js:fn@29:72.mock@30:2","mock","tests/jikan-provider.test.js",30,30,false,"  const mock = installMockFetch(() => jsonResponse({ data: animeFixture }));","",""
"Function:tests/jikan-provider.test.js:fn@43:44.mock@44:2","mock","tests/jikan-provider.test.js",44,44,false,"  const mock = installMockFetch(() => jsonResponse({ data: animeFixture }));","",""
"Function:tests/jikan-provider.test.js:fn@54:71.mock@55:2","mock","tests/jikan-provider.test.js",55,55,false,"  const mock = installMockFetch(() => jsonResponse(searchPayload));","",""
"Function:tests/jikan-provider.test.js:fn@66:81.mock@67:2","mock","tests/jikan-provider.test.js",67,67,false,"  const mock = installMockFetch(() => jsonResponse({ data: animeFixture }));","",""
"Function:tests/jikan-provider.test.js:fn@77:104.mock@78:2","mock","tests/jikan-provider.test.js",78,78,false,"  const mock = installMockFetch(() => jsonResponse({ data: animeFixture }));","",""
"Function:tests/jikan-provider.test.js:fn@94:69.mock@95:2","mock","tests/jikan-provider.test.js",95,95,false,"  const mock = installMockFetch(() => jsonResponse(searchPayload));","",""
"Function:tests/jikan-provider.test.js:fn@109:45.mock@110:2","mock","tests/jikan-provider.test.js",110,112,false,"  const mock = installMockFetch(() =>     jsonResponse({ error: 'Anime not found' }, 404, { 'content-type': 'application/json' }),   );","",""
"Function:tests/jikan-provider.test.js:fn@121:49.mock@122:2","mock","tests/jikan-provider.test.js",122,122,false,"  const mock = installMockFetch(() => jsonResponse({}, 429, { 'retry-after': '1' }));","",""
"Function:tests/jikan-provider.test.js:fn@131:67.mock@132:2","mock","tests/jikan-provider.test.js",132,138,false,"  const mock = installMockFetch((call) => new Promise((_, reject) => {     call.init.signal.addEventListener('abort', () => {       const err = new Error('The operation was aborted');       err.name = 'AbortError';       reject(err);     });   }));","",""
"Function:tests/jikan-provider.test.js:fn@147:47.mock@148:2","mock","tests/jikan-provider.test.js",148,148,false,"  const mock = installMockFetch(() => jsonResponse({ error: 'boom' }, 500));","",""
"Function:tests/jikan-provider.test.js:fn@157:41.mock@158:2","mock","tests/jikan-provider.test.js",158,160,false,"  const mock = installMockFetch(() => {     throw new Error('getaddrinfo ENOTFOUND api.jikan.moe');   });","",""
"Function:tests/jikan-provider.test.js:fn@169:45.mock@170:2","mock","tests/jikan-provider.test.js",170,173,false,"  const mock = installMockFetch(() => new Response('not json at all', {     status: 200,     headers: { 'content-type': 'application/json' },   }));","",""
"Function:tests/jikan-provider.test.js:fn@182:75.mock@183:2","mock","tests/jikan-provider.test.js",183,183,false,"  const mock = installMockFetch(() => jsonResponse({ unexpected: 'shape' }));","",""
"Function:tests/jikan-provider.test.js:fn@192:67.mock@193:2","mock","tests/jikan-provider.test.js",193,193,false,"  const mock = installMockFetch(() => jsonResponse({ data: [animeFixture] }));","",""
"Function:tests/jikan-provider.test.js:fn@202:70.mock@203:2","mock","tests/jikan-provider.test.js",203,206,false,"  const mock = installMockFetch((call) => {     const id = Number(call.url.match(/\/anime\/(\d+)/)[1]);     return jsonResponse({ data: { mal_id: id } });   });","",""
"Function:src/normalizers/anime.normalizer.js:str","str","src/normalizers/anime.normalizer.js",29,31,false,"function str(value) {   return typeof value === 'string' && value.trim() !== '' ? value : null; }","String or null (empty/whitespace-only strings count as missing).",""
"Function:src/normalizers/anime.normalizer.js:positiveInt","positiveInt","src/normalizers/anime.normalizer.js",34,38,false,"function positiveInt(value) {   if (value === null || value === undefined || value === '') return null;   const n = Number(value);   return Number.isInteger(n) && n > 0 ? n : null; }","Positive integer or null.",""
"Function:src/normalizers/anime.normalizer.js:numberOrNull","numberOrNull","src/normalizers/anime.normalizer.js",41,45,false,"function numberOrNull(value) {   if (value === null || value === undefined || value === '') return null;   const n = Number(value);   return Number.isFinite(n) ? n : null; }","Finite number or null (scores can legitimately be 0).",""
"Function:src/normalizers/anime.normalizer.js:intOrNull","intOrNull","src/normalizers/anime.normalizer.js",48,52,false,"function intOrNull(value) {   if (value === null || value === undefined || value === '') return null;   const n = Number(value);   return Number.isInteger(n) && n >= 0 ? n : null; }","Integer or null (used for counts that can be large, e.g. popularity).",""
"Function:src/normalizers/anime.normalizer.js:strArray","strArray","src/normalizers/anime.normalizer.js",55,57,false,"function strArray(value) {   return Array.isArray(value) ? value.filter((v) => typeof v === 'string' && v.trim() !== '') : []; }","Array of non-empty strings, or [] for anything else.",""
"Function:src/normalizers/anime.normalizer.js:normalizeFuzzyDate","normalizeFuzzyDate","src/normalizers/anime.normalizer.js",65,74,false,"function normalizeFuzzyDate(raw) {   if (!raw || typeof raw !== 'object') return null;   const year = positiveInt(raw.year);   if (year === null) return null;   const month = positiveInt(raw.month);   if (month === null) return String(year);   const day = positiveInt(raw.day);   if (day === null) return `${year}-${String(month).padStart(2, '0')}`;   return `${year}-${String(month).padStart(2, '0')}-${String(day).padStart(2, '0')}`; }","Normalize an AniList FuzzyDate ({ year, month, day }) into an honest, non-fabricated string: ""YYYY-MM-DD"" (full), ""YYYY-MM"", ""YYYY"", or null. @param {unknown} raw @returns {string | null}",""
"Function:src/normalizers/anime.normalizer.js:normalizeAnilistTitle","normalizeAnilistTitle","src/normalizers/anime.normalizer.js",85,99,true,"export function normalizeAnilistTitle(raw) {   const empty = { romaji: null, english: null, native: null, userPreferred: null };   if (!raw || typeof raw !== 'object') return empty;   const title = {     romaji: str(raw.romaji),     english: str(raw.english),     native: str(raw.native),     userPreferred: str(raw.userPreferred),   };   if (title.userPreferred === null) {     title.userPreferred = title.english ?? title.romaji ?? title.native;   }   return title; }","Normalize AniList title variants, preserving all of them. When `userPreferred` is missing, fall back using existing AniList fields (english -> romaji -> native). No titles are invented. @param {unknown} raw @returns {{ romaji: string|null, english: string|null, native: string|null, userPreferred: string|null }}",""
"Function:src/normalizers/anime.normalizer.js:displayTitleFromRaw","displayTitleFromRaw","src/normalizers/anime.normalizer.js",107,110,true,"export function displayTitleFromRaw(raw) {   if (!raw || typeof raw !== 'object') return null;   return str(raw.userPreferred) ?? str(raw.english) ?? str(raw.romaji) ?? str(raw.native); }","Pick a single display title from a raw title object (fallback chain: userPreferred -> english -> romaji -> native -> null). Used for list cards. @param {unknown} raw @returns {string | null}",""
"Function:src/normalizers/anime.normalizer.js:normalizeAnilistImages","normalizeAnilistImages","src/normalizers/anime.normalizer.js",122,129,true,"export function normalizeAnilistImages(raw) {   const coverImage = raw && typeof raw === 'object' ? raw.coverImage : null;   return {     poster: str(coverImage?.extraLarge) ?? str(coverImage?.large) ?? str(coverImage?.medium),     cover: str(coverImage?.large) ?? str(coverImage?.medium),     banner: str(raw?.bannerImage),   }; }","Normalize AniList image data into the stable { poster, cover, banner } shape. - poster: best available cover art (extraLarge -> large -> medium). - cover: standard cover art (large -> medium). - banner: only AniList's genuine bannerImage; never a disguised poster. @param {unknown} raw @returns {{ poster: string|null, cover: string|null, banner: string|null }}",""
"Function:src/normalizers/anime.normalizer.js:normalizeAnilistRelation","normalizeAnilistRelation","src/normalizers/anime.normalizer.js",139,152,true,"export function normalizeAnilistRelation(node) {   const anilistId = normalizeId(node?.id);   if (anilistId === null) return null;   return {     relationType: str(node?.relationType),     id: anilistId,     anilistId,     malId: normalizeId(node?.idMal),     title: displayTitleFromRaw(node?.title),     type: str(node?.type),     format: str(node?.format),     images: { poster: str(node?.coverImage?.large) ?? str(node?.coverImage?.medium) },   }; }","Normalize a related-anime node into a minimal relation entry. Returns null for unusable nodes (missing id) - never fabricates. @param {unknown} node @returns {{ relationType: string|null, id: number, anilistId: number, malId: number|null, title: string|null, type: string|null, format: string|null, images: { poster: string|null } } | null}",""
"Function:src/normalizers/anime.normalizer.js:normalizeAnilistMediaCard","normalizeAnilistMediaCard","src/normalizers/anime.normalizer.js",159,175,true,"export function normalizeAnilistMediaCard(node) {   const anilistId = normalizeId(node?.id);   if (anilistId === null) return null;   return {     id: anilistId,     anilistId,     malId: normalizeId(node?.idMal),     title: displayTitleFromRaw(node?.title),     type: str(node?.type),     format: str(node?.format),     status: str(node?.status),     episodes: positiveInt(node?.episodes),     season: str(node?.season),     seasonYear: positiveInt(node?.seasonYear),     images: { poster: str(node?.coverImage?.large) ?? str(node?.coverImage?.medium) },   }; }","Normalize a minimal anime card (search/seasonal/recommendation results). @param {unknown} node @returns {{ id: number, anilistId: number, malId: number|null, title: string|null, type: string|null, format: string|null, status: string|null, episodes: number|null, season: string|null, seasonYear: number|null, images: { poster: string|null } } | null}",""
"Function:src/normalizers/anime.normalizer.js:normalizeAnilistPage","normalizeAnilistPage","src/normalizers/anime.normalizer.js",182,198,true,"export function normalizeAnilistPage(raw) {   if (!raw || typeof raw !== 'object' || Array.isArray(raw)) {     throw new ProviderError('AniList page payload is missing or malformed');   }   const pageInfo = raw.pageInfo && typeof raw.pageInfo === 'object' ? raw.pageInfo : {};   const media = Array.isArray(raw.media) ? raw.media : [];   return {     pageInfo: {       total: intOrNull(pageInfo.total),       currentPage: intOrNull(pageInfo.currentPage),       lastPage: intOrNull(pageInfo.lastPage),       hasNextPage: Boolean(pageInfo.hasNextPage),       perPage: intOrNull(pageInfo.perPage),     },     results: media.map((node) => normalizeAnilistMediaCard(node)).filter(Boolean),   }; }","Normalize an AniList Page payload (search/seasonal) into a stable page shape. @param {unknown} raw @returns {{ pageInfo: { total: number|null, currentPage: number|null, lastPage: number|null, hasNextPage: boolean, perPage: number|null }, results: Array<object> }}",""
"Function:src/normalizers/anime.normalizer.js:normalizeAnilistRecommendations","normalizeAnilistRecommendations","src/normalizers/anime.normalizer.js",205,214,true,"export function normalizeAnilistRecommendations(raw) {   const nodes = Array.isArray(raw?.nodes) ? raw.nodes : [];   return nodes     .map((node) => {       const card = normalizeAnilistMediaCard(node?.mediaRecommendation);       if (card === null) return null;       return { ...card, rating: numberOrNull(node?.rating) };     })     .filter(Boolean); }","Normalize an AniList recommendations payload (Media.recommendations). @param {unknown} raw @returns {Array<object & { rating: number|null }>}",""
"Function:src/normalizers/anime.normalizer.js:normalizeAnilistAiringSchedule","normalizeAnilistAiringSchedule","src/normalizers/anime.normalizer.js",221,241,true,"export function normalizeAnilistAiringSchedule(raw) {   const schedules = Array.isArray(raw?.airingSchedules) ? raw.airingSchedules : [];   return schedules     .map((node) => {       const airingAt = intOrNull(node?.airingAt);       const media = node?.media;       const anilistId = normalizeId(media?.id);       if (airingAt === null || anilistId === null) return null;       return {         airingAt,         episode: positiveInt(node?.episode),         anime: {           id: anilistId,           anilistId,           malId: normalizeId(media?.idMal),           title: displayTitleFromRaw(media?.title),         },       };     })     .filter(Boolean); }","Normalize an AniList airing-schedule payload (Page.airingSchedules). @param {unknown} raw @returns {Array<{ airingAt: number|null, episode: number|null, anime: { id: number, anilistId: number, malId: number|null, title: string|null } | null }>}",""
"Function:src/normalizers/anime.normalizer.js:createBaseAnime","createBaseAnime","src/normalizers/anime.normalizer.js",251,277,true,"export function createBaseAnime(ids) {   const identity = createAnimeIdentity(ids);   return {     ...identity,     title: { romaji: null, english: null, native: null, userPreferred: null },     description: null,     images: { poster: null, cover: null, banner: null },     type: null,     format: null,     status: null,     episodes: null,     duration: null,     season: null,     seasonYear: null,     genres: [],     studios: [],     synonyms: [],     startDate: null,     endDate: null,     averageScore: null,     popularity: null,     relations: [],     source: { anilist: false, jikan: false, tmdb: false },     // Namespaced enrichment from secondary providers (filled by merge layers).     enrichment: { jikan: null },   }; }","Build a canonical anime skeleton with a correct identity and empty content fields. Pure; later mappers/enrichment fill in the content fields. @param {{ anilistId?: unknown, malId?: unknown }} ids @returns {CanonicalAnime}",""
"Function:src/normalizers/anime.normalizer.js:normalizeAnilistAnime","normalizeAnilistAnime","src/normalizers/anime.normalizer.js",287,326,true,"export function normalizeAnilistAnime(raw) {   if (!raw || typeof raw !== 'object' || Array.isArray(raw)) {     throw new ProviderError('AniList media payload is missing or malformed');   }   const anilistId = normalizeId(raw.id);   if (anilistId === null) {     throw new ProviderError('AniList media payload is missing a valid id');   }   // Identity is built exclusively through the identity layer: id mirrors the   // AniList id; idMal maps to malId. A MAL ID NEVER becomes an anilistId.   const identity = createAnimeIdentity({ anilistId, malId: raw.idMal });   return {     ...identity,     title: normalizeAnilistTitle(raw.title),     description: raw.description == null ? null : cleanDescription(raw.description),     images: normalizeAnilistImages(raw),     type: str(raw.type),     format: str(raw.format),     status: str(raw.status),     episodes: positiveInt(raw.episodes),     duration: positiveInt(raw.duration),     season: str(raw.season),     seasonYear: positiveInt(raw.seasonYear),     genres: strArray(raw.genres),     studios: strArray(Array.isArray(raw.studios?.nodes) ? raw.studios.nodes.map((n) => n?.name) : null),     synonyms: strArray(raw.synonyms),     startDate: normalizeFuzzyDate(raw.startDate),     endDate: normalizeFuzzyDate(raw.endDate),     averageScore: numberOrNull(raw.averageScore),     popularity: intOrNull(raw.popularity),     relations: Array.isArray(raw.relations?.nodes)       ? raw.relations.nodes.map((node) => normalizeAnilistRelation(node)).filter(Boolean)       : [],     source: { anilist: true, jikan: false, tmdb: false },     // Namespaced enrichment from secondary providers (filled by merge layers).     enrichment: { jikan: null },   }; }","Normalize a raw AniList `Media` payload into the canonical anime object. @param {unknown} raw Raw AniList Media (from AnilistProvider). @returns {CanonicalAnime} @throws {ProviderError} when the payload itself is missing/malformed (missing id). Optional fields never cause a throw.",""
"Function:src/normalizers/anime.normalizer.js:jikanNameList","jikanNameList","src/normalizers/anime.normalizer.js",335,339,false,"function jikanNameList(value) {   return Array.isArray(value)     ? value.map((entry) => str(entry?.name)).filter((name) => name !== null)     : []; }","Normalize a Jikan name-list field ({ mal_id, name }[]) into string names. @param {unknown} value @returns {string[]}",""
"Function:src/normalizers/anime.normalizer.js:normalizeJikanImages","normalizeJikanImages","src/normalizers/anime.normalizer.js",350,358,true,"export function normalizeJikanImages(raw) {   const jpg = raw && typeof raw === 'object' ? raw.jpg : null;   const webp = raw && typeof raw === 'object' ? raw.webp : null;   return {     poster: str(webp?.large_image_url) ?? str(jpg?.large_image_url) ?? str(jpg?.image_url) ?? str(webp?.image_url),     large: str(jpg?.large_image_url) ?? str(webp?.large_image_url),     small: str(jpg?.small_image_url) ?? str(webp?.small_image_url),   }; }","Normalize Jikan image variants into a stable { poster, large, small } shape. - poster: best large cover art (webp large -> jpg large -> plain image_url). - large: standard large art (jpg large -> webp large). - small: small art (jpg small -> webp small). No banners are invented - TMDB handles banner enrichment later. @param {unknown} raw @returns {{ poster: string|null, large: string|null, small: string|null }}",""
"Function:src/normalizers/anime.normalizer.js:normalizeJikanTrailer","normalizeJikanTrailer","src/normalizers/anime.normalizer.js",366,375,true,"export function normalizeJikanTrailer(raw) {   if (!raw || typeof raw !== 'object') return null;   const trailer = {     youtubeId: str(raw.youtube_id),     url: str(raw.url),     embedUrl: str(raw.embed_url),   };   if (trailer.youtubeId === null && trailer.url === null && trailer.embedUrl === null) return null;   return trailer; }","Normalize Jikan trailer info. Returns null when no trailer data exists - YouTube URLs are never fabricated. @param {unknown} raw @returns {{ youtubeId: string|null, url: string|null, embedUrl: string|null } | null}",""
"Function:src/normalizers/anime.normalizer.js:normalizeJikanAired","normalizeJikanAired","src/normalizers/anime.normalizer.js",383,386,true,"export function normalizeJikanAired(raw) {   if (!raw || typeof raw !== 'object') return { from: null, to: null };   return { from: str(raw.from), to: str(raw.to) }; }","Normalize Jikan aired dates into { from, to } (ISO strings as provided, or null when missing). Partial dates stay honest - no fabrication. @param {unknown} raw @returns {{ from: string|null, to: string|null }}",""
"Function:src/normalizers/anime.normalizer.js:normalizeJikanAnime","normalizeJikanAnime","src/normalizers/anime.normalizer.js",406,450,true,"export function normalizeJikanAnime(raw) {   if (!raw || typeof raw !== 'object' || Array.isArray(raw)) {     throw new ProviderError('Jikan anime payload is missing or malformed');   }   const malId = normalizeId(raw.mal_id);   if (malId === null) {     throw new ProviderError('Jikan anime payload is missing a valid mal_id');   }   return {     malId,     title: {       default: str(raw.title),       english: str(raw.title_english),       japanese: str(raw.title_japanese),       synonyms: strArray(raw.title_synonyms),     },     type: str(raw.type),     sourceMaterial: str(raw.source),     episodes: positiveInt(raw.episodes),     status: str(raw.status),     airing: raw.airing === true,     aired: normalizeJikanAired(raw.aired),     duration: str(raw.duration),     rating: str(raw.rating),     score: numberOrNull(raw.score),     scoredBy: intOrNull(raw.scored_by),     rank: intOrNull(raw.rank),     popularity: intOrNull(raw.popularity),     members: intOrNull(raw.members),     favorites: intOrNull(raw.favorites),     synopsis: raw.synopsis == null ? null : cleanDescription(raw.synopsis),     background: raw.background == null ? null : cleanDescription(raw.background),     season: str(raw.season),     year: positiveInt(raw.year),     genres: jikanNameList(raw.genres),     themes: jikanNameList(raw.themes),     demographics: jikanNameList(raw.demographics),     studios: jikanNameList(raw.studios),     producers: jikanNameList(raw.producers),     images: normalizeJikanImages(raw.images),     trailer: normalizeJikanTrailer(raw.trailer),     source: { anilist: false, jikan: true, tmdb: false },   }; }","Normalize a raw Jikan anime payload (from JikanProvider) into a stable SECONDARY representation - richer MAL metadata for enrichment. Identity rules (CRITICAL): - Produces ONLY `malId` (from Jikan's `mal_id`). There is NO `id` and NO `anilistId` field in this shape - a MAL ID is never reinterpreted as an AniList ID, and no mapping is guessed from titles/URLs. - Full AniList <-> MAL resolution is the identity layer's job (later phase). Defensive guarantees (same as the AniList normalizer): missing optional fields become null/[] (never undefined, never a throw); only a malformed payload lacking a valid MAL identity throws (ProviderError). @param {unknown} raw Raw Jikan anime object (JikanProvider.getAnimeByMalId). @returns {import('./jikan.types.js').JikanAnime} @throws {ProviderError} when the payload is missing/has no valid mal_id.",""
"Function:src/normalizers/anime.normalizer.js:normalizeJikanMediaCard","normalizeJikanMediaCard","src/normalizers/anime.normalizer.js",457,479,true,"export function normalizeJikanMediaCard(node) {   const malId = normalizeId(node?.mal_id);   if (malId === null) return null;   return {     malId,     title: displayTitleFromRaw({       userPreferred: node?.title,       english: node?.title_english,       native: node?.title_japanese,     }),     type: str(node?.type),     episodes: positiveInt(node?.episodes),     status: str(node?.status),     season: str(node?.season),     year: positiveInt(node?.year),     images: {       poster: str(node?.images?.jpg?.large_image_url) ??         str(node?.images?.webp?.large_image_url) ??         str(node?.images?.jpg?.image_url) ??         str(node?.images?.webp?.image_url),     },   }; }","Normalize a lighter Jikan search-result card. Identity remains `malId` only. @param {unknown} node @returns {import('./jikan.types.js').JikanMediaCard | null}",""
"Function:src/normalizers/anime.normalizer.js:normalizeJikanPage","normalizeJikanPage","src/normalizers/anime.normalizer.js",488,510,true,"export function normalizeJikanPage(raw) {   if (!raw || typeof raw !== 'object' || Array.isArray(raw)) {     throw new ProviderError('Jikan page payload is missing or malformed');   }   const data = Array.isArray(raw.data) ? raw.data : null;   if (data === null) {     // A payload without a data array is malformed - the service must not cache     // it as a valid empty search result.     throw new ProviderError('Jikan page payload is missing data');   }   const pagination = raw.pagination && typeof raw.pagination === 'object' ? raw.pagination : {};   const items = pagination.items && typeof pagination.items === 'object' ? pagination.items : {};   return {     pageInfo: {       page: intOrNull(pagination.current_page),       lastPage: intOrNull(pagination.last_visible_page),       hasNextPage: pagination.has_next_page === true,       total: intOrNull(items.total),       perPage: intOrNull(items.per_page),     },     results: data.map((node) => normalizeJikanMediaCard(node)).filter(Boolean),   }; }","Normalize a raw Jikan search payload ({ pagination, data }) into a stable page shape consistent with the AniList page normalizer. @param {unknown} raw @returns {import('./jikan.types.js').JikanSearchPage} @throws {ProviderError} when the payload is missing/malformed.",""
"Function:src/normalizers/anime.normalizer.js:normalizeJikanEpisodes","normalizeJikanEpisodes","src/normalizers/anime.normalizer.js",525,559,true,"export function normalizeJikanEpisodes(raw, { page = 1 } = {}) {   if (!raw || typeof raw !== 'object' || Array.isArray(raw)) {     throw new ProviderError('Jikan episodes payload is missing or malformed');   }   const data = Array.isArray(raw.data) ? raw.data : null;   if (data === null) {     // A payload without a data array is malformed - never cache as valid empty.     throw new ProviderError('Jikan episodes payload is missing data');   }   const pagination = raw.pagination && typeof raw.pagination === 'object' ? raw.pagination : {};   const items = pagination.items && typeof pagination.items === 'object' ? pagination.items : {};   const perPage = intOrNull(items.per_page) ?? 100;   return {     pageInfo: {       page: intOrNull(pagination.current_page) ?? page,       lastPage: intOrNull(pagination.last_visible_page),       hasNextPage: pagination.has_next_page === true,       total: intOrNull(items.total),       perPage,     },     episodes: data       .map((entry, index) => ({         episode: (page - 1) * perPage + index + 1,         malId: normalizeId(entry?.mal_id),         title: str(entry?.title),         titleJapanese: str(entry?.title_japanese),         aired: str(entry?.aired),         score: numberOrNull(entry?.score),         filler: entry?.filler === true,         recap: entry?.recap === true,       }))       .filter((entry) => entry.title !== null || entry.malId !== null),   }; } ","Normalize a raw Jikan episode-list payload ({ pagination, data }) into a stable episode-metadata shape. Episode METADATA only - never stream URLs. The episode number is derived from the list position (Jikan returns episodes in order, `perPage` per page) - deterministic derivation, not fabrication. Entries without a title or id are dropped (never fabricated). @param {unknown} raw @param {{ page?: number }} [options] @returns {{ pageInfo: { page: number|null, lastPage: number|null, hasNextPage: boolean, total: number|null, perPage: number }, episodes: Array<{ episode: number, malId: number|null, title: string|null, titleJapanese: string|null, aired: string|null, score: number|null, filler: boolean, recap: boolean }> }} @throws {ProviderError} when the payload is missing/has no data array.",""
"Function:src/providers/megaplay/megaplay.queries.js:normalizeLanguage","normalizeLanguage","src/providers/megaplay/megaplay.queries.js",31,37,true,"export function normalizeLanguage(value, label = 'language') {   const lang = value === undefined || value === null || value === '' ? STREAM_LANGUAGES.SUB : value;   if (lang !== STREAM_LANGUAGES.SUB && lang !== STREAM_LANGUAGES.DUB) {     throw new ValidationError(`${label} must be ""sub"" or ""dub""`, { received: value });   }   return lang; }","Language path segment. Only the documented sub|dub values are accepted; a missing value falls back to the documented default ('sub'). @param {unknown} value @param {string} [label='language'] Used in the error message. @returns {'sub'|'dub'} @throws {ValidationError} for values outside the documented contract.",""
"Function:src/providers/megaplay/megaplay.queries.js:normalizeEpisode","normalizeEpisode","src/providers/megaplay/megaplay.queries.js",47,58,true,"export function normalizeEpisode(value, label = 'episode') {   const ep = normalizeId(value === undefined || value === null || value === '' ? 1 : value);   if (ep === null) {     throw new ValidationError(`${label} must be a positive integer`, { received: value });   }   if (ep > STREAM_LIMITS.MAX_EPISODE) {     throw new ValidationError(`${label} exceeds the maximum of ${STREAM_LIMITS.MAX_EPISODE}`, {       received: value,     });   }   return ep; }","Episode path segment: a positive integer bounded to a sensible maximum; a missing value falls back to episode 1. @param {unknown} value @param {string} [label='episode'] Used in the error message. @returns {number} @throws {ValidationError} for zero/negative/non-integer/excessive values.",""
"Function:src/providers/megaplay/megaplay.queries.js:buildStreamPath","buildStreamPath","src/providers/megaplay/megaplay.queries.js",69,80,false,"function buildStreamPath(kind, id, episode, language) {   const validId = normalizeId(id);   if (validId === null) {     throw new ValidationError(       `${kind === 'ani' ? 'anilistId' : 'malId'} must be a positive integer`,       { received: id },     );   }   const ep = normalizeEpisode(episode);   const lang = normalizeLanguage(language);   return `/stream/${kind}/${validId}/${ep}/${lang}`; }","@param {'ani'|'mal'} kind Documented endpoint kind ('ani' = AniList, 'mal' = MAL). @param {unknown} id @param {unknown} episode @param {unknown} language @returns {string} The documented MegaPlay path (no host - the host comes from config via BaseProvider). @throws {ValidationError} invalid id/episode/language.",""
"Function:src/providers/megaplay/megaplay.queries.js:buildAniListStreamUrl","buildAniListStreamUrl","src/providers/megaplay/megaplay.queries.js",90,92,true,"export function buildAniListStreamUrl(anilistId, episode = 1, language = STREAM_LANGUAGES.SUB) {   return buildStreamPath('ani', anilistId, episode, language); }","Documented MegaPlay AniList-ID stream path: /stream/ani/{id}/{ep}/{language}. @param {unknown} anilistId AniList ID (NOT a MAL ID - different namespaces). @param {unknown} [episode=1] @param {unknown} [language='sub'] @returns {string} @throws {ValidationError}",""
"Function:src/providers/megaplay/megaplay.queries.js:buildMalStreamUrl","buildMalStreamUrl","src/providers/megaplay/megaplay.queries.js",102,104,true,"export function buildMalStreamUrl(malId, episode = 1, language = STREAM_LANGUAGES.SUB) {   return buildStreamPath('mal', malId, episode, language); }","Documented MegaPlay MAL-ID stream path: /stream/mal/{id}/{ep}/{language}. @param {unknown} malId MAL ID (NOT an AniList ID - different namespaces). @param {unknown} [episode=1] @param {unknown} [language='sub'] @returns {string} @throws {ValidationError}",""
"Function:src/streaming/stream-resolver.js:streamCacheKey","streamCacheKey","src/streaming/stream-resolver.js",78,80,false,"function streamCacheKey(idType, id, episode, language) {   return `stream:megaplay:${idType}:${id}:episode:${episode}:language:${language}`; }","Namespace-safe cache keys (never a bare numeric id - namespaces collide). @param {'anilist'|'mal'} idType @param {number} id @param {number} episode @param {'sub'|'dub'} language @returns {string}",""
"Function:src/streaming/stream-resolver.js:isUpstreamNotFound","isUpstreamNotFound","src/streaming/stream-resolver.js",89,91,false,"function isUpstreamNotFound(err) {   return err instanceof ProviderError && /** @type {ProviderError} */ (err).details?.upstreamStatus === 404; }","A genuine MegaPlay 404 (no stream page for this id) is a not-found result that may trigger the MAL fallback. A timeout/429/500/network failure is an infrastructure outage and must remain a typed provider failure. @param {unknown} err @returns {boolean}",""
"Function:src/streaming/stream-resolver.js:parseExpiryMs","parseExpiryMs","src/streaming/stream-resolver.js",100,114,false,"function parseExpiryMs(value) {   if (value === null || value === undefined || value === '') return null;   if (typeof value === 'number' && Number.isFinite(value)) {     return value > 1e12 ? value : value * 1000;   }   if (typeof value === 'string') {     const asNumber = Number(value);     if (Number.isFinite(asNumber) && asNumber > 0) {       return asNumber > 1e12 ? asNumber : asNumber * 1000;     }     const parsed = Date.parse(value);     return Number.isNaN(parsed) ? null : parsed;   }   return null; }","Parse provider expiry metadata (if any) into epoch ms. Accepts ISO date strings or numeric epoch values (seconds or ms); returns null when absent or unparseable. @param {unknown} value @returns {number | null}",""
"Function:tests/anime-service.test.js:fn@32:72.mock@33:2","mock","tests/anime-service.test.js",33,33,false,"  const mock = installMockFetch(() => jsonResponse({ data: { Media: mediaFixture } }));","",""
"Function:tests/anime-service.test.js:fn@50:74.mock@51:2","mock","tests/anime-service.test.js",51,51,false,"  const mock = installMockFetch(() => jsonResponse({ data: { Media: mediaFixture } }));","",""
"Function:tests/anime-service.test.js:fn@63:69.mock@64:2","mock","tests/anime-service.test.js",64,64,false,"  const mock = installMockFetch(() => jsonResponse({ data: { Media: null } }));","",""
"Function:tests/anime-service.test.js:fn@75:68.mock@81:2","mock","tests/anime-service.test.js",81,81,false,"  const mock = installMockFetch(() => jsonResponse({ error: 'boom' }, 500));","",""
"Function:src/app.js:createApp","createApp","src/app.js",30,59,true,"export function createApp() {   const app = express();   // Behind CDNs/load balancers (Vercel/Cloudflare) so client IPs and protocol   // are read from proxy headers. Do not leak the framework fingerprint.   app.set('trust proxy', true);   app.disable('x-powered-by');   // CORS: the frontend (offanime.cc) is a separate origin calling this API.   const corsOrigin = config.CORS_ORIGIN === '*'     ? '*'     : String(config.CORS_ORIGIN).split(',').map((o) => o.trim()).filter(Boolean);   app.use(cors({ origin: corsOrigin }));   // JSON body parsing (bounded to avoid abuse). GET-only for now, but harmless.   app.use(express.json({ limit: '1mb' }));   // Observability: assign request id + per-request logger, then log completion.   app.use(requestId());   app.use(requestLogger());   // All feature routes live under /api (see routes/index.js).   registerRoutes(app);   // 404 for anything unmatched, then the centralized error handler LAST.   app.use(notFoundHandler);   app.use(errorHandler);   return app; }","Build a configured Express application. @returns {import('express').Express}",""
"Function:tests/anilist-provider.test.js:fn@25:72.mock@26:2","mock","tests/anilist-provider.test.js",26,26,false,"  const mock = installMockFetch(() => jsonResponse({ data: { Media: mediaFixture } }));","",""
"Function:tests/anilist-provider.test.js:fn@43:53.mock@44:2","mock","tests/anilist-provider.test.js",44,44,false,"  const mock = installMockFetch(() => jsonResponse({ data: { Media: mediaFixture } }));","",""
"Function:tests/anilist-provider.test.js:fn@57:69.mock@59:2","mock","tests/anilist-provider.test.js",59,59,false,"  const mock = installMockFetch(() => jsonResponse({ data: { Page: pageFixture } }));","",""
"Function:tests/anilist-provider.test.js:fn@76:62.mock@77:2","mock","tests/anilist-provider.test.js",77,77,false,"  const mock = installMockFetch(() => jsonResponse({ data: { Page: { media: [] } } }));","",""
"Function:tests/anilist-provider.test.js:fn@91:51.mock@92:2","mock","tests/anilist-provider.test.js",92,94,false,"  const mock = installMockFetch(() =>     jsonResponse({ errors: [{ message: 'Not Found.', status: 404 }] }, 404),   );","",""
"Function:tests/anilist-provider.test.js:fn@103:68.mock@104:2","mock","tests/anilist-provider.test.js",104,104,false,"  const mock = installMockFetch(() => jsonResponse({ data: { Media: null } }));","",""
"Function:tests/anilist-provider.test.js:fn@113:63.mock@114:2","mock","tests/anilist-provider.test.js",114,114,false,"  const mock = installMockFetch(() => jsonResponse({ data: {} }));","",""
"Function:tests/anilist-provider.test.js:fn@127:67.mock@128:2","mock","tests/anilist-provider.test.js",128,135,false,"  const mock = installMockFetch((call) => new Promise((_, reject) => {     // Simulate real fetch: rejects when the AbortController fires.     call.init.signal.addEventListener('abort', () => {       const err = new Error('The operation was aborted');       err.name = 'AbortError';       reject(err);     });   }));","",""
"Function:tests/anilist-provider.test.js:fn@144:49.mock@145:2","mock","tests/anilist-provider.test.js",145,145,false,"  const mock = installMockFetch(() => jsonResponse({}, 429, { 'retry-after': '2' }));","",""
"Function:tests/anilist-provider.test.js:fn@159:47.mock@160:2","mock","tests/anilist-provider.test.js",160,160,false,"  const mock = installMockFetch(() => jsonResponse({ error: 'boom' }, 500));","",""
"Function:tests/anilist-provider.test.js:fn@175:71.mock@176:2","mock","tests/anilist-provider.test.js",176,178,false,"  const mock = installMockFetch(() =>     jsonResponse({ errors: [{ message: 'Internal error', status: 500 }] }),   );","",""
"Function:tests/anilist-provider.test.js:fn@192:67.mock@193:2","mock","tests/anilist-provider.test.js",193,193,false,"  const mock = installMockFetch(() => jsonResponse({ unexpected: 'shape' }));","",""
"Function:tests/anilist-provider.test.js:fn@202:63.mock@203:2","mock","tests/anilist-provider.test.js",203,206,false,"  const mock = installMockFetch(() => new Response('not json at all', {     status: 200,     headers: { 'content-type': 'application/json' },   }));","",""
"Function:tests/anilist-provider.test.js:fn@215:70.mock@216:2","mock","tests/anilist-provider.test.js",216,218,false,"  const mock = installMockFetch((call, index) =>     jsonResponse({ data: { Media: { id: index } } }),   );","",""
"Function:tests/helpers/mock-fetch.js:installMockFetch","installMockFetch","tests/helpers/mock-fetch.js",29,54,true,"export function installMockFetch(handler) {   const original = globalThis.fetch;   /** @type {Array<{ url: string, init: RequestInit, method: string }>} */   const calls = [];   globalThis.fetch = async (url, init = {}) => {     const call = { url, init, method: init.method ?? 'GET' };     calls.push(call);     const result = await handler(call, calls.length);     if (result instanceof Response) return result;     if (result && typeof result === 'object' && 'status' in result) {       const body = result.body !== undefined ? result.body : JSON.stringify(result.json ?? {});       return new Response(body, {         status: result.status,         headers: {           'content-type': result.contentType ?? 'application/json',           ...(result.headers ?? {}),         },       });     }     throw new Error('mock fetch handler must return a Response or descriptor');   };   return { calls, restore: () => { globalThis.fetch = original; } }; }","Install a mock fetch. The handler receives each call and returns either a real `Response` or a MockResponseDescriptor. @param {(call: { url: string, init: RequestInit, method: string }, index: number) => Promise<Response | MockResponseDescriptor>} handler @returns {{ calls: Array<{ url: string, init: RequestInit, method: string }>, restore: () => void }}",""
"Function:tests/helpers/mock-fetch.js:installMockFetch.restore@53:18","restore","tests/helpers/mock-fetch.js",53,53,true,"  return { calls, restore: () => { globalThis.fetch = original; } };","",""
"Function:tests/helpers/mock-fetch.js:jsonResponse","jsonResponse","tests/helpers/mock-fetch.js",63,68,true,"export function jsonResponse(body, status = 200, headers = {}) {   return new Response(JSON.stringify(body), {     status,     headers: { 'content-type': 'application/json', ...headers },   }); }","Build a JSON Response. @param {unknown} body @param {number} [status=200] @param {Record<string,string>} [headers] @returns {Response}",""
"Function:src/controllers/schedule.controller.js:scheduleController","scheduleController","src/controllers/schedule.controller.js",14,21,true,"export const scheduleController = asyncHandler(async (req, res) => {   const schedule = await getAiringSchedule({     from: optionalInt(req.query.from, { min: 0, label: 'from' }),     to: optionalInt(req.query.to, { min: 0, label: 'to' }),     page: optionalInt(req.query.page, { min: 1, label: 'page' }),   });   res.status(200).json(schedule); });","GET /api/schedule Query params: from / to (epoch seconds, optional), page (optional). @type {import('express').RequestHandler}",""
"Function:src/providers/tmdb/tmdb.queries.js:tmdbImageUrl","tmdbImageUrl","src/providers/tmdb/tmdb.queries.js",20,24,true,"export function tmdbImageUrl(path, size = 'original') {   if (!path || typeof path !== 'string') return null;   const clean = path.startsWith('/') ? path : `/${path}`;   return `https://image.tmdb.org/t/p/${size}${clean}`; }","Build an image URL from an actual TMDB image path (e.g. ""/abc.jpg""), following TMDB's documented scheme. Returns null for missing paths - URLs are never generated for null paths, and posters are never turned into fake backdrops. @param {string | null | undefined} path @param {'original' | 'w500' | 'w780'} [size='original'] @returns {string | null}",""
"Function:src/providers/tmdb/tmdb.queries.js:tvSearchPath","tvSearchPath","src/providers/tmdb/tmdb.queries.js",31,36,true,"export function tvSearchPath({ query, page } = {}) {   const params = new URLSearchParams();   params.set('query', query);   if (Number.isInteger(page) && page > 0) params.set('page', String(page));   return `/search/tv?${params.toString()}`; }","TV search endpoint. @param {{ query: string, page?: number }} options @returns {string}",""
"Function:src/providers/tmdb/tmdb.queries.js:tvDetailsPath","tvDetailsPath","src/providers/tmdb/tmdb.queries.js",43,43,true,"export const tvDetailsPath = (tmdbId) => `/tv/${tmdbId}`;","TV details endpoint. @param {number} tmdbId @returns {string}",""
"Function:src/providers/tmdb/tmdb.queries.js:movieSearchPath","movieSearchPath","src/providers/tmdb/tmdb.queries.js",50,55,true,"export function movieSearchPath({ query, page } = {}) {   const params = new URLSearchParams();   params.set('query', query);   if (Number.isInteger(page) && page > 0) params.set('page', String(page));   return `/search/movie?${params.toString()}`; }","Movie search endpoint. @param {{ query: string, page?: number }} options @returns {string}",""
"Function:src/providers/tmdb/tmdb.queries.js:movieDetailsPath","movieDetailsPath","src/providers/tmdb/tmdb.queries.js",62,62,true,"export const movieDetailsPath = (tmdbId) => `/movie/${tmdbId}`;","Movie details endpoint. @param {number} tmdbId @returns {string}",""
"Function:tests/jikan-service.test.js:fn@21:67.mock@22:2","mock","tests/jikan-service.test.js",22,22,false,"  const mock = installMockFetch(() => jsonResponse({ data: animeFixture }));","",""
"Function:tests/jikan-service.test.js:fn@37:86.mock@38:2","mock","tests/jikan-service.test.js",38,38,false,"  const mock = installMockFetch(() => jsonResponse({ data: animeFixture }));","",""
"Function:tests/jikan-service.test.js:fn@54:81.mock@55:2","mock","tests/jikan-service.test.js",55,55,false,"  const mock = installMockFetch(() => jsonResponse({ error: 'not found' }, 404));","",""
"Function:tests/jikan-service.test.js:fn@66:69.mock@72:2","mock","tests/jikan-service.test.js",72,72,false,"  const mock = installMockFetch(() => jsonResponse({ error: 'boom' }, 500));","",""
"Function:tests/jikan-service.test.js:fn@82:67.mock@83:2","mock","tests/jikan-service.test.js",83,83,false,"  const mock = installMockFetch(() => jsonResponse({ data: animeFixture }));","",""
"Function:tests/jikan-service.test.js:fn@97:72.mock@102:2","mock","tests/jikan-service.test.js",102,102,false,"  const mock = installMockFetch(() => jsonResponse(searchPayload));","",""
"Function:src/services/tmdb.service.js:isVisualResult","isVisualResult","src/services/tmdb.service.js",54,55,false,"const isVisualResult = (value) =>   Boolean(value && typeof value === 'object' && typeof value.resolved === 'boolean');","A cached value is valid only if it is a real visual-enrichment result.",""
"Function:src/services/tmdb.service.js:enrichWithTmdb","enrichWithTmdb","src/services/tmdb.service.js",73,94,true,"export async function enrichWithTmdb(canonical, { provider = tmdbProvider, cache = cacheManager } = {}) {   if (!canonical || typeof canonical !== 'object') {     throw new ValidationError('enrichWithTmdb requires a canonical anime with a valid AniList identity');   }   const anilistId = parseRequiredId(canonical.anilistId, 'anilistId');   const key = `tmdb:visual:anilist:${anilistId}`;   const result = await cache.getOrLoad(     key,     () => resolveTmdbVisual(canonical, { provider }),     { ttlSeconds: CACHE_TTL.DAY, isValid: isVisualResult },   );   // Valid unresolved enrichments get a conservative (shorter) TTL. This   // overwrite only happens after a successful (or genuinely unresolved)   // service outcome - never on a provider failure.   if (!result.resolved) {     await cache.set(key, result, UNRESOLVED_TTL_SECONDS);   }   return result; }","Enrich a canonical anime with TMDB visuals. Returns an enrichment result ({ resolved, tmdbId, mediaType, images, poster }). Attach it to canonical data with `mergeTmdbIntoCanonical` - only resolved results are merged, so a TMDB failure/unresolved result can never replace existing AniList/Jikan data. @param {import('../normalizers/anime.types.js').CanonicalAnime} canonical @param {object} [deps] @param {import('../providers/tmdb/tmdb.provider.js').TmdbProvider} [deps.provider] @param {import('../cache/cache-manager.js').CacheManager} [deps.cache] @returns {Promise<import('../normalizers/tmdb.types.js').TmdbVisualResult>} @throws {ValidationError} invalid canonical input. @throws {ProviderError| TimeoutError|RateLimitError} provider failure with no stale cache.",""
"Function:src/services/tmdb.service.js:resolveTmdbVisual","resolveTmdbVisual","src/services/tmdb.service.js",102,146,false,"async function resolveTmdbVisual(canonical, { provider }) {   // TMDB not configured -> valid unresolved enrichment; AniList/Jikan unaffected.   if (!provider.isConfigured()) {     return createUnresolvedTmdbVisual('tmdb_not_configured');   }   // Title priority from trusted metadata only (AniList first, then Jikan).   const titles = extractKnownTitles(canonical);   if (titles.length === 0) {     return createUnresolvedTmdbVisual('no_title_available');   }   // Media type from trusted format: MOVIE -> movie; TV/TV_SHORT/OVA/ONA/etc.   // conservatively use tv (validated by the matcher before acceptance).   const mediaType = canonical.format === 'MOVIE' ? 'movie' : 'tv';   // Trusted release year for client-side validation only - the year is NOT   // sent to TMDB search, because small calendar differences between databases   // would wrongly exclude valid matches.   const year = canonical.seasonYear ?? null;   // Conservative search: at most MAX_SEARCH_ATTEMPTS title attempts, stopping   // at the first reliable title that yields a confident match.   const attempted = new Set();   const accumulatedCandidates = [];   for (const title of titles.slice(0, MAX_SEARCH_ATTEMPTS)) {     const normalized = normalizeTitleForComparison(title);     if (!normalized || attempted.has(normalized)) continue;     attempted.add(normalized);     const raw = mediaType === 'movie'       ? await provider.searchMovie(title)       : await provider.searchTv(title);     accumulatedCandidates.push(...normalizeTmdbCandidates(raw, mediaType));     const match = selectBestMatch(accumulatedCandidates, { titles, year, mediaType });     if (match) {       return normalizeTmdbVisual(match);     }   }   // No sufficiently confident match exists - do NOT force a result.   return createUnresolvedTmdbVisual('no_confident_match'); }","Fresh enrichment resolution (cache miss path). @param {object} canonical @param {{ provider: import('../providers/tmdb/tmdb.provider.js').TmdbProvider }} deps @returns {Promise<import('../normalizers/tmdb.types.js').TmdbVisualResult>}",""
"Function:src/services/anime.service.js:isCanonicalAnime","isCanonicalAnime","src/services/anime.service.js",43,44,false,"const isCanonicalAnime = (value) =>   Boolean(value && typeof value === 'object' && value.id !== null && value.id !== undefined);","A cached result is valid only if it is a real canonical anime (id present).",""
"Function:src/services/anime.service.js:isValidSearchPage","isValidSearchPage","src/services/anime.service.js",47,48,false,"const isValidSearchPage = (value) =>   Boolean(value && typeof value === 'object' && Array.isArray(value.results));","A cached search result is valid only if it has a results array.",""
"Function:src/services/anime.service.js:getAnimeDetails","getAnimeDetails","src/services/anime.service.js",58,65,true,"export async function getAnimeDetails(anilistId) {   const id = parseRequiredId(anilistId, 'anilistId');   return cacheManager.getOrLoad(     `anilist:anime:${id}`,     async () => normalizeAnilistAnime(await anilistProvider.getAnimeById(id)),     { ttlSeconds: CACHE_TTL.DAY, isValid: isCanonicalAnime },   ); }","AniList-only canonical anime (lighter than the full pipeline; used by episodes/tmdb endpoints that only need identity + titles). @param {number|string} anilistId @returns {Promise<import('../normalizers/anime.types.js').CanonicalAnime>} @throws {NotFoundError} unknown anime. @throws {ProviderError} provider failure with no stale cache available.",""
"Function:src/services/anime.service.js:getFullDetails","getFullDetails","src/services/anime.service.js",78,111,true,"export async function getFullDetails(anilistId) {   const id = parseRequiredId(anilistId, 'anilistId');   return cacheManager.getOrLoad(     `api:details:anilist:${id}`,     async () => {       // 1. AniList primary data (component cache, DAY TTL).       let canonical = await getAnimeDetails(id);       // 2. Jikan enrichment when a trusted MAL ID exists. The MAL ID comes       //    from AniList's trusted `idMal` - never guessed. A Jikan failure       //    never destroys valid AniList data.       if (canonical.malId !== null) {         try {           const jikan = await jikanService.getAnimeByMalId(canonical.malId);           canonical = mergeJikanIntoCanonical(canonical, jikan);         } catch (err) {           logger.warn('details.jikanEnrichmentSkipped', { anilistId: id, err });         }       }       // 3. TMDB visual enrichment (banner precedence enforced by the merge).       //    A TMDB failure/unresolved result leaves canonical data intact.       try {         const visual = await tmdbService.enrichWithTmdb(canonical);         canonical = mergeTmdbIntoCanonical(canonical, visual);       } catch (err) {         logger.warn('details.tmdbEnrichmentSkipped', { anilistId: id, err });       }       return canonical;     },     { ttlSeconds: CACHE_TTL.MEDIUM, isValid: isCanonicalAnime },   ); }","FULL details pipeline (Phase 7): AniList primary + Jikan enrichment + TMDB visuals, cached as a composite so /api/details and /api/smart/details share the expensive result with zero duplicate provider calls. Enrichment resilience: Jikan/TMDB failures are caught and skipped - valid AniList data is never replaced by Jikan/TMDB guesses or failures. @param {number|string} anilistId @returns {Promise<import('../normalizers/anime.types.js').CanonicalAnime>}",""
"Function:src/services/anime.service.js:validateSearchOptions","validateSearchOptions","src/services/anime.service.js",120,181,false,"function validateSearchOptions(options = {}) {   const normalized = {};   const page = options.page ?? 1;   if (!Number.isInteger(page) || page < 1 || page > SEARCH_LIMITS.MAX_PAGE) {     throw new ValidationError(`Invalid page: must be an integer between 1 and ${SEARCH_LIMITS.MAX_PAGE}`, { received: page });   }   normalized.page = page;   const perPage = options.perPage ?? 20;   if (!Number.isInteger(perPage) || perPage < 1 || perPage > SEARCH_LIMITS.MAX_PER_PAGE) {     throw new ValidationError(`Invalid perPage: must be an integer between 1 and ${SEARCH_LIMITS.MAX_PER_PAGE}`, { received: perPage });   }   normalized.perPage = perPage;   if (options.season !== undefined) {     if (!ANILIST_SEASONS.includes(options.season)) {       throw new ValidationError(`Invalid season: expected one of ${ANILIST_SEASONS.join(', ')}`, { received: options.season });     }     normalized.season = options.season;   }   if (options.year !== undefined) {     if (!Number.isInteger(options.year) || options.year < 1960 || options.year > 2200) {       throw new ValidationError('Invalid year: expected an integer between 1960 and 2200', { received: options.year });     }     normalized.year = options.year;   }   if (options.format !== undefined) {     if (!ANILIST_FORMATS.includes(options.format)) {       throw new ValidationError(`Invalid format: expected one of ${ANILIST_FORMATS.join(', ')}`, { received: options.format });     }     normalized.format = options.format;   }   if (options.status !== undefined) {     if (!ANILIST_STATUSES.includes(options.status)) {       throw new ValidationError(`Invalid status: expected one of ${ANILIST_STATUSES.join(', ')}`, { received: options.status });     }     normalized.status = options.status;   }   if (options.genre !== undefined) {     if (typeof options.genre !== 'string' || options.genre.trim() === '') {       throw new ValidationError('Invalid genre: expected a non-empty string');     }     normalized.genre = options.genre.trim();   }   if (options.sort !== undefined) {     const sorts = Array.isArray(options.sort) ? options.sort : [options.sort];     for (const sort of sorts) {       if (!ANILIST_SORTS.includes(sort)) {         throw new ValidationError(`Invalid sort: expected one of ${ANILIST_SORTS.join(', ')}`, { received: sort });       }     }     normalized.sort = sorts;   }   return normalized; }","Validate + normalize search options into a FIXED-ORDER object so cache keys are deterministic (never collide from property ordering or query order). @param {object} [options] @returns {object} @throws {ValidationError} for invalid pagination/enums/lengths.",""
"Function:src/services/anime.service.js:searchAnime","searchAnime","src/services/anime.service.js",190,198,true,"export async function searchAnime(query, options = {}) {   const normalized = validateSearchOptions(options);   const key = `anilist:search:${query ?? ''}:${JSON.stringify(normalized)}`;   return cacheManager.getOrLoad(     key,     async () => normalizeAnilistPage(await anilistProvider.searchAnime(query, normalized)),     { ttlSeconds: CACHE_TTL.MEDIUM, isValid: isValidSearchPage },   ); }","Anime search results (normalized cards + page info). AniList is the primary search provider; Jikan/TMDB are not called per result (search stays fast). @param {string} query @param {object} [options] page/perPage/season/year/format/status/genre/sort. @returns {Promise<object>}",""
"Function:src/services/anime.service.js:getAnimeRecommendations","getAnimeRecommendations","src/services/anime.service.js",206,213,true,"export async function getAnimeRecommendations(anilistId) {   const id = parseRequiredId(anilistId, 'anilistId');   return cacheManager.getOrLoad(     `anilist:recommendations:${id}`,     async () => normalizeAnilistRecommendations(await anilistProvider.getRecommendations(id, { perPage: 20 })),     { ttlSeconds: CACHE_TTL.DAY, isValid: Array.isArray },   ); }","Normalized AniList recommendations for an anime (cached). Recommendation IDs stay AniList namespaced - never converted into MAL IDs. @param {number|string} anilistId @returns {Promise<Array>}",""
"Function:src/services/anime.service.js:getAnimeSeasons","getAnimeSeasons","src/services/anime.service.js",222,233,true,"export async function getAnimeSeasons(anilistId) {   const id = parseRequiredId(anilistId, 'anilistId');   return cacheManager.getOrLoad(     `anilist:relations:${id}`,     async () => {       const raw = await anilistProvider.getRelations(id);       const nodes = Array.isArray(raw?.nodes) ? raw.nodes : [];       return nodes.map((node) => normalizeAnilistRelation(node)).filter(Boolean);     },     { ttlSeconds: CACHE_TTL.DAY, isValid: Array.isArray },   ); }","Normalized AniList relations (seasons/sequels/prequels) for an anime (cached). Relations come ONLY from AniList's actual relation data - never invented. All IDs stay correctly namespaced. @param {number|string} anilistId @returns {Promise<Array>}",""
"Function:src/services/anime.service.js:getAnimeEpisodes","getAnimeEpisodes","src/services/anime.service.js",243,269,true,"export async function getAnimeEpisodes(anilistId, { page = 1 } = {}) {   const id = parseRequiredId(anilistId, 'anilistId');   const canonical = await getAnimeDetails(id);   // No trusted MAL mapping -> the correct unavailable representation (null),   // never fake episodes.   if (canonical.malId === null) {     return {       id: canonical.id,       anilistId: canonical.id,       malId: null,       totalEpisodes: canonical.episodes,       pageInfo: null,       episodes: null,     };   }   const episodesPage = await jikanService.getEpisodes(canonical.malId, { page });   return {     id: canonical.id,     anilistId: canonical.id,     malId: canonical.malId,     totalEpisodes: canonical.episodes,     pageInfo: episodesPage.pageInfo,     episodes: episodesPage.episodes,   }; }","Episode METADATA for an anime (Phase 7 - NO streaming). Uses the AniList base for identity + episode count, and Jikan's episode list when a trusted MAL ID exists. No MegaPlay calls, no stream URLs, no fabricated episodes. @param {number|string} anilistId @param {{ page?: number }} [options] @returns {Promise<object>}",""
"Function:src/controllers/health.controller.js:healthController","healthController","src/controllers/health.controller.js",15,18,true,"export const healthController = asyncHandler(async (_req, res) => {   const status = await getHealthStatus();   res.status(200).json(status); });","GET /api/health @type {import('express').RequestHandler}",""
"Function:tests/api-search.test.js:anilistKind","anilistKind","tests/api-search.test.js",27,34,false,"function anilistKind(query) {   if (query.includes('airingSchedules')) return 'schedule';   if (query.includes('recommendations')) return 'recommendations';   if (query.includes('relations')) return 'relations';   if (query.includes('Page(') && query.includes('media(')) return 'search';   if (query.includes('$idMal')) return 'byMal';   return 'byId'; }","@param {string} query",""
"Function:tests/api-search.test.js:fn@36:66.anilist@39:4","anilist","tests/api-search.test.js",39,42,false,"    anilist: (body) => {       if (anilistKind(body.query) !== 'search') throw new Error(`expected search, got: ${body.query}`);       return anilistPage([anilistMedia({ id: 1, idMal: 11, title: 'Cowboy Bebop' })]);     },","",""
"Function:tests/api-search.test.js:fn@66:80.anilist@68:33","anilist","tests/api-search.test.js",68,68,false,"  const mock = installApiMocks({ anilist: () => anilistPage([]) });","",""
"Function:tests/api-search.test.js:fn@92:95.anilist@94:33","anilist","tests/api-search.test.js",94,94,false,"  const mock = installApiMocks({ anilist: () => anilistPage([]) });","",""
"Function:tests/api-search.test.js:fn@122:76.anilist@124:33","anilist","tests/api-search.test.js",124,124,false,"  const mock = installApiMocks({ anilist: () => anilistPage([anilistMedia({ id: 2, idMal: 22 })]) });","",""
"Function:tests/api-search.test.js:fn@144:100.anilist@146:33","anilist","tests/api-search.test.js",146,146,false,"  const mock = installApiMocks({ anilist: () => ({ status: 500, json: { error: 'boom' } }) });","",""
"Function:tests/api-search.test.js:fn@165:86.anilist@167:33","anilist","tests/api-search.test.js",167,167,false,"  const mock = installApiMocks({ anilist: () => anilistPage([]) });","",""
"Function:tests/api-search.test.js:fn@180:91.anilist@183:4","anilist","tests/api-search.test.js",183,189,false,"    anilist: (body) => {       if (anilistKind(body.query) !== 'search') throw new Error(`expected search, got: ${body.query}`);       return anilistPage([         anilistMedia({ id: 5, idMal: 55, title: 'Popular Anime' }),         anilistMedia({ id: 6, idMal: 66, title: 'Other Anime' }),       ]);     },","",""
"Function:tests/api-search.test.js:fn@214:78.anilist@216:33","anilist","tests/api-search.test.js",216,216,false,"  const mock = installApiMocks({ anilist: () => anilistPage([anilistMedia({ id: 7, idMal: 77 })]) });","",""
"Function:src/middleware/not-implemented.js:notImplemented","notImplemented","src/middleware/not-implemented.js",21,30,true,"export function notImplemented(feature, meta = {}) {   return (_req, _res, next) => {     next(       new NotImplementedError(`""${feature}"" is not implemented yet (planned for a later phase).`, {         feature,         ...meta,       }),     );   }; }","",""
"Function:tests/smoke.test.js:fn@63:70.loader@66:2","loader","tests/smoke.test.js",66,69,false,"  const loader = async () => {     calls += 1;     return { value: 'data' };   };","",""
"Function:tests/smoke.test.js:fn@96:69.op@99:2","op","tests/smoke.test.js",99,103,false,"  const op = () => coalescer.run('same', async () => {     calls += 1;     await new Promise((r) => setTimeout(r, 10));     return 'x';   });","",""
"Function:src/providers/jikan/jikan.queries.js:animeFullPath","animeFullPath","src/providers/jikan/jikan.queries.js",17,17,true,"export const animeFullPath = (malId) => `/anime/${malId}/full`;","Full anime record by MAL ID (richer metadata - preferred for details and enrichment). @param {number} malId @returns {string}",""
"Function:src/providers/jikan/jikan.queries.js:animePath","animePath","src/providers/jikan/jikan.queries.js",24,24,true,"export const animePath = (malId) => `/anime/${malId}`;","Basic anime record by MAL ID. @param {number} malId @returns {string}",""
"Function:src/providers/jikan/jikan.queries.js:animeSearchPath","animeSearchPath","src/providers/jikan/jikan.queries.js",33,40,true,"export function animeSearchPath({ q, page, limit } = {}) {   const params = new URLSearchParams();   if (typeof q === 'string' && q.trim()) params.set('q', q.trim());   if (Number.isInteger(page) && page > 0) params.set('page', String(page));   if (Number.isInteger(limit) && limit > 0) params.set('limit', String(limit));   const qs = params.toString();   return qs ? `/anime?${qs}` : '/anime'; }","Anime search endpoint with query params. Uses URLSearchParams (portable - available in Node 18+, Vercel, and Cloudflare runtimes). @param {{ q?: string, page?: number, limit?: number }} options @returns {string}",""
"Function:src/providers/jikan/jikan.queries.js:animeEpisodesPath","animeEpisodesPath","src/providers/jikan/jikan.queries.js",49,49,true,"export const animeEpisodesPath = (malId, page = 1) => `/anime/${malId}/episodes?page=${page}`;","Episode LIST endpoint for an anime (episode metadata only - never stream URLs). Jikan returns up to 100 episodes per page. @param {number} malId @param {number} [page=1] @returns {string}",""
"Function:tests/identity-resolver.test.js:buildResolver","buildResolver","tests/identity-resolver.test.js",33,41,false,"function buildResolver({ timeoutMs } = {}) {   const provider = new AnilistProvider({ timeoutMs });   const cache = new CacheManager({     l1: new MemoryStore(),     l2: new SupabaseStore(),     coalescer: new RequestCoalescer(),   });   return { resolver: new IdentityResolver({ provider, cache }), cache }; }","Build a resolver with a fresh cache (isolates tests from each other).",""
"Function:tests/identity-resolver.test.js:fn@45:63.mock@46:2","mock","tests/identity-resolver.test.js",46,46,false,"  const mock = installMockFetch(() => jsonResponse({ data: { Media: { id: 101, idMal: 202 } } }));","",""
"Function:tests/identity-resolver.test.js:fn@65:79.mock@66:2","mock","tests/identity-resolver.test.js",66,66,false,"  const mock = installMockFetch(() => jsonResponse({ data: { Media: { id: 101, idMal: 202 } } }));","",""
"Function:tests/identity-resolver.test.js:fn@78:93.mock@79:2","mock","tests/identity-resolver.test.js",79,79,false,"  const mock = installMockFetch(() => jsonResponse({ data: { Media: { id: 101, idMal: null } } }));","",""
"Function:tests/identity-resolver.test.js:fn@96:84.mock@97:2","mock","tests/identity-resolver.test.js",97,97,false,"  const mock = installMockFetch(() => jsonResponse({ errors: [{ message: 'Not Found.', status: 404 }] }, 404));","",""
"Function:tests/identity-resolver.test.js:fn@107:76.mock@108:2","mock","tests/identity-resolver.test.js",108,114,false,"  const mock = installMockFetch((call) => new Promise((_, reject) => {     call.init.signal.addEventListener('abort', () => {       const err = new Error('aborted');       err.name = 'AbortError';       reject(err);     });   }));","",""
"Function:tests/identity-resolver.test.js:fn@124:99.mock429@127:2","mock429","tests/identity-resolver.test.js",127,127,false,"  const mock429 = installMockFetch(() => jsonResponse({}, 429));","",""
"Function:tests/identity-resolver.test.js:fn@124:99.mock500@135:2","mock500","tests/identity-resolver.test.js",135,135,false,"  const mock500 = installMockFetch(() => jsonResponse({ error: 'boom' }, 500));","",""
"Function:tests/identity-resolver.test.js:fn@124:99.mockNet@143:2","mockNet","tests/identity-resolver.test.js",143,143,false,"  const mockNet = installMockFetch(() => { throw new Error('ENOTFOUND'); });","",""
"Function:tests/identity-resolver.test.js:fn@124:99.mockBad@151:2","mockBad","tests/identity-resolver.test.js",151,151,false,"  const mockBad = installMockFetch(() => jsonResponse({ data: { Media: { idMal: 1 } } })); // missing id","",""
"Function:tests/identity-resolver.test.js:fn@162:79.mock@163:2","mock","tests/identity-resolver.test.js",163,163,false,"  const mock = installMockFetch(() => jsonResponse({ data: { Media: { id: 101, idMal: 202 } } }));","",""
"Function:tests/identity-resolver.test.js:fn@185:81.mock@186:2","mock","tests/identity-resolver.test.js",186,186,false,"  const mock = installMockFetch(() => jsonResponse({ data: { Media: null } }));","",""
"Function:tests/identity-resolver.test.js:fn@196:91.mock404@199:2","mock404","tests/identity-resolver.test.js",199,199,false,"  const mock404 = installMockFetch(() => jsonResponse({ errors: [{ status: 404 }] }, 404));","",""
"Function:tests/identity-resolver.test.js:fn@196:91.mockTimeout@207:2","mockTimeout","tests/identity-resolver.test.js",207,213,false,"  const mockTimeout = installMockFetch((call) => new Promise((_, reject) => {     call.init.signal.addEventListener('abort', () => {       const err = new Error('aborted');       err.name = 'AbortError';       reject(err);     });   }));","",""
"Function:tests/identity-resolver.test.js:fn@196:91.mock429@221:2","mock429","tests/identity-resolver.test.js",221,221,false,"  const mock429 = installMockFetch(() => jsonResponse({}, 429));","",""
"Function:tests/identity-resolver.test.js:fn@196:91.mock500@229:2","mock500","tests/identity-resolver.test.js",229,229,false,"  const mock500 = installMockFetch(() => jsonResponse({ error: 'boom' }, 500));","",""
"Function:tests/identity-resolver.test.js:fn@196:91.mockNet@237:2","mockNet","tests/identity-resolver.test.js",237,237,false,"  const mockNet = installMockFetch(() => { throw new Error('ENOTFOUND'); });","",""
"Function:tests/identity-resolver.test.js:fn@196:91.mockBad@245:2","mockBad","tests/identity-resolver.test.js",245,248,false,"  const mockBad = installMockFetch(() => new Response('not json', {     status: 200,     headers: { 'content-type': 'application/json' },   }));","",""
"Function:tests/identity-resolver.test.js:fn@259:76.mock@260:2","mock","tests/identity-resolver.test.js",260,260,false,"  const mock = installMockFetch(() => jsonResponse({ data: { Media: { id: 1, idMal: 2 } } }));","",""
"Function:tests/identity-resolver.test.js:fn@272:72.mock@273:2","mock","tests/identity-resolver.test.js",273,273,false,"  const mock = installMockFetch(() => jsonResponse({ data: { Media: { id: 1, idMal: 2 } } }));","",""
"Function:tests/identity-resolver.test.js:fn@297:85.mock@298:2","mock","tests/identity-resolver.test.js",298,298,false,"  const mock = installMockFetch(() => jsonResponse({ data: { Media: { id: 101, idMal: 202 } } }));","",""
"Function:tests/identity-resolver.test.js:fn@310:95.mock@311:2","mock","tests/identity-resolver.test.js",311,311,false,"  const mock = installMockFetch(() => jsonResponse({ data: { Media: { id: 123, idMal: 123 } } }));","",""
"Function:tests/identity-resolver.test.js:fn@326:104.mock@327:2","mock","tests/identity-resolver.test.js",327,327,false,"  const mock = installMockFetch(() => jsonResponse({ data: { Media: { id: 101, idMal: 999 } } }));","",""
"Function:tests/identity-resolver.test.js:fn@339:92.mock@340:2","mock","tests/identity-resolver.test.js",340,340,false,"  const mock = installMockFetch(() => jsonResponse({ data: { Media: { id: 101, idMal: 202 } } }));","",""
"Function:tests/identity-resolver.test.js:fn@358:107.mock@359:2","mock","tests/identity-resolver.test.js",359,359,false,"  const mock = installMockFetch(() => jsonResponse({ data: { Media: { id: 1, idMal: 2 } } }));","",""
"Function:tests/identity-resolver.test.js:fn@383:91.mock@384:2","mock","tests/identity-resolver.test.js",384,384,false,"  const mock = installMockFetch(() => jsonResponse({ data: { Media: { id: 101, idMal: 202 } } }));","",""
"Function:tests/identity-resolver.test.js:fn@396:82.mock@397:2","mock","tests/identity-resolver.test.js",397,397,false,"  const mock = installMockFetch(() => jsonResponse({ data: { Media: { id: 101, idMal: null } } }));","",""
"Function:tests/identity-resolver.test.js:fn@408:75.mock@414:2","mock","tests/identity-resolver.test.js",414,414,false,"  const mock = installMockFetch(() => jsonResponse({ error: 'boom' }, 500));","",""
"Function:tests/identity-resolver.test.js:fn@423:78.mock@424:2","mock","tests/identity-resolver.test.js",424,424,false,"  const mock = installMockFetch(() => jsonResponse({ data: { Media: { id: 101, idMal: 202 } } }));","",""
"Function:tests/identity-resolver.test.js:fn@441:91.mock@444:2","mock","tests/identity-resolver.test.js",444,444,false,"  const mock = installMockFetch(() => jsonResponse({ data: { Media: fixture } }));","",""
"Function:tests/identity-resolver.test.js:fn@456:92.mock@457:2","mock","tests/identity-resolver.test.js",457,457,false,"  const mock = installMockFetch(() => jsonResponse({ data: { Media: { id: 123, idMal: 456 } } }));","",""
"Function:src/middleware/error-handler.js:errorHandler","errorHandler","src/middleware/error-handler.js",25,49,true,"export function errorHandler(err, req, res, next) {   const log = req.log ?? rootLogger;   // Normalize to an AppError so we always have statusCode/code/toResponse.   const appError =     err instanceof AppError       ? err       : new InternalError(config.IS_PRODUCTION ? 'Internal server error' : String(err?.message ?? err), {           cause: err instanceof Error ? err : undefined,         });   // 5xx and non-operational errors are logged at error level; 4xx at warn.   const isServerError = appError.statusCode >= 500;   log[isServerError ? 'error' : 'warn']('request.error', {     method: req.method,     path: req.originalUrl,     status: appError.statusCode,     code: appError.code,     err: appError,   });   if (res.headersSent) return next(err);   res.status(appError.statusCode).json(appError.toResponse()); }","",""
"Function:src/services/health.service.js:getUptimeSeconds","getUptimeSeconds","src/services/health.service.js",19,24,false,"function getUptimeSeconds() {   if (typeof process !== 'undefined' && typeof process.uptime === 'function') {     return Math.round(process.uptime());   }   return null; }","Read process uptime in a runtime-safe way (returns null where unavailable, e.g. non-Node runtimes). @returns {number | null}",""
"Function:src/services/health.service.js:getHealthStatus","getHealthStatus","src/services/health.service.js",40,49,true,"export async function getHealthStatus() {   return {     status: 'ok',     service: APP_NAME,     version: APP_VERSION,     environment: config.NODE_ENV,     uptimeSeconds: getUptimeSeconds(),     timestamp: new Date().toISOString(),   }; }","Build the current health status. @returns {Promise<HealthStatus>}",""
"Function:src/utils/query.js:firstString","firstString","src/utils/query.js",20,29,true,"export function firstString(value, { maxLength = 200, label = 'value' } = {}) {   const raw = Array.isArray(value) ? value[0] : value;   if (typeof raw !== 'string') return undefined;   const trimmed = raw.trim();   if (trimmed === '') return undefined;   if (trimmed.length > maxLength) {     throw new ValidationError(`Invalid ${label}: exceeds max length of ${maxLength}`, { received: trimmed.length });   }   return trimmed; }","Extract the first string value from a query param. Throws when the value exceeds the max length (prevents unbounded query lengths). @param {unknown} value @param {{ maxLength?: number, label?: string }} [options] @returns {string | undefined} Trimmed value, or undefined when absent. @throws {ValidationError} when the value exceeds maxLength.",""
"Function:src/utils/query.js:optionalInt","optionalInt","src/utils/query.js",38,52,true,"export function optionalInt(value, { min, max, label = 'value' } = {}) {   const raw = Array.isArray(value) ? value[0] : value;   if (raw === undefined || raw === null || raw === '') return undefined;   const n = Number(raw);   if (!Number.isInteger(n)) {     throw new ValidationError(`Invalid ${label}: expected an integer`, { received: raw });   }   if (min !== undefined && n < min) {     throw new ValidationError(`Invalid ${label}: must be >= ${min}`, { received: n });   }   if (max !== undefined && n > max) {     throw new ValidationError(`Invalid ${label}: must be <= ${max}`, { received: n });   }   return n; }","Extract an optional integer from a query param with bounds. @param {unknown} value @param {{ min?: number, max?: number, label?: string }} [options] @returns {number | undefined} @throws {ValidationError} when present but not a valid bounded integer.",""
"Function:src/services/home.service.js:currentSeason","currentSeason","src/services/home.service.js",30,36,false,"function currentSeason() {   const month = new Date().getUTCMonth(); // 0-11   if (month <= 1 || month === 11) return { season: 'WINTER', seasonYear: new Date().getUTCFullYear() };   if (month <= 4) return { season: 'SPRING', seasonYear: new Date().getUTCFullYear() };   if (month <= 7) return { season: 'SUMMER', seasonYear: new Date().getUTCFullYear() };   return { season: 'FALL', seasonYear: new Date().getUTCFullYear() }; }","Build the current AniList season + year from the calendar (deterministic). @returns {{ season: string, seasonYear: number }}",""
"Function:src/services/home.service.js:homeSections","homeSections","src/services/home.service.js",42,49,false,"function homeSections() {   return {     trending: { sort: ['TRENDING_DESC'], perPage: SECTION_SIZE },     popular: { sort: ['POPULARITY_DESC'], perPage: SECTION_SIZE },     seasonal: { ...currentSeason(), sort: ['POPULARITY_DESC'], perPage: SECTION_SIZE },     topRated: { sort: ['SCORE_DESC'], perPage: SECTION_SIZE },   }; }","Section definitions (AniList-backed, all validated enum values). @returns {Record<string, object>}",""
"Function:src/services/home.service.js:getHomeFeed","getHomeFeed","src/services/home.service.js",58,94,true,"export async function getHomeFeed({ cache = cacheManager, search = searchAnime } = {}) {   return cache.getOrLoad(     'api:home:v1',     async () => {       const sections = {};       const definitions = homeSections();       let failed = 0;       let total = 0;       /** @type {unknown} */       let lastError = null;       for (const [name, options] of Object.entries(definitions)) {         total += 1;         try {           const page = await search('', options);           sections[name] = page.results;         } catch (err) {           failed += 1;           lastError = err;           logger.warn('home.sectionFailed', { section: name, err });         }       }       // Every section failed -> propagate so stale-if-error on the home cache       // serves the previous good response (never a fabricated empty page).       if (failed === total && lastError) {         throw lastError;       }       return sections;     },     {       ttlSeconds: CACHE_TTL.MEDIUM,       isValid: (value) => Boolean(value && typeof value === 'object'),     },   ); }","Aggregated home feed. Only sections that loaded successfully are included. @param {object} [deps] @param {import('../cache/cache-manager.js').CacheManager} [deps.cache] @param {typeof searchAnime} [deps.search] @returns {Promise<object>}",""
"Function:src/services/home.service.js:getHomeFeed.isValid@91:6","isValid","src/services/home.service.js",91,91,true,"      isValid: (value) => Boolean(value && typeof value === 'object'),","",""
"Function:src/middleware/request-logger.js:requestLogger","requestLogger","src/middleware/request-logger.js",14,32,true,"export function requestLogger() {   return (req, res, next) => {     const start = Date.now();     const log = req.log ?? rootLogger;     res.on('finish', () => {       const context = {         method: req.method,         path: req.originalUrl,         status: res.statusCode,         latencyMs: Date.now() - start,       };       const level = res.statusCode >= 500 ? 'error' : res.statusCode >= 400 ? 'warn' : 'info';       log[level]('http.request', context);     });     next();   }; }","@returns {import('express').RequestHandler}",""
"Function:src/services/category.service.js:normalizeCategoryType","normalizeCategoryType","src/services/category.service.js",36,43,false,"function normalizeCategoryType(type) {   if (typeof type !== 'string') return '';   return type     .toLowerCase()     .replace(/[^a-z0-9\s-]/g, ' ')     .replace(/[\s-]+/g, ' ')     .trim(); }","Normalize a category type for comparison (lowercase, punctuation/separator insensitive): 'Sci-Fi' / 'sci-fi' / 'sci fi' all match 'Sci-Fi'. @param {unknown} type @returns {string}",""
"Function:src/services/category.service.js:allowedCategories","allowedCategories","src/services/category.service.js",46,48,false,"function allowedCategories() {   return [...Object.keys(SPECIAL_CATEGORIES), ...ANILIST_GENRES]; }","All valid category types (special + genres).",""
"Function:src/services/category.service.js:resolveCategoryOptions","resolveCategoryOptions","src/services/category.service.js",56,73,true,"export function resolveCategoryOptions(type) {   const normalized = normalizeCategoryType(type);   if (normalized === '') {     throw new ValidationError('Category type is required', { allowed: allowedCategories() });   }   const special = SPECIAL_CATEGORIES[normalized];   if (special) return { ...special };   const genre = ANILIST_GENRES.find(     (candidate) =>       candidate.toLowerCase() === normalized ||       candidate.toLowerCase().replace(/[^a-z0-9]+/g, ' ').replace(/\s+/g, ' ') === normalized,   );   if (genre) return { genre };   throw new ValidationError(`Unknown category ""${type}""`, { allowed: allowedCategories() }); }","Resolve a category type into validated AniList search options. @param {string} type @returns {object} @throws {ValidationError} for invalid/unknown categories.",""
"Function:src/services/category.service.js:getCategory","getCategory","src/services/category.service.js",81,84,true,"export async function getCategory(type, { page, perPage } = {}) {   const options = resolveCategoryOptions(type);   return searchAnime('', { ...options, page, perPage }); }","Category listing (normalized search page). @param {string} type @param {{ page?: number, perPage?: number }} [options] @returns {Promise<object>}",""
"Function:src/normalizers/megaplay-normalizer.js:asHttpUrl","asHttpUrl","src/normalizers/megaplay-normalizer.js",69,73,false,"function asHttpUrl(value) {   if (typeof value !== 'string') return null;   const trimmed = value.trim();   return HTTP_URL_RE.test(trimmed) ? trimmed : null; }","@param {unknown} value @returns {string|null}",""
"Function:src/normalizers/megaplay-normalizer.js:firstString","firstString","src/normalizers/megaplay-normalizer.js",76,81,false,"function firstString(item, fields) {   for (const f of fields) {     if (typeof item[f] === 'string' && item[f].trim()) return item[f];   }   return null; }","@param {Record<string, unknown>} item @param {string[]} fields",""
"Function:src/normalizers/megaplay-normalizer.js:isHtml","isHtml","src/normalizers/megaplay-normalizer.js",84,86,false,"function isHtml(text) {   return /<html[\s>]/i.test(text) || /<!doctype\s+html/i.test(text); }","@param {string} text",""
"Function:src/normalizers/megaplay-normalizer.js:extractSource","extractSource","src/normalizers/megaplay-normalizer.js",94,112,false,"function extractSource(item) {   const stringUrl = asHttpUrl(item);   if (stringUrl) return { url: stringUrl };   if (!item || typeof item !== 'object' || Array.isArray(item)) return null;   const record = /** @type {Record<string, unknown>} */ (item);   for (const field of SOURCE_URL_FIELDS) {     const url = asHttpUrl(record[field]);     if (url) {       /** @type {MegaplaySource} */       const source = { url };       const quality = firstString(record, SOURCE_QUALITY_FIELDS);       const type = firstString(record, SOURCE_TYPE_FIELDS);       if (quality) source.quality = quality;       if (type) source.type = type;       return source;     }   }   return null; }","Extract a single valid source from an arbitrary container item, excluding any item without a valid URL (never fabricated). @param {unknown} item @returns {MegaplaySource | null}",""
"Function:src/normalizers/megaplay-normalizer.js:collectSources","collectSources","src/normalizers/megaplay-normalizer.js",120,145,false,"function collectSources(data) {   /** @type {MegaplaySource[]} */   const out = [];   const push = (/** @type {MegaplaySource | null} */ source) => {     if (source && !out.some((existing) => existing.url === source.url)) out.push(source);   };   if (Array.isArray(data)) {     for (const item of data) push(extractSource(item));     return out;   }   if (!data || typeof data !== 'object') return out;   const record = /** @type {Record<string, unknown>} */ (data);   for (const key of SOURCE_CONTAINERS) {     const value = record[key];     if (Array.isArray(value)) {       for (const item of value) push(extractSource(item));     } else if (value !== null && typeof value === 'object') {       push(extractSource(value));     } else {       push(extractSource(value));     }   }   return out; }","Collect all valid sources from a parsed MegaPlay payload, de-duplicated by URL (the same URL is never duplicated unnecessarily). @param {unknown} data @returns {MegaplaySource[]}",""
"Function:src/normalizers/megaplay-normalizer.js:collectSources.push@123:2","push","src/normalizers/megaplay-normalizer.js",123,125,false,"  const push = (/** @type {MegaplaySource | null} */ source) => {     if (source && !out.some((existing) => existing.url === source.url)) out.push(source);   };","",""
"Function:src/normalizers/megaplay-normalizer.js:isExplicitNoStream","isExplicitNoStream","src/normalizers/megaplay-normalizer.js",152,155,false,"function isExplicitNoStream(record) {   if (record.success === false) return true;   return typeof record.error === 'string' && record.error.trim().length > 0; }","An explicit in-band failure signal in a 200 response (the provider itself says the request produced no result) is a genuine no-stream result. @param {Record<string, unknown>} record",""
"Function:src/normalizers/megaplay-normalizer.js:episodeOf","episodeOf","src/normalizers/megaplay-normalizer.js",158,164,false,"function episodeOf(record) {   for (const f of EPISODE_FIELDS) {     const n = Number(record[f]);     if (Number.isInteger(n) && n > 0) return n;   }   return null; }","@param {Record<string, unknown>} record",""
"Function:src/normalizers/megaplay-normalizer.js:expiryOf","expiryOf","src/normalizers/megaplay-normalizer.js",167,169,false,"function expiryOf(record) {   return firstString(record, EXPIRY_FIELDS); }","@param {Record<string, unknown>} record",""
"Function:src/normalizers/megaplay-normalizer.js:noStream","noStream","src/normalizers/megaplay-normalizer.js",172,174,false,"function noStream(reason) {   return { usable: false, sources: [], reason, episode: null, expiresAt: null }; }","@param {'no_stream'|'empty'|'malformed'|'not_found'} reason @returns {MegaplayStreamResult}",""
"Function:src/normalizers/megaplay-normalizer.js:normalizeMegaplayStreamResponse","normalizeMegaplayStreamResponse","src/normalizers/megaplay-normalizer.js",184,230,true,"export function normalizeMegaplayStreamResponse(response = {}) {   const { data, url } = response ?? {};   const requestedUrl = typeof url === 'string' && url ? url : null;   // Malformed/empty payload: the HTTP client returns null for unparseable   // JSON bodies. NEVER treated as a usable stream, never cached as one.   if (data === null || data === undefined) return noStream('malformed');   // Plain-text response bodies.   if (typeof data === 'string') {     const trimmed = data.trim();     if (!trimmed) return noStream('empty');     // The body itself is an absolute URL actually returned by MegaPlay.     if (HTTP_URL_RE.test(trimmed)) {       return { usable: true, sources: [{ url: trimmed }], episode: null, expiresAt: null };     }     // HTML player page: the documented MegaPlay endpoint MegaPlay just served     // is the embed source. Only that exact URL (from the documented contract)     // is exposed - never a constructed/fabricated URL.     if (isHtml(trimmed) && requestedUrl) {       return {         usable: true,         sources: [{ url: requestedUrl, type: 'embed' }],         episode: null,         expiresAt: null,       };     }     return noStream('malformed');   }   if (typeof data !== 'object') return noStream('malformed');   const record = /** @type {Record<string, unknown>} */ (data);   // The provider explicitly says there is no stream (MAL fallback allowed).   if (isExplicitNoStream(record)) return noStream('no_stream');   const sources = collectSources(record);   // e.g. { ""success"": true, ""sources"": [] } is NOT a usable stream.   if (sources.length === 0) return noStream('no_stream');   return {     usable: true,     sources,     episode: episodeOf(record),     expiresAt: expiryOf(record),   }; }","Normalize a RAW MegaPlay response into a validated stream result. @param {{ data: unknown, url?: string }} [response] Raw payload from the MegaPlay provider (`data`) plus the exact documented MegaPlay URL used (`url`, needed to expose a player-page response as its embed source). @returns {MegaplayStreamResult}",""
"Function:src/normalizers/megaplay-normalizer.js:isUsableStreamResult","isUsableStreamResult","src/normalizers/megaplay-normalizer.js",240,251,true,"export function isUsableStreamResult(value) {   return Boolean(     value &&       typeof value === 'object' &&       value.usable === true &&       Array.isArray(value.sources) &&       value.sources.length > 0 &&       value.sources.every(         (/** @type {any} */ s) => typeof s?.url === 'string' && HTTP_URL_RE.test(s.url),       ),   ); }","Whether a normalized stream result is genuinely usable (and therefore cacheable as a successful stream). Used as the CacheManager `isValid` predicate: anything else (malformed/empty/no-stream) is never cached as a successful stream. @param {unknown} value @returns {boolean}",""
"Function:tests/api-misc.test.js:anilistKind","anilistKind","tests/api-misc.test.js",29,36,false,"function anilistKind(query) {   if (query.includes('airingSchedules')) return 'schedule';   if (query.includes('recommendations')) return 'recommendations';   if (query.includes('relations')) return 'relations';   if (query.includes('Page(') && query.includes('media(')) return 'search';   if (query.includes('$idMal')) return 'byMal';   return 'byId'; }","@param {string} query",""
"Function:tests/api-misc.test.js:fn@38:93.anilist@41:4","anilist","tests/api-misc.test.js",41,58,false,"    anilist: (body) => {       if (anilistKind(body.query) !== 'recommendations') {         throw new Error(`expected recommendations, got: ${body.query}`);       }       return {         data: {           Media: {             recommendations: {               nodes: [                 { rating: 100, mediaRecommendation: anilistMedia({ id: 201, idMal: 301, title: 'Recommended A' }) },                 { rating: 80, mediaRecommendation: anilistMedia({ id: 202, idMal: 302, title: 'Recommended B' }) },                 { rating: 50, mediaRecommendation: null },               ],             },           },         },       };     },","",""
"Function:tests/api-misc.test.js:fn@83:87.anilist@86:4","anilist","tests/api-misc.test.js",86,89,false,"    anilist: (body) => {       if (anilistKind(body.query) !== 'recommendations') throw new Error('unexpected query');       return { data: { Media: { recommendations: { nodes: [] } } } };     },","",""
"Function:tests/api-misc.test.js:fn@111:99.anilist@114:4","anilist","tests/api-misc.test.js",114,129,false,"    anilist: (body) => {       if (anilistKind(body.query) !== 'relations') throw new Error(`expected relations, got: ${body.query}`);       return {         data: {           Media: {             relations: {               nodes: [                 { id: 124, idMal: 457, relationType: 'SEQUEL', type: 'ANIME', format: 'TV', title: { romaji: 'Sequel', english: 'Sequel EN', userPreferred: 'Sequel' }, coverImage: { large: 'https://img.anilist.co/seq.jpg', medium: null } },                 { id: 122, idMal: 455, relationType: 'PREQUEL', type: 'ANIME', format: 'TV', title: { romaji: 'Prequel', english: 'Prequel EN', userPreferred: 'Prequel' }, coverImage: { large: 'https://img.anilist.co/pre.jpg', medium: null } },                 { id: null, relationType: 'SIDE_STORY' },               ],             },           },         },       };     },","",""
"Function:tests/api-misc.test.js:fn@152:66.anilist@154:33","anilist","tests/api-misc.test.js",154,154,false,"  const mock = installApiMocks({ anilist: () => { throw new Error('must not be called'); } });","",""
"Function:tests/api-misc.test.js:fn@167:85.anilist@170:4","anilist","tests/api-misc.test.js",170,173,false,"    anilist: (body) => {       if (anilistKind(body.query) !== 'search') throw new Error(`expected search, got: ${body.query}`);       return anilistPage([anilistMedia({ id: 41, idMal: 51, title: 'Action Anime' })]);     },","",""
"Function:tests/api-misc.test.js:fn@193:94.anilist@195:33","anilist","tests/api-misc.test.js",195,195,false,"  const mock = installApiMocks({ anilist: () => anilistPage([]) });","",""
"Function:tests/api-misc.test.js:fn@228:83.anilist@231:4","anilist","tests/api-misc.test.js",231,244,false,"    anilist: (body) => {       if (anilistKind(body.query) !== 'schedule') throw new Error(`expected schedule, got: ${body.query}`);       return {         data: {           Page: {             pageInfo: { hasNextPage: true },             airingSchedules: [               { airingAt: 1700000000, episode: 5, media: { id: 123, idMal: 456, title: { romaji: 'Scheduled', english: null, userPreferred: 'Scheduled' } } },               { airingAt: null, episode: 6, media: { id: 124, idMal: 457, title: { romaji: 'Bad', english: null, userPreferred: 'Bad' } } },             ],           },         },       };     },","",""
"Function:tests/api-misc.test.js:fn@274:95.anilist@276:33","anilist","tests/api-misc.test.js",276,276,false,"  const mock = installApiMocks({ anilist: () => ({ status: 500, json: { error: 'boom' } }) });","",""
"Function:tests/api-misc.test.js:fn@288:88.anilist@291:4","anilist","tests/api-misc.test.js",291,294,false,"    anilist: (body) => {       if (anilistKind(body.query) !== 'byId') throw new Error(`expected byId, got: ${body.query}`);       return { data: { Media: anilistMedia({ id: 123, idMal: 456 }) } };     },","",""
"Function:tests/api-misc.test.js:fn@288:88.tmdb@295:4","tmdb","tests/api-misc.test.js",295,298,false,"    tmdb: (url) => {       if (!url.includes('/search/tv')) throw new Error(`unexpected TMDB path: ${url}`);       return tmdbSearchResults([tmdbTvCandidate({ id: 789, name: 'Test Anime', backdropPath: '/backdrop.jpg' })]);     },","",""
"Function:tests/api-misc.test.js:fn@323:88.anilist@326:4","anilist","tests/api-misc.test.js",326,329,false,"    anilist: (body) => {       if (anilistKind(body.query) !== 'byId') throw new Error(`expected byId, got: ${body.query}`);       return { data: { Media: anilistMedia({ id: 123, idMal: 456 }) } };     },","",""
"Function:tests/api-misc.test.js:fn@323:88.tmdb@330:4","tmdb","tests/api-misc.test.js",330,330,false,"    tmdb: () => tmdbSearchResults([]),","",""
"Function:tests/api-misc.test.js:fn@349:88.anilist@352:4","anilist","tests/api-misc.test.js",352,355,false,"    anilist: (body) => {       if (anilistKind(body.query) !== 'byId') throw new Error(`expected byId, got: ${body.query}`);       return { data: { Media: anilistMedia({ id: 123, idMal: 456 }) } };     },","",""
"Function:tests/api-misc.test.js:fn@349:88.tmdb@356:4","tmdb","tests/api-misc.test.js",356,356,false,"    tmdb: () => ({ status: 500, json: { error: 'boom' } }),","",""
"Function:tests/api-misc.test.js:fn@378:84.anilist@381:4","anilist","tests/api-misc.test.js",381,381,false,"    anilist: () => { throw new Error('must not be called'); },","",""
"Function:tests/api-misc.test.js:fn@378:84.tmdb@382:4","tmdb","tests/api-misc.test.js",382,382,false,"    tmdb: () => { throw new Error('must not be called'); },","",""
"Function:tests/tmdb-provider.test.js:fn@26:65.mock@27:2","mock","tests/tmdb-provider.test.js",27,27,false,"  const mock = installMockFetch(() => jsonResponse(searchPayload));","",""
"Function:tests/tmdb-provider.test.js:fn@42:72.mock@43:2","mock","tests/tmdb-provider.test.js",43,43,false,"  const mock = installMockFetch(() => jsonResponse(detailsPayload));","",""
"Function:tests/tmdb-provider.test.js:fn@55:53.mock@56:2","mock","tests/tmdb-provider.test.js",56,58,false,"  const mock = installMockFetch((_call, index) =>     index === 1 ? jsonResponse(searchPayload) : jsonResponse(detailsPayload),   );","",""
"Function:tests/tmdb-provider.test.js:fn@71:94.mock@72:2","mock","tests/tmdb-provider.test.js",72,72,false,"  const mock = installMockFetch(() => jsonResponse(searchPayload));","",""
"Function:tests/tmdb-provider.test.js:fn@83:83.mock@84:2","mock","tests/tmdb-provider.test.js",84,84,false,"  const mock = installMockFetch(() => jsonResponse(searchPayload));","",""
"Function:tests/tmdb-provider.test.js:fn@96:82.mock@97:2","mock","tests/tmdb-provider.test.js",97,97,false,"  const mock = installMockFetch(() => jsonResponse(searchPayload));","",""
"Function:tests/tmdb-provider.test.js:fn@113:56.mock@114:2","mock","tests/tmdb-provider.test.js",114,114,false,"  const mock = installMockFetch(() => jsonResponse({ status_message: 'not found' }, 404));","",""
"Function:tests/tmdb-provider.test.js:fn@123:49.mock@124:2","mock","tests/tmdb-provider.test.js",124,124,false,"  const mock = installMockFetch(() => jsonResponse({}, 429, { 'retry-after': '1' }));","",""
"Function:tests/tmdb-provider.test.js:fn@133:67.mock@134:2","mock","tests/tmdb-provider.test.js",134,140,false,"  const mock = installMockFetch((call) => new Promise((_, reject) => {     call.init.signal.addEventListener('abort', () => {       const err = new Error('aborted');       err.name = 'AbortError';       reject(err);     });   }));","",""
"Function:tests/tmdb-provider.test.js:fn@149:47.mock@150:2","mock","tests/tmdb-provider.test.js",150,150,false,"  const mock = installMockFetch(() => jsonResponse({ error: 'boom' }, 500));","",""
"Function:tests/tmdb-provider.test.js:fn@159:41.mock@160:2","mock","tests/tmdb-provider.test.js",160,160,false,"  const mock = installMockFetch(() => { throw new Error('ENOTFOUND'); });","",""
"Function:tests/tmdb-provider.test.js:fn@169:76.mock@170:2","mock","tests/tmdb-provider.test.js",170,170,false,"  const mock = installMockFetch(() => jsonResponse({ unexpected: 'shape' }));","",""
"Function:tests/tmdb-provider.test.js:fn@179:76.mock@180:2","mock","tests/tmdb-provider.test.js",180,180,false,"  const mock = installMockFetch(() => jsonResponse({ page: 1, results: [] }));","",""
"Function:tests/tmdb-provider.test.js:fn@190:70.mock@191:2","mock","tests/tmdb-provider.test.js",191,191,false,"  const mock = installMockFetch(() => jsonResponse({ unexpected: true }));","",""
"Function:tests/tmdb-provider.test.js:fn@200:49.mock@201:2","mock","tests/tmdb-provider.test.js",201,204,false,"  const mock = installMockFetch((call) => {     const id = Number(call.url.match(/\/tv\/(\d+)/)[1]);     return jsonResponse({ id, name: `TV ${id}` });   });","",""
"Function:src/utils/logger.js:serializeError","serializeError","src/utils/logger.js",27,38,false,"function serializeError(value) {   if (!(value instanceof Error)) return value;   /** @type {Record<string, unknown>} */   const out = { name: value.name, message: value.message };   // Include useful fields set by AppError subclasses when present.   for (const key of ['code', 'statusCode', 'provider', 'layer', 'details']) {     if (key in value && value[key] !== undefined) out[key] = value[key];   }   // Stacks are helpful in dev; keep them out of production noise.   if (!config.IS_PRODUCTION && value.stack) out.stack = value.stack;   return out; }","Convert an Error into a plain, log-safe object (no functions, bounded shape). @param {unknown} value",""
"Function:src/utils/logger.js:sanitizeContext","sanitizeContext","src/utils/logger.js",43,49,false,"function sanitizeContext(context) {   const out = {};   for (const [key, value] of Object.entries(context)) {     out[key] = key === 'err' || key === 'error' ? serializeError(value) : value;   }   return out; }","@param {Record<string, unknown>} context",""
"Function:src/utils/logger.js:write","write","src/utils/logger.js",57,72,false,"function write(level, message, baseContext, context = {}) {   if (LEVELS[level] < activeLevel) return;   const entry = {     ts: new Date().toISOString(),     level,     msg: message,     ...baseContext,     ...sanitizeContext(context),   };   const line = JSON.stringify(entry);   if (level === 'error') console.error(line);   else if (level === 'warn') console.warn(line);   else console.log(line); }","@param {keyof typeof LEVELS} level @param {string} message @param {Record<string, unknown>} baseContext @param {Record<string, unknown>} [context]",""
"Function:src/utils/logger.js:createLogger","createLogger","src/utils/logger.js",77,93,false,"function createLogger(baseContext = {}) {   return {     /** @param {string} msg @param {Record<string, unknown>} [ctx] */     debug: (msg, ctx) => write('debug', msg, baseContext, ctx),     /** @param {string} msg @param {Record<string, unknown>} [ctx] */     info: (msg, ctx) => write('info', msg, baseContext, ctx),     /** @param {string} msg @param {Record<string, unknown>} [ctx] */     warn: (msg, ctx) => write('warn', msg, baseContext, ctx),     /** @param {string} msg @param {Record<string, unknown>} [ctx] */     error: (msg, ctx) => write('error', msg, baseContext, ctx),     /**      * Create a child logger with additional bound context (e.g. requestId).      * @param {Record<string, unknown>} childContext      */     child: (childContext) => createLogger({ ...baseContext, ...childContext }),   }; }","@param {Record<string, unknown>} baseContext",""
"Function:src/utils/logger.js:createLogger.debug@80:4","debug","src/utils/logger.js",80,80,false,"    debug: (msg, ctx) => write('debug', msg, baseContext, ctx),","@param {string} msg @param {Record<string, unknown>} [ctx]",""
"Function:src/utils/logger.js:createLogger.info@82:4","info","src/utils/logger.js",82,82,false,"    info: (msg, ctx) => write('info', msg, baseContext, ctx),","@param {string} msg @param {Record<string, unknown>} [ctx]",""
"Function:src/utils/logger.js:createLogger.warn@84:4","warn","src/utils/logger.js",84,84,false,"    warn: (msg, ctx) => write('warn', msg, baseContext, ctx),","@param {string} msg @param {Record<string, unknown>} [ctx]",""
"Function:src/utils/logger.js:createLogger.error@86:4","error","src/utils/logger.js",86,86,false,"    error: (msg, ctx) => write('error', msg, baseContext, ctx),","@param {string} msg @param {Record<string, unknown>} [ctx]",""
"Function:src/utils/logger.js:createLogger.child@91:4","child","src/utils/logger.js",91,91,false,"    child: (childContext) => createLogger({ ...baseContext, ...childContext }),","Create a child logger with additional bound context (e.g. requestId). @param {Record<string, unknown>} childContext",""
"Function:tests/supabase-cache.test.js:buildStore","buildStore","tests/supabase-cache.test.js",22,22,false,"const buildStore = (over = {}) => new SupabaseStore({ url: TEST_URL, apiKey: TEST_KEY, ...over });","",""
"Function:tests/supabase-cache.test.js:makeRow","makeRow","tests/supabase-cache.test.js",25,38,false,"function makeRow(key, value, { ttlSeconds = 300, freshMs = 60_000, staleMs = 86_400_000, now = Date.now(), omit } = {}) {   const row = {     namespace: key.includes(':') ? key.slice(0, key.indexOf(':')) : 'default',     cache_key: key.includes(':') ? key.slice(key.indexOf(':') + 1) : key,     value,     ttl_seconds: ttlSeconds,     created_at: new Date(now - 1000).toISOString(),     updated_at: new Date(now - 1000).toISOString(),     expires_at: new Date(now - 1000 + freshMs).toISOString(),     stale_until: new Date(now - 1000 + freshMs + staleMs).toISOString(),   };   for (const field of omit ?? []) delete row[field];   return row; }","A well-formed DB row for `key` with controllable expiry/stale instants.",""
"Function:tests/supabase-cache.test.js:fn@55:84.mock@56:2","mock","tests/supabase-cache.test.js",56,56,false,"  const mock = installMockFetch(() => jsonResponse([]));","",""
"Function:tests/supabase-cache.test.js:fn@69:69.mock@70:2","mock","tests/supabase-cache.test.js",70,70,false,"  const mock = installMockFetch(() => jsonResponse({ message: 'boom' }, 500));","",""
"Function:tests/supabase-cache.test.js:fn@87:31.mock@88:2","mock","tests/supabase-cache.test.js",88,88,false,"  const mock = installMockFetch(() => jsonResponse([]));","",""
"Function:tests/supabase-cache.test.js:fn@100:82.mock@102:2","mock","tests/supabase-cache.test.js",102,102,false,"  const mock = installMockFetch(() => jsonResponse([row]));","",""
"Function:tests/supabase-cache.test.js:fn@115:77.mock@117:2","mock","tests/supabase-cache.test.js",117,117,false,"  const mock = installMockFetch(() => jsonResponse([row]));","",""
"Function:tests/supabase-cache.test.js:fn@126:81.mock@128:2","mock","tests/supabase-cache.test.js",128,128,false,"  const mock = installMockFetch(() => jsonResponse([row]));","",""
"Function:tests/supabase-cache.test.js:fn@138:73.mock@139:2","mock","tests/supabase-cache.test.js",139,141,false,"  const mock = installMockFetch((call, index) =>     jsonResponse([index === 1 ? makeRow('anilist:anime:123', 'x', { omit: ['value'] }) : makeRow('anilist:anime:123', 'x', { omit: ['expires_at'] })]),   );","",""
"Function:tests/supabase-cache.test.js:fn@151:90.mock@152:2","mock","tests/supabase-cache.test.js",152,152,false,"  const mock = installMockFetch(() => jsonResponse({ unexpected: true }));","",""
"Function:tests/supabase-cache.test.js:fn@162:81.mock@163:2","mock","tests/supabase-cache.test.js",163,163,false,"  const mock = installMockFetch(() => jsonResponse(null, 201));","",""
"Function:tests/supabase-cache.test.js:fn@182:73.mock@183:2","mock","tests/supabase-cache.test.js",183,183,false,"  const mock = installMockFetch(() => jsonResponse(null, 201));","",""
"Function:tests/supabase-cache.test.js:fn@194:80.mock@195:2","mock","tests/supabase-cache.test.js",195,195,false,"  const mock = installMockFetch(() => jsonResponse(null, 201));","",""
"Function:tests/supabase-cache.test.js:fn@207:64.mock@209:2","mock","tests/supabase-cache.test.js",209,209,false,"  const mock = installMockFetch(() => new Response(null, { status: 204 }));","",""
"Function:tests/supabase-cache.test.js:fn@221:84.mock500@222:2","mock500","tests/supabase-cache.test.js",222,222,false,"  const mock500 = installMockFetch(() => jsonResponse({ message: 'db down' }, 500));","",""
"Function:tests/supabase-cache.test.js:fn@233:80.mock@234:2","mock","tests/supabase-cache.test.js",234,240,false,"  const mock = installMockFetch((call) => new Promise((_, reject) => {     call.init.signal.addEventListener('abort', () => {       const err = new Error('aborted');       err.name = 'AbortError';       reject(err);     });   }));","",""
"Function:tests/supabase-cache.test.js:fn@251:88.mock@252:2","mock","tests/supabase-cache.test.js",252,252,false,"  const mock = installMockFetch(() => jsonResponse([]));","",""
"Function:tests/supabase-cache.test.js:fn@279:77.mock@280:2","mock","tests/supabase-cache.test.js",280,280,false,"  const mock = installMockFetch(() => jsonResponse([]));","",""
"Function:tests/supabase-cache.test.js:buildManager","buildManager","tests/supabase-cache.test.js",294,299,false,"function buildManager({ staleWindowSeconds } = {}) {   const l1 = new MemoryStore({ staleWindowSeconds });   const l2 = new SupabaseStore({ url: TEST_URL, apiKey: TEST_KEY, staleWindowSeconds });   const manager = new CacheManager({ l1, l2, coalescer: new RequestCoalescer() });   return { manager, l1, l2 }; }","Build a manager with a mocked-supabase L2 and an L1 memory store.",""
"Function:tests/supabase-cache.test.js:fn@301:56.mock@303:2","mock","tests/supabase-cache.test.js",303,307,false,"  const mock = installMockFetch((call) =>     call.method === 'POST'       ? jsonResponse(null, 201)       : jsonResponse([makeRow('anilist:anime:123', { hello: 'world' }, {})]),   );","",""
"Function:tests/supabase-cache.test.js:fn@331:63.mock@332:2","mock","tests/supabase-cache.test.js",332,332,false,"  const mock = installMockFetch(() => jsonResponse([]));","",""
"Function:tests/supabase-cache.test.js:fn@352:72.mock@354:2","mock","tests/supabase-cache.test.js",354,358,false,"  const mock = installMockFetch((call, index) =>     index === 1       ? jsonResponse(null, 201)       : jsonResponse([makeRow('anilist:anime:123', 'stale-persistent', { freshMs: -10_000, staleMs: 60_000_000 })]),   );","",""
"Function:tests/supabase-cache.test.js:fn@372:70.mock@376:2","mock","tests/supabase-cache.test.js",376,376,false,"  const mock = installMockFetch(() => jsonResponse([makeRow('anilist:anime:123', 'too-old', { freshMs: -10_000, staleMs: -5_000 })]));","",""
"Function:tests/supabase-cache.test.js:fn@387:59.mock@389:2","mock","tests/supabase-cache.test.js",389,389,false,"  const mock = installMockFetch(() => jsonResponse([])); // L2 miss","",""
"Function:tests/supabase-cache.test.js:fn@403:60.mock@405:2","mock","tests/supabase-cache.test.js",405,405,false,"  const mock = installMockFetch(() => jsonResponse([]));","",""
"Function:tests/supabase-cache.test.js:fn@403:60.isValid@408:6","isValid","tests/supabase-cache.test.js",408,408,false,"      isValid: (v) => v !== null && v !== undefined,","",""
"Function:tests/supabase-cache.test.js:fn@419:67.mock@421:2","mock","tests/supabase-cache.test.js",421,421,false,"  const mock = installMockFetch(() => jsonResponse({ message: 'supabase down' }, 500));","",""
"Function:tests/supabase-cache.test.js:fn@437:59.mock@438:2","mock","tests/supabase-cache.test.js",438,438,false,"  const mock = installMockFetch(() => jsonResponse([])); // L2 miss every time","",""
"Function:tests/supabase-cache.test.js:fn@458:85.mock@459:2","mock","tests/supabase-cache.test.js",459,468,false,"  const mock = installMockFetch((call) => {     const namespace = new URL(call.url).searchParams.get('namespace');     if (namespace === 'eq.anilist') {       return jsonResponse([makeRow('anilist:anime:123', 'anilist-value', {})]);     }     if (namespace === 'eq.jikan') {       return jsonResponse([makeRow('jikan:anime:123', 'jikan-value', {})]);     }     return jsonResponse([]); // tmdb namespace: miss   });","",""
"Function:tests/supabase-cache.test.js:fn@481:63.mock@482:2","mock","tests/supabase-cache.test.js",482,482,false,"  const mock = installMockFetch(() => jsonResponse([]));","",""
"Function:src/normalizers/tmdb.matching.js:normalizeTitleForComparison","normalizeTitleForComparison","src/normalizers/tmdb.matching.js",32,42,true,"export function normalizeTitleForComparison(value) {   if (typeof value !== 'string') return '';   return value     .toLowerCase()     .replace(/['’`]/g, '') // apostrophe variants are harmless differences     // Punctuation -> space, PRESERVING unicode letters/digits (CJK titles     // like ワンパンマン must remain matchable).     .replace(/[^\p{L}\p{N}\s]/gu, ' ')     .replace(/\s+/g, ' ')     .trim(); }","Normalize a title for comparison (NOT for identity - only for matching): trim, case-fold, collapse whitespace, remove harmless punctuation differences. Deliberately NOT aggressive fuzzy matching (no similarity scores, no edit distance) so unrelated anime can never accidentally match. @param {unknown} value @returns {string}",""
"Function:src/normalizers/tmdb.matching.js:extractKnownTitles","extractKnownTitles","src/normalizers/tmdb.matching.js",51,77,true,"export function extractKnownTitles(canonical) {   const title = canonical?.title && typeof canonical.title === 'object' ? canonical.title : {};   const jikan = canonical?.enrichment?.jikan?.title && typeof canonical.enrichment.jikan.title === 'object'     ? canonical.enrichment.jikan.title     : {};   const candidates = [     title.userPreferred,     title.english,     title.romaji,     title.native,     jikan.english,     jikan.japanese,     ...(Array.isArray(jikan.synonyms) ? jikan.synonyms : []),   ];   const seen = new Set();   const result = [];   for (const value of candidates) {     if (typeof value !== 'string' || value.trim() === '') continue;     const key = normalizeTitleForComparison(value);     if (!key || seen.has(key)) continue;     seen.add(key);     result.push(value.trim());   }   return result; }","Extract the known-title priority list from trusted metadata (AniList first, then Jikan). Order: AniList userPreferred, English, Romaji, Native; then Jikan English, Japanese, synonyms. Deduplicated, empties removed. @param {{ title?: unknown, enrichment?: unknown }} canonical @returns {string[]}",""
"Function:src/normalizers/tmdb.matching.js:selectBestMatch","selectBestMatch","src/normalizers/tmdb.matching.js",91,149,true,"export function selectBestMatch(candidates, { titles, year = null, mediaType = null } = {}) {   if (!Array.isArray(candidates) || candidates.length === 0) return null;   if (!Array.isArray(titles) || titles.length === 0) return null;   const knownNormalized = titles.map((t) => normalizeTitleForComparison(t)).filter(Boolean);   if (knownNormalized.length === 0) return null;   const primaryNormalized = knownNormalized[0];   /** @type {TmdbCandidate | null} */   let best = null;   let bestRank = Number.POSITIVE_INFINITY;   for (const candidate of candidates) {     if (!candidate || typeof candidate !== 'object') continue;     // 1. Title match is REQUIRED (normalized comparison, not fuzzy similarity).     const candidateTitles = [candidate.title, candidate.originalTitle]       .map((t) => normalizeTitleForComparison(t))       .filter(Boolean);     const matchedIndex = knownNormalized.findIndex((known) => candidateTitles.includes(known));     if (matchedIndex === -1) continue; // wrong title -> rejected, no acceptance     // Rank: matching the primary (highest-priority) title beats alternate titles.     const rank = Math.min(       ...candidateTitles.map((ct) => {         const idx = knownNormalized.indexOf(ct);         return idx === -1 ? Number.POSITIVE_INFINITY : idx;       }),     );     // 2. Year compatibility: known-vs-known years must be within +/-1.     //    Unknown years on either side do not disqualify (never guessed).     if (       year !== null &&       candidate.year !== null &&       Math.abs(candidate.year - year) > 1     ) {       continue; // wrong-year candidate rejected     }     // 3. Media type compatibility.     if (mediaType && candidate.mediaType && candidate.mediaType !== mediaType) {       continue;     }     // 4. Selection: better title rank wins; popularity is ONLY a tie-breaker     //    among equally-ranked candidates, never identity proof.     if (       best === null ||       rank < bestRank ||       (rank === bestRank && (candidate.popularity ?? 0) > (best.popularity ?? 0))     ) {       best = candidate;       bestRank = rank;     }   }   return best; }","Select the best-matching TMDB candidate using the conservative strategy. @param {TmdbCandidate[]} candidates @param {object} trusted @param {string[]} trusted.titles Known titles in priority order (from extractKnownTitles). @param {number|null} [trusted.year] Trusted release year (AniList seasonYear). @param {'tv'|'movie'|null} [trusted.mediaType] Trusted media type when known. @returns {TmdbCandidate | null} The selected candidate, or null when no candidate confidently matches (never forces a result).",""
"Function:src/services/jikan.service.js:isValidJikanAnime","isValidJikanAnime","src/services/jikan.service.js",28,29,false,"const isValidJikanAnime = (value) =>   Boolean(value && typeof value === 'object' && value.malId !== null && value.malId !== undefined);","A cached result is valid only if it carries a trusted malId.",""
"Function:src/services/jikan.service.js:isValidJikanSearchPage","isValidJikanSearchPage","src/services/jikan.service.js",32,33,false,"const isValidJikanSearchPage = (value) =>   Boolean(value && typeof value === 'object' && Array.isArray(value.results));","A cached search result is valid only if it has a results array.",""
"Function:src/services/jikan.service.js:getAnimeByMalId","getAnimeByMalId","src/services/jikan.service.js",41,48,true,"export async function getAnimeByMalId(malId) {   const id = parseRequiredId(malId, 'malId');   return cacheManager.getOrLoad(     `jikan:anime:${id}`,     async () => normalizeJikanAnime(await jikanProvider.getAnimeByMalId(id)),     { ttlSeconds: CACHE_TTL.DAY, isValid: isValidJikanAnime },   ); }","Normalized Jikan anime details by MyAnimeList ID. @param {number|string} malId MyAnimeList ID (NOT an AniList ID). @returns {Promise<import('../normalizers/jikan.types.js').JikanAnime>} @throws {ValidationError|NotFoundError|ProviderError} per provider mapping.",""
"Function:src/services/jikan.service.js:getEpisodes","getEpisodes","src/services/jikan.service.js",56,66,true,"export async function getEpisodes(malId, { page = 1 } = {}) {   const id = parseRequiredId(malId, 'malId');   return cacheManager.getOrLoad(     `jikan:episodes:${id}:p${page}`,     async () => normalizeJikanEpisodes(await jikanProvider.getEpisodeList(id, { page })),     {       ttlSeconds: CACHE_TTL.MEDIUM,       isValid: (value) => Boolean(value && typeof value === 'object' && Array.isArray(value.episodes)),     },   ); }","Normalized Jikan episode list (episode METADATA only - never stream URLs). @param {number|string} malId MyAnimeList ID (NOT an AniList ID). @param {{ page?: number }} [options] @returns {Promise<object>}",""
"Function:src/services/jikan.service.js:getEpisodes.isValid@63:6","isValid","src/services/jikan.service.js",63,63,true,"      isValid: (value) => Boolean(value && typeof value === 'object' && Array.isArray(value.episodes)),","",""
"Function:src/services/jikan.service.js:searchAnime","searchAnime","src/services/jikan.service.js",74,84,true,"export async function searchAnime(query, options = {}) {   if (typeof query !== 'string' || !query.trim()) {     throw new ValidationError('Search query is required');   }   const key = `jikan:search:${query.trim()}:${JSON.stringify(options)}`;   return cacheManager.getOrLoad(     key,     async () => normalizeJikanPage(await jikanProvider.searchAnime(query, options)),     { ttlSeconds: CACHE_TTL.MEDIUM, isValid: isValidJikanSearchPage },   ); }","Normalized Jikan search results (cards + page info). @param {string} query @param {{ page?: number, limit?: number }} [options] @returns {Promise<import('../normalizers/jikan.types.js').JikanSearchPage>}",""
