id,name,filePath,startLine,endLine,content,description,declaredType,isDetail
"Property:src/providers/anilist/anilist.provider.js:AnilistProvider.getRecommendations.id@166:24","id","src/providers/anilist/anilist.provider.js",166,166,"    const variables = { id };","","",false
"Property:src/providers/anilist/anilist.provider.js:AnilistProvider._buildPageVariables.page@238:6","page","src/providers/anilist/anilist.provider.js",238,238,"      page: options.page ?? 1,","","",false
"Property:src/providers/anilist/anilist.provider.js:AnilistProvider._buildPageVariables.perPage@239:6","perPage","src/providers/anilist/anilist.provider.js",239,239,"      perPage: options.perPage ?? 20,","","",false
"Property:src/providers/anilist/anilist.provider.js:AnilistProvider._buildPageVariables.sort@240:6","sort","src/providers/anilist/anilist.provider.js",240,246,"      sort: Array.isArray(options.sort)         ? options.sort         : options.sort           ? [options.sort]           : isSearch             ? ['SEARCH_MATCH']             : ['POPULARITY_DESC'],","","",false
"Property:src/utils/html.js:HTML_ENTITIES.amp","amp","src/utils/html.js",15,15,"  amp: '&',","","",false
"Property:src/utils/html.js:HTML_ENTITIES.lt","lt","src/utils/html.js",16,16,"  lt: '<',","","",false
"Property:src/utils/html.js:HTML_ENTITIES.gt","gt","src/utils/html.js",17,17,"  gt: '>',","","",false
"Property:src/utils/html.js:HTML_ENTITIES.quot","quot","src/utils/html.js",18,18,"  quot: '""',","","",false
"Property:src/utils/html.js:HTML_ENTITIES.apos","apos","src/utils/html.js",19,19,"  apos: ""'"",","","",false
"Property:src/utils/html.js:HTML_ENTITIES.nbsp","nbsp","src/utils/html.js",20,20,"  nbsp: ' ',","","",false
"Property:src/utils/html.js:HTML_ENTITIES.mdash","mdash","src/utils/html.js",21,21,"  mdash: '—',","","",false
"Property:src/utils/html.js:HTML_ENTITIES.ndash","ndash","src/utils/html.js",22,22,"  ndash: '–',","","",false
"Property:src/utils/html.js:HTML_ENTITIES.hellip","hellip","src/utils/html.js",23,23,"  hellip: '…',","","",false
"Property:src/utils/html.js:HTML_ENTITIES.lsquo","lsquo","src/utils/html.js",24,24,"  lsquo: '‘',","","",false
"Property:src/utils/html.js:HTML_ENTITIES.rsquo","rsquo","src/utils/html.js",25,25,"  rsquo: '’',","","",false
"Property:src/utils/html.js:HTML_ENTITIES.ldquo","ldquo","src/utils/html.js",26,26,"  ldquo: '“',","","",false
"Property:src/utils/html.js:HTML_ENTITIES.rdquo","rdquo","src/utils/html.js",27,27,"  rdquo: '”',","","",false
"Property:src/normalizers/tmdb.normalizer.js:normalizeTmdbCandidate.tmdbId@53:4","tmdbId","src/normalizers/tmdb.normalizer.js",53,53,"    tmdbId,","","",true
"Property:src/normalizers/tmdb.normalizer.js:normalizeTmdbCandidate.mediaType@54:4","mediaType","src/normalizers/tmdb.normalizer.js",54,54,"    mediaType: mediaType === 'movie' ? 'movie' : 'tv',","","",true
"Property:src/normalizers/tmdb.normalizer.js:normalizeTmdbCandidate.title@55:4","title","src/normalizers/tmdb.normalizer.js",55,55,"    title: str(raw?.name) ?? str(raw?.title),","","",true
"Property:src/normalizers/tmdb.normalizer.js:normalizeTmdbCandidate.originalTitle@56:4","originalTitle","src/normalizers/tmdb.normalizer.js",56,56,"    originalTitle: str(raw?.original_name) ?? str(raw?.original_title),","","",true
"Property:src/normalizers/tmdb.normalizer.js:normalizeTmdbCandidate.year@57:4","year","src/normalizers/tmdb.normalizer.js",57,57,"    year: extractYear(raw?.first_air_date ?? raw?.release_date),","","",true
"Property:src/normalizers/tmdb.normalizer.js:normalizeTmdbCandidate.popularity@58:4","popularity","src/normalizers/tmdb.normalizer.js",58,58,"    popularity: numberOrNull(raw?.popularity),","","",true
"Property:src/normalizers/tmdb.normalizer.js:normalizeTmdbCandidate.images@59:4","images","src/normalizers/tmdb.normalizer.js",59,62,"    images: {       poster: tmdbImageUrl(raw?.poster_path, 'w500'),       backdrop: tmdbImageUrl(raw?.backdrop_path, 'original'),     },","","",true
"Property:src/normalizers/tmdb.normalizer.js:normalizeTmdbVisual.resolved@87:4","resolved","src/normalizers/tmdb.normalizer.js",87,87,"    resolved: true,","","",true
"Property:src/normalizers/tmdb.normalizer.js:normalizeTmdbVisual.tmdbId@88:4","tmdbId","src/normalizers/tmdb.normalizer.js",88,88,"    tmdbId: candidate.tmdbId,","","",true
"Property:src/normalizers/tmdb.normalizer.js:normalizeTmdbVisual.mediaType@89:4","mediaType","src/normalizers/tmdb.normalizer.js",89,89,"    mediaType: candidate.mediaType,","","",true
"Property:src/normalizers/tmdb.normalizer.js:normalizeTmdbVisual.images@90:4","images","src/normalizers/tmdb.normalizer.js",90,95,"    images: {       // Both come from the actual TMDB backdrop path - a poster is never       // turned into a fake backdrop/banner.       backdrop: candidate.images.backdrop,       banner: candidate.images.backdrop,     },","","",true
"Property:src/normalizers/tmdb.normalizer.js:normalizeTmdbVisual.poster@96:4","poster","src/normalizers/tmdb.normalizer.js",96,96,"    poster: candidate.images.poster,","","",true
"Property:src/normalizers/tmdb.normalizer.js:normalizeTmdbVisual.reason@97:4","reason","src/normalizers/tmdb.normalizer.js",97,97,"    reason: null,","","",true
"Property:src/normalizers/tmdb.normalizer.js:createUnresolvedTmdbVisual.resolved@109:4","resolved","src/normalizers/tmdb.normalizer.js",109,109,"    resolved: false,","","",true
"Property:src/normalizers/tmdb.normalizer.js:createUnresolvedTmdbVisual.tmdbId@110:4","tmdbId","src/normalizers/tmdb.normalizer.js",110,110,"    tmdbId: null,","","",true
"Property:src/normalizers/tmdb.normalizer.js:createUnresolvedTmdbVisual.mediaType@111:4","mediaType","src/normalizers/tmdb.normalizer.js",111,111,"    mediaType: null,","","",true
"Property:src/normalizers/tmdb.normalizer.js:createUnresolvedTmdbVisual.images@112:4","images","src/normalizers/tmdb.normalizer.js",112,112,"    images: null,","","",true
"Property:src/normalizers/tmdb.normalizer.js:createUnresolvedTmdbVisual.poster@113:4","poster","src/normalizers/tmdb.normalizer.js",113,113,"    poster: null,","","",true
"Property:src/normalizers/tmdb.normalizer.js:createUnresolvedTmdbVisual.reason@114:4","reason","src/normalizers/tmdb.normalizer.js",114,114,"    reason: str(reason) ?? 'unresolved',","","",true
"Property:src/normalizers/tmdb.normalizer.js:normalizeTmdbDetails.resolved@129:4","resolved","src/normalizers/tmdb.normalizer.js",129,129,"    resolved: true,","","",true
"Property:src/normalizers/tmdb.normalizer.js:normalizeTmdbDetails.tmdbId@130:4","tmdbId","src/normalizers/tmdb.normalizer.js",130,130,"    tmdbId,","","",true
"Property:src/normalizers/tmdb.normalizer.js:normalizeTmdbDetails.mediaType@131:4","mediaType","src/normalizers/tmdb.normalizer.js",131,131,"    mediaType: mediaType === 'movie' ? 'movie' : 'tv',","","",true
"Property:src/normalizers/tmdb.normalizer.js:normalizeTmdbDetails.images@132:4","images","src/normalizers/tmdb.normalizer.js",132,135,"    images: {       backdrop: tmdbImageUrl(raw?.backdrop_path, 'original'),       banner: tmdbImageUrl(raw?.backdrop_path, 'original'),     },","","",true
"Property:src/normalizers/tmdb.normalizer.js:normalizeTmdbDetails.poster@136:4","poster","src/normalizers/tmdb.normalizer.js",136,136,"    poster: tmdbImageUrl(raw?.poster_path, 'w500'),","","",true
"Property:src/normalizers/tmdb.normalizer.js:normalizeTmdbDetails.reason@137:4","reason","src/normalizers/tmdb.normalizer.js",137,137,"    reason: null,","","",true
"Property:tests/normalizer.test.js:fullMedia.id","id","tests/normalizer.test.js",18,18,"  id: 1,","","",false
"Property:tests/normalizer.test.js:fullMedia.idMal","idMal","tests/normalizer.test.js",19,19,"  idMal: 1,","","",false
"Property:tests/normalizer.test.js:fullMedia.title","title","tests/normalizer.test.js",20,20,"  title: { romaji: 'Cowboy Bebop', english: 'Cowboy Bebop', native: 'カウボーイビバップ', userPreferred: 'Cowboy Bebop' },","","",false
"Property:tests/normalizer.test.js:fullMedia.description","description","tests/normalizer.test.js",21,21,"  description: 'In the year 2071, humanity has colonized<br>several of the planets and moons of the solar system. <i>Bounty hunters</i> roam the galaxy.',","","",false
"Property:tests/normalizer.test.js:fullMedia.coverImage","coverImage","tests/normalizer.test.js",22,22,"  coverImage: { extraLarge: 'https://img.example/xl.jpg', large: 'https://img.example/l.jpg', medium: 'https://img.example/m.jpg' },","","",false
"Property:tests/normalizer.test.js:fullMedia.bannerImage","bannerImage","tests/normalizer.test.js",23,23,"  bannerImage: 'https://img.example/banner.jpg',","","",false
"Property:tests/normalizer.test.js:fullMedia.type","type","tests/normalizer.test.js",24,24,"  type: 'ANIME',","","",false
"Property:tests/normalizer.test.js:fullMedia.format","format","tests/normalizer.test.js",25,25,"  format: 'TV',","","",false
"Property:tests/normalizer.test.js:fullMedia.status","status","tests/normalizer.test.js",26,26,"  status: 'FINISHED',","","",false
"Property:tests/normalizer.test.js:fullMedia.episodes","episodes","tests/normalizer.test.js",27,27,"  episodes: 26,","","",false
"Property:tests/normalizer.test.js:fullMedia.duration","duration","tests/normalizer.test.js",28,28,"  duration: 24,","","",false
"Property:tests/normalizer.test.js:fullMedia.season","season","tests/normalizer.test.js",29,29,"  season: 'SPRING',","","",false
"Property:tests/normalizer.test.js:fullMedia.seasonYear","seasonYear","tests/normalizer.test.js",30,30,"  seasonYear: 1998,","","",false
"Property:tests/normalizer.test.js:fullMedia.genres","genres","tests/normalizer.test.js",31,31,"  genres: ['Action', 'Sci-Fi'],","","",false
"Property:tests/normalizer.test.js:fullMedia.synonyms","synonyms","tests/normalizer.test.js",32,32,"  synonyms: ['Kaubōi Bibappu'],","","",false
"Property:tests/normalizer.test.js:fullMedia.studios","studios","tests/normalizer.test.js",33,33,"  studios: { nodes: [{ name: 'Sunrise' }] },","","",false
"Property:tests/normalizer.test.js:fullMedia.startDate","startDate","tests/normalizer.test.js",34,34,"  startDate: { year: 1998, month: 4, day: 3 },","","",false
"Property:tests/normalizer.test.js:fullMedia.endDate","endDate","tests/normalizer.test.js",35,35,"  endDate: { year: 1999, month: 4, day: 24 },","","",false
"Property:tests/normalizer.test.js:fullMedia.averageScore","averageScore","tests/normalizer.test.js",36,36,"  averageScore: 86,","","",false
"Property:tests/normalizer.test.js:fullMedia.popularity","popularity","tests/normalizer.test.js",37,37,"  popularity: 200000,","","",false
"Property:src/providers/http-client.js:httpRequest.data@92:82","data","src/providers/http-client.js",92,92,"    return { status: response.status, ok: response.ok, headers: response.headers, data };","","",true
"Property:src/providers/http-client.js:httpRequest.headers@92:55","headers","src/providers/http-client.js",92,92,"    return { status: response.status, ok: response.ok, headers: response.headers, data };","","",true
"Property:src/providers/http-client.js:httpRequest.ok@92:38","ok","src/providers/http-client.js",92,92,"    return { status: response.status, ok: response.ok, headers: response.headers, data };","","",true
"Property:src/providers/http-client.js:httpRequest.status@92:13","status","src/providers/http-client.js",92,92,"    return { status: response.status, ok: response.ok, headers: response.headers, data };","","",true
"Property:tests/api-details.test.js:anilistAnimeHandler.fn@44:9.data@48:15","data","tests/api-details.test.js",48,48,"      return { data: { Media: null } };","","",true
"Property:tests/api-details.test.js:anilistAnimeHandler.fn@44:9.data@50:13","data","tests/api-details.test.js",50,50,"    return { data: { Media: anilistMedia({ id: 123, idMal }) } };","","",true
"Property:tests/api-details.test.js:fn@227:91.anilist@232:13.json@233:41","json","tests/api-details.test.js",233,233,"      if (failing) return { status: 500, json: { error: 'boom' } };","","",true
"Property:tests/api-details.test.js:fn@227:91.anilist@232:13.status@233:28","status","tests/api-details.test.js",233,233,"      if (failing) return { status: 500, json: { error: 'boom' } };","","",true
"Property:tests/api-episodes-jikan.test.js:fn@51:89.anilist@54:13.data@56:15","data","tests/api-episodes-jikan.test.js",56,56,"      return { data: { Media: anilistMedia({ id: 123, idMal: 456 }) } };","","",true
"Property:tests/api-episodes-jikan.test.js:fn@111:88.anilist@114:13.data@116:15","data","tests/api-episodes-jikan.test.js",116,116,"      return { data: { Media: anilistMedia({ id: 321, idMal: null }) } };","","",true
"Property:tests/api-episodes-jikan.test.js:fn@180:93.anilist@183:13.data@185:15","data","tests/api-episodes-jikan.test.js",185,185,"      return { data: { Media: anilistMedia({ id: 123, idMal: 456 }) } };","","",true
"Property:tests/api-episodes-jikan.test.js:fn@211:104.anilist@214:13.data@216:15","data","tests/api-episodes-jikan.test.js",216,216,"      return { data: { Media: anilistMedia({ id: 123, idMal: null }) } };","","",true
"Property:src/config/env.js:schema.NODE_ENV","NODE_ENV","src/config/env.js",56,56,"  NODE_ENV: { default: 'development', description: 'development | production | test' },","","",false
"Property:src/config/env.js:schema.PORT","PORT","src/config/env.js",57,57,"  PORT: { default: '8080', transform: toNumber, description: 'Port for the Node server shell.' },","","",false
"Property:src/config/env.js:schema.HOST","HOST","src/config/env.js",58,58,"  HOST: { default: '0.0.0.0', description: 'Bind host for the Node server shell.' },","","",false
"Property:src/config/env.js:schema.CORS_ORIGIN","CORS_ORIGIN","src/config/env.js",60,60,"  CORS_ORIGIN: { default: '*', description: 'Comma-separated allowed origins or ""*"".' },","","",false
"Property:src/config/env.js:schema.ANILIST_API_URL","ANILIST_API_URL","src/config/env.js",62,62,"  ANILIST_API_URL: { default: 'https://graphql.anilist.co' },","","",false
"Property:src/config/env.js:schema.JIKAN_API_URL","JIKAN_API_URL","src/config/env.js",63,63,"  JIKAN_API_URL: { default: 'https://api.jikan.moe/v4' },","","",false
"Property:src/config/env.js:schema.TMDB_API_URL","TMDB_API_URL","src/config/env.js",64,64,"  TMDB_API_URL: { default: 'https://api.themoviedb.org/3' },","","",false
"Property:src/config/env.js:schema.MEGAPLAY_API_URL","MEGAPLAY_API_URL","src/config/env.js",65,65,"  MEGAPLAY_API_URL: { default: 'https://megaplay.buzz' },","","",false
"Property:src/config/env.js:schema.TMDB_API_KEY","TMDB_API_KEY","src/config/env.js",67,67,"  TMDB_API_KEY: { required: false, secret: true, default: '' },","","",false
"Property:src/config/env.js:schema.SUPABASE_URL","SUPABASE_URL","src/config/env.js",69,69,"  SUPABASE_URL: { required: false, default: '' },","","",false
"Property:src/config/env.js:schema.SUPABASE_ANON_KEY","SUPABASE_ANON_KEY","src/config/env.js",70,70,"  SUPABASE_ANON_KEY: { required: false, secret: true, default: '' },","","",false
"Property:src/config/env.js:schema.SUPABASE_SERVICE_ROLE_KEY","SUPABASE_SERVICE_ROLE_KEY","src/config/env.js",73,73,"  SUPABASE_SERVICE_ROLE_KEY: { required: false, secret: true, default: '' },","","",false
"Property:src/config/env.js:schema.CACHE_DEFAULT_TTL_SECONDS","CACHE_DEFAULT_TTL_SECONDS","src/config/env.js",75,75,"  CACHE_DEFAULT_TTL_SECONDS: { default: '300', transform: toNumber },","","",false
"Property:src/config/env.js:schema.REQUEST_TIMEOUT_MS","REQUEST_TIMEOUT_MS","src/config/env.js",76,76,"  REQUEST_TIMEOUT_MS: { default: '10000', transform: toNumber },","","",false
"Property:src/config/env.js:schema.LOG_LEVEL","LOG_LEVEL","src/config/env.js",78,78,"  LOG_LEVEL: { default: 'info', description: 'debug | info | warn | error' },","","",false
"Property:tests/api-home.test.js:sectionHandler.fn@41:9.json@44:56","json","tests/api-home.test.js",44,44,"    if (failSorts.includes(sort)) return { status: 500, json: { error: 'boom' } };","","",true
"Property:tests/api-home.test.js:sectionHandler.fn@41:9.status@44:43","status","tests/api-home.test.js",44,44,"    if (failSorts.includes(sort)) return { status: 500, json: { error: 'boom' } };","","",true
"Property:tests/api-home.test.js:fn@138:88.anilist@143:13.json@144:41","json","tests/api-home.test.js",144,144,"      if (failing) return { status: 500, json: { error: 'boom' } };","","",true
"Property:tests/api-home.test.js:fn@138:88.anilist@143:13.status@144:28","status","tests/api-home.test.js",144,144,"      if (failing) return { status: 500, json: { error: 'boom' } };","","",true
"Property:tests/health.test.js:startTestServer.baseUrl@26:4","baseUrl","tests/health.test.js",26,26,"    baseUrl: `http://127.0.0.1:${port}`,","","",true
"Property:tests/tmdb-normalizer.test.js:rawTv.id","id","tests/tmdb-normalizer.test.js",40,40,"  id: 789,","","",false
"Property:tests/tmdb-normalizer.test.js:rawTv.name","name","tests/tmdb-normalizer.test.js",41,41,"  name: 'One Punch Man',","","",false
"Property:tests/tmdb-normalizer.test.js:rawTv.original_name","original_name","tests/tmdb-normalizer.test.js",42,42,"  original_name: 'ワンパンマン',","","",false
"Property:tests/tmdb-normalizer.test.js:rawTv.first_air_date","first_air_date","tests/tmdb-normalizer.test.js",43,43,"  first_air_date: '2015-10-04',","","",false
"Property:tests/tmdb-normalizer.test.js:rawTv.popularity","popularity","tests/tmdb-normalizer.test.js",44,44,"  popularity: 250.5,","","",false
"Property:tests/tmdb-normalizer.test.js:rawTv.poster_path","poster_path","tests/tmdb-normalizer.test.js",45,45,"  poster_path: '/poster.jpg',","","",false
"Property:tests/tmdb-normalizer.test.js:rawTv.backdrop_path","backdrop_path","tests/tmdb-normalizer.test.js",46,46,"  backdrop_path: '/backdrop.jpg',","","",false
"Property:tests/tmdb-normalizer.test.js:fn@130:84.title@132:4","title","tests/tmdb-normalizer.test.js",132,132,"    title: { userPreferred: 'One Punch Man', english: 'One-Punch Man', romaji: 'Wanpanman', native: null },","","",false
"Property:tests/tmdb-normalizer.test.js:fn@130:84.enrichment@133:4","enrichment","tests/tmdb-normalizer.test.js",133,137,"    enrichment: {       jikan: {         title: { english: 'One-Punch Man', japanese: 'ワンパンマン', synonyms: ['OPM'] },       },     },","","",false
"Property:src/config/constants.js:PROVIDERS.ANILIST","ANILIST","src/config/constants.js",24,24,"  ANILIST: 'anilist',","","",false
"Property:src/config/constants.js:PROVIDERS.JIKAN","JIKAN","src/config/constants.js",25,25,"  JIKAN: 'jikan',","","",false
"Property:src/config/constants.js:PROVIDERS.TMDB","TMDB","src/config/constants.js",26,26,"  TMDB: 'tmdb',","","",false
"Property:src/config/constants.js:PROVIDERS.MEGAPLAY","MEGAPLAY","src/config/constants.js",27,27,"  MEGAPLAY: 'megaplay',","","",false
"Property:src/config/constants.js:ID_TYPES.ANILIST","ANILIST","src/config/constants.js",36,36,"  ANILIST: 'anilist',","","",false
"Property:src/config/constants.js:ID_TYPES.MAL","MAL","src/config/constants.js",37,37,"  MAL: 'mal',","","",false
"Property:src/config/constants.js:CACHE_TTL.SHORT","SHORT","src/config/constants.js",45,45,"  SHORT: 60, // 1 minute  - fast-changing feeds","","",false
"Property:src/config/constants.js:CACHE_TTL.MEDIUM","MEDIUM","src/config/constants.js",46,46,"  MEDIUM: 300, // 5 minutes - search / listings","","",false
"Property:src/config/constants.js:CACHE_TTL.LONG","LONG","src/config/constants.js",47,47,"  LONG: 3600, // 1 hour    - anime details","","",false
"Property:src/config/constants.js:CACHE_TTL.DAY","DAY","src/config/constants.js",48,48,"  DAY: 86_400, // 24 hours  - rarely-changing metadata","","",false
"Property:src/config/constants.js:CACHE_STATE.FRESH","FRESH","src/config/constants.js",57,57,"  FRESH: 'fresh', // within TTL","","",false
"Property:src/config/constants.js:CACHE_STATE.STALE","STALE","src/config/constants.js",58,58,"  STALE: 'stale', // past TTL but retained for stale-if-error","","",false
"Property:src/config/constants.js:CACHE_STATE.MISS","MISS","src/config/constants.js",59,59,"  MISS: 'miss', // not present","","",false
"Property:src/config/constants.js:STREAM_LANGUAGES.SUB","SUB","src/config/constants.js",64,64,"  SUB: 'sub',","","",false
"Property:src/config/constants.js:STREAM_LANGUAGES.DUB","DUB","src/config/constants.js",65,65,"  DUB: 'dub',","","",false
"Property:src/config/constants.js:STREAM_CACHE_TTL.STREAM","STREAM","src/config/constants.js",77,77,"  STREAM: 300, // 5 minutes - valid stream results (conservative short TTL)","","",false
"Property:src/config/constants.js:STREAM_CACHE_TTL.NO_RESULT","NO_RESULT","src/config/constants.js",78,78,"  NO_RESULT: 60, // 1 minute  - valid no-stream/unresolved lookup results","","",false
"Property:src/config/constants.js:STREAM_LIMITS.MAX_EPISODE","MAX_EPISODE","src/config/constants.js",83,83,"  MAX_EPISODE: 2000,","","",false
"Property:src/config/constants.js:SEARCH_LIMITS.MAX_PER_PAGE","MAX_PER_PAGE","src/config/constants.js",133,133,"  MAX_PER_PAGE: 50,","","",false
"Property:src/config/constants.js:SEARCH_LIMITS.MAX_PAGE","MAX_PAGE","src/config/constants.js",134,134,"  MAX_PAGE: 500,","","",false
"Property:src/config/constants.js:SEARCH_LIMITS.MAX_QUERY_LENGTH","MAX_QUERY_LENGTH","src/config/constants.js",135,135,"  MAX_QUERY_LENGTH: 200,","","",false
"Property:tests/tmdb-service.test.js:buildDeps.provider@33:4","provider","tests/tmdb-service.test.js",33,33,"    provider: new TmdbProvider({ apiKey, timeoutMs }),","","",true
"Property:tests/tmdb-service.test.js:buildDeps.cache@34:4","cache","tests/tmdb-service.test.js",34,34,"    cache: cacheManager, // shared singleton; keys are namespaced per anilistId","","",true
"Property:tests/tmdb-service.test.js:fn@100:70.images@103:67","images","tests/tmdb-service.test.js",103,103,"  const previous = { resolved: true, tmdbId: 789, mediaType: 'tv', images: { backdrop: 'https://x/b.jpg', banner: 'https://x/b.jpg' }, poster: null, reason: null };","","",false
"Property:tests/tmdb-service.test.js:fn@100:70.mediaType@103:50","mediaType","tests/tmdb-service.test.js",103,103,"  const previous = { resolved: true, tmdbId: 789, mediaType: 'tv', images: { backdrop: 'https://x/b.jpg', banner: 'https://x/b.jpg' }, poster: null, reason: null };","","",false
"Property:tests/tmdb-service.test.js:fn@100:70.poster@103:135","poster","tests/tmdb-service.test.js",103,103,"  const previous = { resolved: true, tmdbId: 789, mediaType: 'tv', images: { backdrop: 'https://x/b.jpg', banner: 'https://x/b.jpg' }, poster: null, reason: null };","","",false
"Property:tests/tmdb-service.test.js:fn@100:70.reason@103:149","reason","tests/tmdb-service.test.js",103,103,"  const previous = { resolved: true, tmdbId: 789, mediaType: 'tv', images: { backdrop: 'https://x/b.jpg', banner: 'https://x/b.jpg' }, poster: null, reason: null };","","",false
"Property:tests/tmdb-service.test.js:fn@100:70.resolved@103:21","resolved","tests/tmdb-service.test.js",103,103,"  const previous = { resolved: true, tmdbId: 789, mediaType: 'tv', images: { backdrop: 'https://x/b.jpg', banner: 'https://x/b.jpg' }, poster: null, reason: null };","","",false
"Property:tests/tmdb-service.test.js:fn@100:70.tmdbId@103:37","tmdbId","tests/tmdb-service.test.js",103,103,"  const previous = { resolved: true, tmdbId: 789, mediaType: 'tv', images: { backdrop: 'https://x/b.jpg', banner: 'https://x/b.jpg' }, poster: null, reason: null };","","",false
"Property:tests/tmdb-service.test.js:fn@170:82.anilistId@174:42","anilistId","tests/tmdb-service.test.js",174,174,"  const target = { ...canonical, id: 128, anilistId: 128 }; // id mirrors anilistId","","",false
"Property:tests/tmdb-service.test.js:fn@170:82.id@174:33","id","tests/tmdb-service.test.js",174,174,"  const target = { ...canonical, id: 128, anilistId: 128 }; // id mirrors anilistId","","",false
"Property:tests/helpers/test-server.js:startTestServer.baseUrl@42:4","baseUrl","tests/helpers/test-server.js",42,42,"    baseUrl: `http://127.0.0.1:${port}`,","","",true
"Property:tests/helpers/test-server.js:installApiMocks.fn@84:21.init@85:37","init","tests/helpers/test-server.js",85,85,"    const call = { url: String(url), init, method: init.method ?? 'GET' };","","",false
"Property:tests/helpers/test-server.js:installApiMocks.fn@84:21.method@85:43","method","tests/helpers/test-server.js",85,85,"    const call = { url: String(url), init, method: init.method ?? 'GET' };","","",false
"Property:tests/helpers/test-server.js:installApiMocks.fn@84:21.url@85:19","url","tests/helpers/test-server.js",85,85,"    const call = { url: String(url), init, method: init.method ?? 'GET' };","","",false
"Property:tests/helpers/test-server.js:installApiMocks.calls@112:4","calls","tests/helpers/test-server.js",112,112,"    calls,","","",true
"Property:tests/helpers/test-server.js:anilistMedia.id@157:4","id","tests/helpers/test-server.js",157,157,"    id,","","",true
"Property:tests/helpers/test-server.js:anilistMedia.idMal@158:4","idMal","tests/helpers/test-server.js",158,158,"    idMal,","","",true
"Property:tests/helpers/test-server.js:anilistMedia.title@159:4","title","tests/helpers/test-server.js",159,159,"    title: { romaji: title, english: `${title} EN`, native: 'テスト', userPreferred: title },","","",true
"Property:tests/helpers/test-server.js:anilistMedia.description@160:4","description","tests/helpers/test-server.js",160,160,"    description: '<p>A <b>test</b> anime & more.</p>',","","",true
"Property:tests/helpers/test-server.js:anilistMedia.coverImage@161:4","coverImage","tests/helpers/test-server.js",161,161,"    coverImage: { extraLarge: coverImage, large: coverImage, medium: coverImage },","","",true
"Property:tests/helpers/test-server.js:anilistMedia.bannerImage@162:4","bannerImage","tests/helpers/test-server.js",162,162,"    bannerImage,","","",true
"Property:tests/helpers/test-server.js:anilistMedia.type@163:4","type","tests/helpers/test-server.js",163,163,"    type: 'ANIME',","","",true
"Property:tests/helpers/test-server.js:anilistMedia.format@164:4","format","tests/helpers/test-server.js",164,164,"    format,","","",true
"Property:tests/helpers/test-server.js:anilistMedia.status@165:4","status","tests/helpers/test-server.js",165,165,"    status: 'FINISHED',","","",true
"Property:tests/helpers/test-server.js:anilistMedia.episodes@166:4","episodes","tests/helpers/test-server.js",166,166,"    episodes: 12,","","",true
"Property:tests/helpers/test-server.js:anilistMedia.duration@167:4","duration","tests/helpers/test-server.js",167,167,"    duration: 24,","","",true
"Property:tests/helpers/test-server.js:anilistMedia.season@168:4","season","tests/helpers/test-server.js",168,168,"    season: 'WINTER',","","",true
"Property:tests/helpers/test-server.js:anilistMedia.seasonYear@169:4","seasonYear","tests/helpers/test-server.js",169,169,"    seasonYear: 2023,","","",true
"Property:tests/helpers/test-server.js:anilistMedia.genres@170:4","genres","tests/helpers/test-server.js",170,170,"    genres: ['Action', 'Adventure'],","","",true
"Property:tests/helpers/test-server.js:anilistMedia.synonyms@171:4","synonyms","tests/helpers/test-server.js",171,171,"    synonyms: [`${title} Alt`],","","",true
"Property:tests/helpers/test-server.js:anilistMedia.startDate@172:4","startDate","tests/helpers/test-server.js",172,172,"    startDate: { year: 2023, month: 1, day: 10 },","","",true
"Property:tests/helpers/test-server.js:anilistMedia.endDate@173:4","endDate","tests/helpers/test-server.js",173,173,"    endDate: { year: 2023, month: 3, day: 28 },","","",true
"Property:tests/helpers/test-server.js:anilistMedia.averageScore@174:4","averageScore","tests/helpers/test-server.js",174,174,"    averageScore: 85,","","",true
"Property:tests/helpers/test-server.js:anilistMedia.popularity@175:4","popularity","tests/helpers/test-server.js",175,175,"    popularity: 100000,","","",true
"Property:tests/helpers/test-server.js:anilistMedia.studios@176:4","studios","tests/helpers/test-server.js",176,176,"    studios: { nodes: [{ name: 'Test Studio' }] },","","",true
"Property:tests/helpers/test-server.js:anilistPage.data@186:11","data","tests/helpers/test-server.js",186,186,"  return { data: { Page: { pageInfo, media } } };","","",true
"Property:tests/helpers/test-server.js:jikanAnime.data@195:4","data","tests/helpers/test-server.js",195,218,"    data: {       mal_id: malId,       title,       title_english: `${title} EN`,       title_japanese: 'テスト',       images: { jpg: { image_url: 'https://cdn.jikan.moe/img.jpg', large_image_url: 'https://cdn.jikan.moe/img_l.jpg', small_image_url: 'https://cdn.jikan.moe/img_s.jpg' }, webp: {} },       synopsis: 'A test synopsis.',       background: null,       genres: [{ mal_id: 1, name: 'Action' }],       studios: [{ mal_id: 5, name: 'Test Studio' }],       producers: [],       score: 8.5,       rank: 100,       members: 90000,       favorites: 1000,       aired: { from: '2023-01-10T00:00:00+00:00', to: '2023-03-28T00:00:00+00:00', prop: { from: { year: 2023, month: 1, day: 10 }, to: { year: 2023, month: 3, day: 28 } }, string: 'Jan 10, 2023 to Mar 28, 2023' },       season: 'winter',       year: 2023,       type: 'TV',       status: 'Finished Airing',       episodes: 12,       duration: '24 min per ep',       ...extra,     },","","",true
"Property:tests/helpers/test-server.js:jikanEpisodes.json@227:24","json","tests/helpers/test-server.js",227,227,"  return { status: 200, json: { pagination: pageInfo, data: episodes } };","","",true
"Property:tests/helpers/test-server.js:jikanEpisodes.status@227:11","status","tests/helpers/test-server.js",227,227,"  return { status: 200, json: { pagination: pageInfo, data: episodes } };","","",true
"Property:tests/helpers/test-server.js:jikanEpisode.aired@235:91","aired","tests/helpers/test-server.js",235,235,"  return { mal_id: malId, number, title, title_japanese: '第1話', title_romanji: 'Dai 1 Wa', aired: '2023-01-10T00:00:00+00:00', score: 8, filler: false, recap: false, forum_url: null, url: null };","","",true
"Property:tests/helpers/test-server.js:jikanEpisode.filler@235:137","filler","tests/helpers/test-server.js",235,235,"  return { mal_id: malId, number, title, title_japanese: '第1話', title_romanji: 'Dai 1 Wa', aired: '2023-01-10T00:00:00+00:00', score: 8, filler: false, recap: false, forum_url: null, url: null };","","",true
"Property:tests/helpers/test-server.js:jikanEpisode.forum_url@235:166","forum_url","tests/helpers/test-server.js",235,235,"  return { mal_id: malId, number, title, title_japanese: '第1話', title_romanji: 'Dai 1 Wa', aired: '2023-01-10T00:00:00+00:00', score: 8, filler: false, recap: false, forum_url: null, url: null };","","",true
"Property:tests/helpers/test-server.js:jikanEpisode.mal_id@235:11","mal_id","tests/helpers/test-server.js",235,235,"  return { mal_id: malId, number, title, title_japanese: '第1話', title_romanji: 'Dai 1 Wa', aired: '2023-01-10T00:00:00+00:00', score: 8, filler: false, recap: false, forum_url: null, url: null };","","",true
"Property:tests/helpers/test-server.js:jikanEpisode.number@235:26","number","tests/helpers/test-server.js",235,235,"  return { mal_id: malId, number, title, title_japanese: '第1話', title_romanji: 'Dai 1 Wa', aired: '2023-01-10T00:00:00+00:00', score: 8, filler: false, recap: false, forum_url: null, url: null };","","",true
"Property:tests/helpers/test-server.js:jikanEpisode.recap@235:152","recap","tests/helpers/test-server.js",235,235,"  return { mal_id: malId, number, title, title_japanese: '第1話', title_romanji: 'Dai 1 Wa', aired: '2023-01-10T00:00:00+00:00', score: 8, filler: false, recap: false, forum_url: null, url: null };","","",true
"Property:tests/helpers/test-server.js:jikanEpisode.score@235:127","score","tests/helpers/test-server.js",235,235,"  return { mal_id: malId, number, title, title_japanese: '第1話', title_romanji: 'Dai 1 Wa', aired: '2023-01-10T00:00:00+00:00', score: 8, filler: false, recap: false, forum_url: null, url: null };","","",true
"Property:tests/helpers/test-server.js:jikanEpisode.title@235:34","title","tests/helpers/test-server.js",235,235,"  return { mal_id: malId, number, title, title_japanese: '第1話', title_romanji: 'Dai 1 Wa', aired: '2023-01-10T00:00:00+00:00', score: 8, filler: false, recap: false, forum_url: null, url: null };","","",true
"Property:tests/helpers/test-server.js:jikanEpisode.title_japanese@235:41","title_japanese","tests/helpers/test-server.js",235,235,"  return { mal_id: malId, number, title, title_japanese: '第1話', title_romanji: 'Dai 1 Wa', aired: '2023-01-10T00:00:00+00:00', score: 8, filler: false, recap: false, forum_url: null, url: null };","","",true
"Property:tests/helpers/test-server.js:jikanEpisode.title_romanji@235:64","title_romanji","tests/helpers/test-server.js",235,235,"  return { mal_id: malId, number, title, title_japanese: '第1話', title_romanji: 'Dai 1 Wa', aired: '2023-01-10T00:00:00+00:00', score: 8, filler: false, recap: false, forum_url: null, url: null };","","",true
"Property:tests/helpers/test-server.js:jikanEpisode.url@235:183","url","tests/helpers/test-server.js",235,235,"  return { mal_id: malId, number, title, title_japanese: '第1話', title_romanji: 'Dai 1 Wa', aired: '2023-01-10T00:00:00+00:00', score: 8, filler: false, recap: false, forum_url: null, url: null };","","",true
"Property:tests/helpers/test-server.js:tmdbSearchResults.json@243:24","json","tests/helpers/test-server.js",243,243,"  return { status: 200, json: { page: 1, results, total_pages: 1, total_results: results.length } };","","",true
"Property:tests/helpers/test-server.js:tmdbSearchResults.status@243:11","status","tests/helpers/test-server.js",243,243,"  return { status: 200, json: { page: 1, results, total_pages: 1, total_results: results.length } };","","",true
"Property:tests/helpers/test-server.js:tmdbTvCandidate.backdrop_path@251:80","backdrop_path","tests/helpers/test-server.js",251,251,"  return { id, name, original_name: originalName, first_air_date: firstAirDate, backdrop_path: backdropPath, poster_path: '/poster.jpg', popularity };","","",true
"Property:tests/helpers/test-server.js:tmdbTvCandidate.first_air_date@251:50","first_air_date","tests/helpers/test-server.js",251,251,"  return { id, name, original_name: originalName, first_air_date: firstAirDate, backdrop_path: backdropPath, poster_path: '/poster.jpg', popularity };","","",true
"Property:tests/helpers/test-server.js:tmdbTvCandidate.id@251:11","id","tests/helpers/test-server.js",251,251,"  return { id, name, original_name: originalName, first_air_date: firstAirDate, backdrop_path: backdropPath, poster_path: '/poster.jpg', popularity };","","",true
"Property:tests/helpers/test-server.js:tmdbTvCandidate.name@251:15","name","tests/helpers/test-server.js",251,251,"  return { id, name, original_name: originalName, first_air_date: firstAirDate, backdrop_path: backdropPath, poster_path: '/poster.jpg', popularity };","","",true
"Property:tests/helpers/test-server.js:tmdbTvCandidate.original_name@251:21","original_name","tests/helpers/test-server.js",251,251,"  return { id, name, original_name: originalName, first_air_date: firstAirDate, backdrop_path: backdropPath, poster_path: '/poster.jpg', popularity };","","",true
"Property:tests/helpers/test-server.js:tmdbTvCandidate.popularity@251:137","popularity","tests/helpers/test-server.js",251,251,"  return { id, name, original_name: originalName, first_air_date: firstAirDate, backdrop_path: backdropPath, poster_path: '/poster.jpg', popularity };","","",true
"Property:tests/helpers/test-server.js:tmdbTvCandidate.poster_path@251:109","poster_path","tests/helpers/test-server.js",251,251,"  return { id, name, original_name: originalName, first_air_date: firstAirDate, backdrop_path: backdropPath, poster_path: '/poster.jpg', popularity };","","",true
"Property:src/identity/id-types.js:createAnimeIdentity.id@73:4","id","src/identity/id-types.js",73,73,"    id: normalizedAnilist, // AniList is the primary identity; never a MAL ID.","","",true
"Property:src/identity/id-types.js:createAnimeIdentity.anilistId@74:4","anilistId","src/identity/id-types.js",74,74,"    anilistId: normalizedAnilist,","","",true
"Property:src/identity/id-types.js:createAnimeIdentity.malId@75:4","malId","src/identity/id-types.js",75,75,"    malId: normalizedMal,","","",true
"Property:src/identity/id-types.js:createIdentityResult.anilistId@138:4","anilistId","src/identity/id-types.js",138,138,"    anilistId: normalizedAnilist,","","",true
"Property:src/identity/id-types.js:createIdentityResult.malId@139:4","malId","src/identity/id-types.js",139,139,"    malId: normalizedMal,","","",true
"Property:src/identity/id-types.js:createIdentityResult.source@140:4","source","src/identity/id-types.js",140,140,"    source: resolved ? 'anilist' : null,","","",true
"Property:src/identity/id-types.js:createIdentityResult.confidence@141:4","confidence","src/identity/id-types.js",141,141,"    confidence: resolved ? 'provider' : null,","","",true
"Property:src/identity/id-types.js:createIdentityResult.resolved@142:4","resolved","src/identity/id-types.js",142,142,"    resolved,","","",true
"Property:tests/stream-resolver.test.js:rawStream.data@36:11","data","tests/stream-resolver.test.js",36,36,"  return { data: { success: true, sources: [{ url, quality: '1080p' }] }, url: urlUsed };","","",true
"Property:tests/stream-resolver.test.js:rawStream.url@36:74","url","tests/stream-resolver.test.js",36,36,"  return { data: { success: true, sources: [{ url, quality: '1080p' }] }, url: urlUsed };","","",true
"Property:tests/stream-resolver.test.js:fakeMegaplay.calls@43:4","calls","tests/stream-resolver.test.js",43,43,"    calls,","","",true
"Property:tests/stream-resolver.test.js:fakeIdentity.calls@61:4","calls","tests/stream-resolver.test.js",61,61,"    calls,","","",true
"Property:tests/stream-resolver.test.js:fakeL2.name@82:4","name","tests/stream-resolver.test.js",82,82,"    name: 'fake-l2',","","",true
"Property:tests/stream-resolver.test.js:fakeL2.map@83:4","map","tests/stream-resolver.test.js",83,83,"    map,","","",true
"Property:src/normalizers/anime.merge.js:mergeJikanIntoCanonical.id@123:4","id","src/normalizers/anime.merge.js",123,123,"    id: canonical.id,","","",true
"Property:src/normalizers/anime.merge.js:mergeJikanIntoCanonical.anilistId@124:4","anilistId","src/normalizers/anime.merge.js",124,124,"    anilistId: canonical.anilistId,","","",true
"Property:src/normalizers/anime.merge.js:mergeJikanIntoCanonical.malId@126:4","malId","src/normalizers/anime.merge.js",126,126,"    malId: canonical.malId ?? jikan.malId,","","",true
"Property:src/normalizers/anime.merge.js:mergeJikanIntoCanonical.title@129:4","title","src/normalizers/anime.merge.js",129,134,"    title: {       romaji: canonical.title.romaji,       english: canonical.title.english ?? jikan.title.english,       native: canonical.title.native ?? jikan.title.japanese,       userPreferred: canonical.title.userPreferred, // never overwritten     },","","",true
"Property:src/normalizers/anime.merge.js:mergeJikanIntoCanonical.description@136:4","description","src/normalizers/anime.merge.js",136,136,"    description: canonical.description ?? jikan.synopsis,","","",true
"Property:src/normalizers/anime.merge.js:mergeJikanIntoCanonical.images@139:4","images","src/normalizers/anime.merge.js",139,143,"    images: {       poster: canonical.images.poster ?? jikan.images.poster,       cover: canonical.images.cover ?? jikan.images.poster,       banner: canonical.images.banner,     },","","",true
"Property:src/normalizers/anime.merge.js:mergeJikanIntoCanonical.type@146:4","type","src/normalizers/anime.merge.js",146,146,"    type: fillScalar(canonical.type, jikan.type),","","",true
"Property:src/normalizers/anime.merge.js:mergeJikanIntoCanonical.format@147:4","format","src/normalizers/anime.merge.js",147,147,"    format: fillScalar(canonical.format, jikan.type),","","",true
"Property:src/normalizers/anime.merge.js:mergeJikanIntoCanonical.status@148:4","status","src/normalizers/anime.merge.js",148,148,"    status: fillScalar(canonical.status, jikan.status),","","",true
"Property:src/normalizers/anime.merge.js:mergeJikanIntoCanonical.episodes@149:4","episodes","src/normalizers/anime.merge.js",149,149,"    episodes: canonical.episodes ?? jikan.episodes,","","",true
"Property:src/normalizers/anime.merge.js:mergeJikanIntoCanonical.duration@152:4","duration","src/normalizers/anime.merge.js",152,152,"    duration: canonical.duration,","","",true
"Property:src/normalizers/anime.merge.js:mergeJikanIntoCanonical.season@153:4","season","src/normalizers/anime.merge.js",153,153,"    season: fillScalar(canonical.season, jikan.season),","","",true
"Property:src/normalizers/anime.merge.js:mergeJikanIntoCanonical.seasonYear@154:4","seasonYear","src/normalizers/anime.merge.js",154,154,"    seasonYear: canonical.seasonYear ?? jikan.year,","","",true
"Property:src/normalizers/anime.merge.js:mergeJikanIntoCanonical.genres@157:4","genres","src/normalizers/anime.merge.js",157,157,"    genres: fillArray(canonical.genres, jikan.genres),","","",true
"Property:src/normalizers/anime.merge.js:mergeJikanIntoCanonical.studios@158:4","studios","src/normalizers/anime.merge.js",158,158,"    studios: fillArray(canonical.studios, jikan.studios),","","",true
"Property:src/normalizers/anime.merge.js:mergeJikanIntoCanonical.synonyms@159:4","synonyms","src/normalizers/anime.merge.js",159,159,"    synonyms: fillArray(canonical.synonyms, jikan.title.synonyms),","","",true
"Property:src/normalizers/anime.merge.js:mergeJikanIntoCanonical.startDate@162:4","startDate","src/normalizers/anime.merge.js",162,162,"    startDate: canonical.startDate,","","",true
"Property:src/normalizers/anime.merge.js:mergeJikanIntoCanonical.endDate@163:4","endDate","src/normalizers/anime.merge.js",163,163,"    endDate: canonical.endDate,","","",true
"Property:src/normalizers/anime.merge.js:mergeJikanIntoCanonical.averageScore@166:4","averageScore","src/normalizers/anime.merge.js",166,166,"    averageScore: canonical.averageScore,","","",true
"Property:src/normalizers/anime.merge.js:mergeJikanIntoCanonical.popularity@167:4","popularity","src/normalizers/anime.merge.js",167,167,"    popularity: canonical.popularity,","","",true
"Property:src/normalizers/anime.merge.js:mergeJikanIntoCanonical.relations@170:4","relations","src/normalizers/anime.merge.js",170,170,"    relations: canonical.relations,","","",true
"Property:src/normalizers/anime.merge.js:mergeJikanIntoCanonical.source@173:4","source","src/normalizers/anime.merge.js",173,177,"    source: {       anilist: canonical.source?.anilist ?? false,       jikan: true,       tmdb: canonical.source?.tmdb ?? false,     },","","",true
"Property:src/normalizers/anime.merge.js:mergeJikanIntoCanonical.enrichment@181:4","enrichment","src/normalizers/anime.merge.js",181,181,"    enrichment: { ...canonical.enrichment, jikan },","","",true
"Property:src/normalizers/anime.merge.js:mergeTmdbIntoCanonical.images@235:4","images","src/normalizers/anime.merge.js",235,238,"    images: {       ...canonical.images,       banner: canonical.images.banner ?? tmdbVisual.images?.banner ?? null,     },","","",true
"Property:src/normalizers/anime.merge.js:mergeTmdbIntoCanonical.source@239:4","source","src/normalizers/anime.merge.js",239,239,"    source: { ...canonical.source, tmdb: true },","","",true
"Property:src/normalizers/anime.merge.js:mergeTmdbIntoCanonical.enrichment@241:4","enrichment","src/normalizers/anime.merge.js",241,244,"    enrichment: {       ...canonical.enrichment,       tmdb: { tmdbId: tmdbVisual.tmdbId, mediaType: tmdbVisual.mediaType ?? null },     },","","",true
"Property:tests/anime-merge.test.js:anilistRaw.id","id","tests/anime-merge.test.js",21,21,"  id: 123,","","",false
"Property:tests/anime-merge.test.js:anilistRaw.idMal","idMal","tests/anime-merge.test.js",22,22,"  idMal: null, // AniList does not know the MAL ID","","",false
"Property:tests/anime-merge.test.js:anilistRaw.title","title","tests/anime-merge.test.js",23,23,"  title: { romaji: 'AniList Romaji', english: null, native: null, userPreferred: 'AniList Preferred' },","","",false
"Property:tests/anime-merge.test.js:anilistRaw.description","description","tests/anime-merge.test.js",24,24,"  description: 'AniList description',","","",false
"Property:tests/anime-merge.test.js:anilistRaw.coverImage","coverImage","tests/anime-merge.test.js",25,25,"  coverImage: { extraLarge: 'https://img.example/xl.jpg', large: 'https://img.example/l.jpg', medium: null },","","",false
"Property:tests/anime-merge.test.js:anilistRaw.bannerImage","bannerImage","tests/anime-merge.test.js",26,26,"  bannerImage: null,","","",false
"Property:tests/anime-merge.test.js:anilistRaw.type","type","tests/anime-merge.test.js",27,27,"  type: 'ANIME',","","",false
"Property:tests/anime-merge.test.js:anilistRaw.format","format","tests/anime-merge.test.js",28,28,"  format: 'TV',","","",false
"Property:tests/anime-merge.test.js:anilistRaw.status","status","tests/anime-merge.test.js",29,29,"  status: 'FINISHED',","","",false
"Property:tests/anime-merge.test.js:anilistRaw.episodes","episodes","tests/anime-merge.test.js",30,30,"  episodes: 12,","","",false
"Property:tests/anime-merge.test.js:anilistRaw.season","season","tests/anime-merge.test.js",31,31,"  season: 'SPRING',","","",false
"Property:tests/anime-merge.test.js:anilistRaw.seasonYear","seasonYear","tests/anime-merge.test.js",32,32,"  seasonYear: 2024,","","",false
"Property:tests/anime-merge.test.js:anilistRaw.genres","genres","tests/anime-merge.test.js",33,33,"  genres: ['Action'],","","",false
"Property:tests/anime-merge.test.js:anilistRaw.synonyms","synonyms","tests/anime-merge.test.js",34,34,"  synonyms: null,","","",false
"Property:tests/anime-merge.test.js:anilistRaw.studios","studios","tests/anime-merge.test.js",35,35,"  studios: { nodes: [{ name: 'AniList Studio' }] },","","",false
"Property:tests/anime-merge.test.js:anilistRaw.startDate","startDate","tests/anime-merge.test.js",36,36,"  startDate: { year: 2024, month: 4, day: 1 },","","",false
"Property:tests/anime-merge.test.js:anilistRaw.endDate","endDate","tests/anime-merge.test.js",37,37,"  endDate: null,","","",false
"Property:tests/anime-merge.test.js:anilistRaw.averageScore","averageScore","tests/anime-merge.test.js",38,38,"  averageScore: 85,","","",false
"Property:tests/anime-merge.test.js:anilistRaw.popularity","popularity","tests/anime-merge.test.js",39,39,"  popularity: 1000,","","",false
"Property:tests/anime-merge.test.js:jikanRaw.mal_id","mal_id","tests/anime-merge.test.js",44,44,"  mal_id: 456,","","",false
"Property:tests/anime-merge.test.js:jikanRaw.title","title","tests/anime-merge.test.js",45,45,"  title: 'Jikan Default',","","",false
"Property:tests/anime-merge.test.js:jikanRaw.title_english","title_english","tests/anime-merge.test.js",46,46,"  title_english: 'Jikan English',","","",false
"Property:tests/anime-merge.test.js:jikanRaw.title_japanese","title_japanese","tests/anime-merge.test.js",47,47,"  title_japanese: 'Jikan Japanese',","","",false
"Property:tests/anime-merge.test.js:jikanRaw.title_synonyms","title_synonyms","tests/anime-merge.test.js",48,48,"  title_synonyms: ['Jikan Synonym'],","","",false
"Property:tests/anime-merge.test.js:jikanRaw.type","type","tests/anime-merge.test.js",49,49,"  type: 'TV',","","",false
"Property:tests/anime-merge.test.js:jikanRaw.source","source","tests/anime-merge.test.js",50,50,"  source: 'Manga',","","",false
"Property:tests/anime-merge.test.js:jikanRaw.episodes","episodes","tests/anime-merge.test.js",51,51,"  episodes: 12,","","",false
"Property:tests/anime-merge.test.js:jikanRaw.status","status","tests/anime-merge.test.js",52,52,"  status: 'Currently Airing',","","",false
"Property:tests/anime-merge.test.js:jikanRaw.airing","airing","tests/anime-merge.test.js",53,53,"  airing: true,","","",false
"Property:tests/anime-merge.test.js:jikanRaw.aired","aired","tests/anime-merge.test.js",54,54,"  aired: { from: '2024-04-01T00:00:00+00:00', to: null },","","",false
"Property:tests/anime-merge.test.js:jikanRaw.duration","duration","tests/anime-merge.test.js",55,55,"  duration: '23 min per ep',","","",false
"Property:tests/anime-merge.test.js:jikanRaw.rating","rating","tests/anime-merge.test.js",56,56,"  rating: 'PG-13',","","",false
"Property:tests/anime-merge.test.js:jikanRaw.score","score","tests/anime-merge.test.js",57,57,"  score: 7.9,","","",false
"Property:tests/anime-merge.test.js:jikanRaw.scored_by","scored_by","tests/anime-merge.test.js",58,58,"  scored_by: 5000,","","",false
"Property:tests/anime-merge.test.js:jikanRaw.rank","rank","tests/anime-merge.test.js",59,59,"  rank: 500,","","",false
"Property:tests/anime-merge.test.js:jikanRaw.popularity","popularity","tests/anime-merge.test.js",60,60,"  popularity: 800,","","",false
"Property:tests/anime-merge.test.js:jikanRaw.members","members","tests/anime-merge.test.js",61,61,"  members: 90000,","","",false
"Property:tests/anime-merge.test.js:jikanRaw.favorites","favorites","tests/anime-merge.test.js",62,62,"  favorites: 700,","","",false
"Property:tests/anime-merge.test.js:jikanRaw.synopsis","synopsis","tests/anime-merge.test.js",63,63,"  synopsis: 'Jikan synopsis',","","",false
"Property:tests/anime-merge.test.js:jikanRaw.background","background","tests/anime-merge.test.js",64,64,"  background: 'Jikan background',","","",false
"Property:tests/anime-merge.test.js:jikanRaw.season","season","tests/anime-merge.test.js",65,65,"  season: 'spring',","","",false
"Property:tests/anime-merge.test.js:jikanRaw.year","year","tests/anime-merge.test.js",66,66,"  year: 2024,","","",false
"Property:tests/anime-merge.test.js:jikanRaw.genres","genres","tests/anime-merge.test.js",67,67,"  genres: [{ mal_id: 1, name: 'Action' }, { mal_id: 2, name: 'Adventure' }],","","",false
"Property:tests/anime-merge.test.js:jikanRaw.themes","themes","tests/anime-merge.test.js",68,68,"  themes: [{ mal_id: 50, name: 'Space' }],","","",false
"Property:tests/anime-merge.test.js:jikanRaw.demographics","demographics","tests/anime-merge.test.js",69,69,"  demographics: [{ mal_id: 42, name: 'Seinen' }],","","",false
"Property:tests/anime-merge.test.js:jikanRaw.studios","studios","tests/anime-merge.test.js",70,70,"  studios: [{ mal_id: 14, name: 'Jikan Studio' }],","","",false
"Property:tests/anime-merge.test.js:jikanRaw.producers","producers","tests/anime-merge.test.js",71,71,"  producers: [{ mal_id: 16, name: 'Jikan Producer' }],","","",false
"Property:tests/anime-merge.test.js:jikanRaw.images","images","tests/anime-merge.test.js",72,72,"  images: { jpg: { image_url: 'https://jikan.example/p.jpg', large_image_url: 'https://jikan.example/l.jpg' }, webp: {} },","","",false
"Property:tests/anime-merge.test.js:jikanRaw.trailer","trailer","tests/anime-merge.test.js",73,73,"  trailer: { youtube_id: 'abc123', url: 'https://www.youtube.com/watch?v=abc123', embed_url: 'https://www.youtube.com/embed/abc123' },","","",false
"Property:src/services/schedule.service.js:getAiringSchedule.fn@61:4.window@68:8","window","src/services/schedule.service.js",68,68,"        window: { from: fromMs, to: toMs },","","",true
"Property:src/services/schedule.service.js:getAiringSchedule.fn@61:4.pageInfo@69:8","pageInfo","src/services/schedule.service.js",69,72,"        pageInfo:           raw.pageInfo && typeof raw.pageInfo === 'object'             ? { hasNextPage: raw.pageInfo.hasNextPage === true }             : null,","","",true
"Property:src/services/schedule.service.js:getAiringSchedule.fn@61:4.results@74:8","results","src/services/schedule.service.js",74,74,"        results: normalizeAnilistAiringSchedule(raw),","","",true
"Property:tests/jikan-provider.test.js:animeFixture.episodes","episodes","tests/jikan-provider.test.js",23,23,"const animeFixture = { mal_id: 1, title: 'Cowboy Bebop', title_english: 'Cowboy Bebop', episodes: 26 };","","",false
"Property:tests/jikan-provider.test.js:animeFixture.mal_id","mal_id","tests/jikan-provider.test.js",23,23,"const animeFixture = { mal_id: 1, title: 'Cowboy Bebop', title_english: 'Cowboy Bebop', episodes: 26 };","","",false
"Property:tests/jikan-provider.test.js:animeFixture.title","title","tests/jikan-provider.test.js",23,23,"const animeFixture = { mal_id: 1, title: 'Cowboy Bebop', title_english: 'Cowboy Bebop', episodes: 26 };","","",false
"Property:tests/jikan-provider.test.js:animeFixture.title_english","title_english","tests/jikan-provider.test.js",23,23,"const animeFixture = { mal_id: 1, title: 'Cowboy Bebop', title_english: 'Cowboy Bebop', episodes: 26 };","","",false
"Property:tests/jikan-provider.test.js:searchPayload.pagination","pagination","tests/jikan-provider.test.js",25,25,"  pagination: { last_visible_page: 1, has_next_page: false, current_page: 1, items: { count: 1, total: 1, per_page: 20 } },","","",false
"Property:tests/jikan-provider.test.js:searchPayload.data","data","tests/jikan-provider.test.js",26,26,"  data: [animeFixture],","","",false
"Property:src/normalizers/anime.normalizer.js:normalizeAnilistTitle.english@86:32","english","src/normalizers/anime.normalizer.js",86,86,"  const empty = { romaji: null, english: null, native: null, userPreferred: null };","","",false
"Property:src/normalizers/anime.normalizer.js:normalizeAnilistTitle.native@86:47","native","src/normalizers/anime.normalizer.js",86,86,"  const empty = { romaji: null, english: null, native: null, userPreferred: null };","","",false
"Property:src/normalizers/anime.normalizer.js:normalizeAnilistTitle.romaji@86:18","romaji","src/normalizers/anime.normalizer.js",86,86,"  const empty = { romaji: null, english: null, native: null, userPreferred: null };","","",false
"Property:src/normalizers/anime.normalizer.js:normalizeAnilistTitle.userPreferred@86:61","userPreferred","src/normalizers/anime.normalizer.js",86,86,"  const empty = { romaji: null, english: null, native: null, userPreferred: null };","","",false
"Property:src/normalizers/anime.normalizer.js:normalizeAnilistTitle.romaji@90:4","romaji","src/normalizers/anime.normalizer.js",90,90,"    romaji: str(raw.romaji),","","",false
"Property:src/normalizers/anime.normalizer.js:normalizeAnilistTitle.english@91:4","english","src/normalizers/anime.normalizer.js",91,91,"    english: str(raw.english),","","",false
"Property:src/normalizers/anime.normalizer.js:normalizeAnilistTitle.native@92:4","native","src/normalizers/anime.normalizer.js",92,92,"    native: str(raw.native),","","",false
"Property:src/normalizers/anime.normalizer.js:normalizeAnilistTitle.userPreferred@93:4","userPreferred","src/normalizers/anime.normalizer.js",93,93,"    userPreferred: str(raw.userPreferred),","","",false
"Property:src/normalizers/anime.normalizer.js:normalizeAnilistImages.poster@125:4","poster","src/normalizers/anime.normalizer.js",125,125,"    poster: str(coverImage?.extraLarge) ?? str(coverImage?.large) ?? str(coverImage?.medium),","","",true
"Property:src/normalizers/anime.normalizer.js:normalizeAnilistImages.cover@126:4","cover","src/normalizers/anime.normalizer.js",126,126,"    cover: str(coverImage?.large) ?? str(coverImage?.medium),","","",true
"Property:src/normalizers/anime.normalizer.js:normalizeAnilistImages.banner@127:4","banner","src/normalizers/anime.normalizer.js",127,127,"    banner: str(raw?.bannerImage),","","",true
"Property:src/normalizers/anime.normalizer.js:normalizeAnilistRelation.relationType@143:4","relationType","src/normalizers/anime.normalizer.js",143,143,"    relationType: str(node?.relationType),","","",true
"Property:src/normalizers/anime.normalizer.js:normalizeAnilistRelation.id@144:4","id","src/normalizers/anime.normalizer.js",144,144,"    id: anilistId,","","",true
"Property:src/normalizers/anime.normalizer.js:normalizeAnilistRelation.anilistId@145:4","anilistId","src/normalizers/anime.normalizer.js",145,145,"    anilistId,","","",true
"Property:src/normalizers/anime.normalizer.js:normalizeAnilistRelation.malId@146:4","malId","src/normalizers/anime.normalizer.js",146,146,"    malId: normalizeId(node?.idMal),","","",true
"Property:src/normalizers/anime.normalizer.js:normalizeAnilistRelation.title@147:4","title","src/normalizers/anime.normalizer.js",147,147,"    title: displayTitleFromRaw(node?.title),","","",true
"Property:src/normalizers/anime.normalizer.js:normalizeAnilistRelation.type@148:4","type","src/normalizers/anime.normalizer.js",148,148,"    type: str(node?.type),","","",true
"Property:src/normalizers/anime.normalizer.js:normalizeAnilistRelation.format@149:4","format","src/normalizers/anime.normalizer.js",149,149,"    format: str(node?.format),","","",true
"Property:src/normalizers/anime.normalizer.js:normalizeAnilistRelation.images@150:4","images","src/normalizers/anime.normalizer.js",150,150,"    images: { poster: str(node?.coverImage?.large) ?? str(node?.coverImage?.medium) },","","",true
"Property:src/normalizers/anime.normalizer.js:normalizeAnilistMediaCard.id@163:4","id","src/normalizers/anime.normalizer.js",163,163,"    id: anilistId,","","",true
"Property:src/normalizers/anime.normalizer.js:normalizeAnilistMediaCard.anilistId@164:4","anilistId","src/normalizers/anime.normalizer.js",164,164,"    anilistId,","","",true
"Property:src/normalizers/anime.normalizer.js:normalizeAnilistMediaCard.malId@165:4","malId","src/normalizers/anime.normalizer.js",165,165,"    malId: normalizeId(node?.idMal),","","",true
"Property:src/normalizers/anime.normalizer.js:normalizeAnilistMediaCard.title@166:4","title","src/normalizers/anime.normalizer.js",166,166,"    title: displayTitleFromRaw(node?.title),","","",true
"Property:src/normalizers/anime.normalizer.js:normalizeAnilistMediaCard.type@167:4","type","src/normalizers/anime.normalizer.js",167,167,"    type: str(node?.type),","","",true
"Property:src/normalizers/anime.normalizer.js:normalizeAnilistMediaCard.format@168:4","format","src/normalizers/anime.normalizer.js",168,168,"    format: str(node?.format),","","",true
"Property:src/normalizers/anime.normalizer.js:normalizeAnilistMediaCard.status@169:4","status","src/normalizers/anime.normalizer.js",169,169,"    status: str(node?.status),","","",true
"Property:src/normalizers/anime.normalizer.js:normalizeAnilistMediaCard.episodes@170:4","episodes","src/normalizers/anime.normalizer.js",170,170,"    episodes: positiveInt(node?.episodes),","","",true
"Property:src/normalizers/anime.normalizer.js:normalizeAnilistMediaCard.season@171:4","season","src/normalizers/anime.normalizer.js",171,171,"    season: str(node?.season),","","",true
"Property:src/normalizers/anime.normalizer.js:normalizeAnilistMediaCard.seasonYear@172:4","seasonYear","src/normalizers/anime.normalizer.js",172,172,"    seasonYear: positiveInt(node?.seasonYear),","","",true
"Property:src/normalizers/anime.normalizer.js:normalizeAnilistMediaCard.images@173:4","images","src/normalizers/anime.normalizer.js",173,173,"    images: { poster: str(node?.coverImage?.large) ?? str(node?.coverImage?.medium) },","","",true
"Property:src/normalizers/anime.normalizer.js:normalizeAnilistPage.pageInfo@189:4","pageInfo","src/normalizers/anime.normalizer.js",189,195,"    pageInfo: {       total: intOrNull(pageInfo.total),       currentPage: intOrNull(pageInfo.currentPage),       lastPage: intOrNull(pageInfo.lastPage),       hasNextPage: Boolean(pageInfo.hasNextPage),       perPage: intOrNull(pageInfo.perPage),     },","","",true
"Property:src/normalizers/anime.normalizer.js:normalizeAnilistPage.results@196:4","results","src/normalizers/anime.normalizer.js",196,196,"    results: media.map((node) => normalizeAnilistMediaCard(node)).filter(Boolean),","","",true
"Property:src/normalizers/anime.normalizer.js:normalizeAnilistRecommendations.fn@208:9.rating@211:24","rating","src/normalizers/anime.normalizer.js",211,211,"      return { ...card, rating: numberOrNull(node?.rating) };","","",true
"Property:src/normalizers/anime.normalizer.js:normalizeAnilistAiringSchedule.fn@224:9.airingAt@230:8","airingAt","src/normalizers/anime.normalizer.js",230,230,"        airingAt,","","",true
"Property:src/normalizers/anime.normalizer.js:normalizeAnilistAiringSchedule.fn@224:9.episode@231:8","episode","src/normalizers/anime.normalizer.js",231,231,"        episode: positiveInt(node?.episode),","","",true
"Property:src/normalizers/anime.normalizer.js:normalizeAnilistAiringSchedule.fn@224:9.anime@232:8","anime","src/normalizers/anime.normalizer.js",232,237,"        anime: {           id: anilistId,           anilistId,           malId: normalizeId(media?.idMal),           title: displayTitleFromRaw(media?.title),         },","","",true
"Property:src/normalizers/anime.normalizer.js:createBaseAnime.title@255:4","title","src/normalizers/anime.normalizer.js",255,255,"    title: { romaji: null, english: null, native: null, userPreferred: null },","","",true
"Property:src/normalizers/anime.normalizer.js:createBaseAnime.description@256:4","description","src/normalizers/anime.normalizer.js",256,256,"    description: null,","","",true
"Property:src/normalizers/anime.normalizer.js:createBaseAnime.images@257:4","images","src/normalizers/anime.normalizer.js",257,257,"    images: { poster: null, cover: null, banner: null },","","",true
"Property:src/normalizers/anime.normalizer.js:createBaseAnime.type@258:4","type","src/normalizers/anime.normalizer.js",258,258,"    type: null,","","",true
"Property:src/normalizers/anime.normalizer.js:createBaseAnime.format@259:4","format","src/normalizers/anime.normalizer.js",259,259,"    format: null,","","",true
"Property:src/normalizers/anime.normalizer.js:createBaseAnime.status@260:4","status","src/normalizers/anime.normalizer.js",260,260,"    status: null,","","",true
"Property:src/normalizers/anime.normalizer.js:createBaseAnime.episodes@261:4","episodes","src/normalizers/anime.normalizer.js",261,261,"    episodes: null,","","",true
"Property:src/normalizers/anime.normalizer.js:createBaseAnime.duration@262:4","duration","src/normalizers/anime.normalizer.js",262,262,"    duration: null,","","",true
"Property:src/normalizers/anime.normalizer.js:createBaseAnime.season@263:4","season","src/normalizers/anime.normalizer.js",263,263,"    season: null,","","",true
"Property:src/normalizers/anime.normalizer.js:createBaseAnime.seasonYear@264:4","seasonYear","src/normalizers/anime.normalizer.js",264,264,"    seasonYear: null,","","",true
"Property:src/normalizers/anime.normalizer.js:createBaseAnime.genres@265:4","genres","src/normalizers/anime.normalizer.js",265,265,"    genres: [],","","",true
"Property:src/normalizers/anime.normalizer.js:createBaseAnime.studios@266:4","studios","src/normalizers/anime.normalizer.js",266,266,"    studios: [],","","",true
"Property:src/normalizers/anime.normalizer.js:createBaseAnime.synonyms@267:4","synonyms","src/normalizers/anime.normalizer.js",267,267,"    synonyms: [],","","",true
"Property:src/normalizers/anime.normalizer.js:createBaseAnime.startDate@268:4","startDate","src/normalizers/anime.normalizer.js",268,268,"    startDate: null,","","",true
"Property:src/normalizers/anime.normalizer.js:createBaseAnime.endDate@269:4","endDate","src/normalizers/anime.normalizer.js",269,269,"    endDate: null,","","",true
"Property:src/normalizers/anime.normalizer.js:createBaseAnime.averageScore@270:4","averageScore","src/normalizers/anime.normalizer.js",270,270,"    averageScore: null,","","",true
"Property:src/normalizers/anime.normalizer.js:createBaseAnime.popularity@271:4","popularity","src/normalizers/anime.normalizer.js",271,271,"    popularity: null,","","",true
"Property:src/normalizers/anime.normalizer.js:createBaseAnime.relations@272:4","relations","src/normalizers/anime.normalizer.js",272,272,"    relations: [],","","",true
"Property:src/normalizers/anime.normalizer.js:createBaseAnime.source@273:4","source","src/normalizers/anime.normalizer.js",273,273,"    source: { anilist: false, jikan: false, tmdb: false },","","",true
"Property:src/normalizers/anime.normalizer.js:createBaseAnime.enrichment@275:4","enrichment","src/normalizers/anime.normalizer.js",275,275,"    enrichment: { jikan: null },","","",true
"Property:src/normalizers/anime.normalizer.js:normalizeAnilistAnime.title@302:4","title","src/normalizers/anime.normalizer.js",302,302,"    title: normalizeAnilistTitle(raw.title),","","",true
"Property:src/normalizers/anime.normalizer.js:normalizeAnilistAnime.description@303:4","description","src/normalizers/anime.normalizer.js",303,303,"    description: raw.description == null ? null : cleanDescription(raw.description),","","",true
"Property:src/normalizers/anime.normalizer.js:normalizeAnilistAnime.images@304:4","images","src/normalizers/anime.normalizer.js",304,304,"    images: normalizeAnilistImages(raw),","","",true
"Property:src/normalizers/anime.normalizer.js:normalizeAnilistAnime.type@305:4","type","src/normalizers/anime.normalizer.js",305,305,"    type: str(raw.type),","","",true
"Property:src/normalizers/anime.normalizer.js:normalizeAnilistAnime.format@306:4","format","src/normalizers/anime.normalizer.js",306,306,"    format: str(raw.format),","","",true
"Property:src/normalizers/anime.normalizer.js:normalizeAnilistAnime.status@307:4","status","src/normalizers/anime.normalizer.js",307,307,"    status: str(raw.status),","","",true
"Property:src/normalizers/anime.normalizer.js:normalizeAnilistAnime.episodes@308:4","episodes","src/normalizers/anime.normalizer.js",308,308,"    episodes: positiveInt(raw.episodes),","","",true
"Property:src/normalizers/anime.normalizer.js:normalizeAnilistAnime.duration@309:4","duration","src/normalizers/anime.normalizer.js",309,309,"    duration: positiveInt(raw.duration),","","",true
"Property:src/normalizers/anime.normalizer.js:normalizeAnilistAnime.season@310:4","season","src/normalizers/anime.normalizer.js",310,310,"    season: str(raw.season),","","",true
"Property:src/normalizers/anime.normalizer.js:normalizeAnilistAnime.seasonYear@311:4","seasonYear","src/normalizers/anime.normalizer.js",311,311,"    seasonYear: positiveInt(raw.seasonYear),","","",true
"Property:src/normalizers/anime.normalizer.js:normalizeAnilistAnime.genres@312:4","genres","src/normalizers/anime.normalizer.js",312,312,"    genres: strArray(raw.genres),","","",true
"Property:src/normalizers/anime.normalizer.js:normalizeAnilistAnime.studios@313:4","studios","src/normalizers/anime.normalizer.js",313,313,"    studios: strArray(Array.isArray(raw.studios?.nodes) ? raw.studios.nodes.map((n) => n?.name) : null),","","",true
"Property:src/normalizers/anime.normalizer.js:normalizeAnilistAnime.synonyms@314:4","synonyms","src/normalizers/anime.normalizer.js",314,314,"    synonyms: strArray(raw.synonyms),","","",true
"Property:src/normalizers/anime.normalizer.js:normalizeAnilistAnime.startDate@315:4","startDate","src/normalizers/anime.normalizer.js",315,315,"    startDate: normalizeFuzzyDate(raw.startDate),","","",true
"Property:src/normalizers/anime.normalizer.js:normalizeAnilistAnime.endDate@316:4","endDate","src/normalizers/anime.normalizer.js",316,316,"    endDate: normalizeFuzzyDate(raw.endDate),","","",true
"Property:src/normalizers/anime.normalizer.js:normalizeAnilistAnime.averageScore@317:4","averageScore","src/normalizers/anime.normalizer.js",317,317,"    averageScore: numberOrNull(raw.averageScore),","","",true
"Property:src/normalizers/anime.normalizer.js:normalizeAnilistAnime.popularity@318:4","popularity","src/normalizers/anime.normalizer.js",318,318,"    popularity: intOrNull(raw.popularity),","","",true
"Property:src/normalizers/anime.normalizer.js:normalizeAnilistAnime.relations@319:4","relations","src/normalizers/anime.normalizer.js",319,321,"    relations: Array.isArray(raw.relations?.nodes)       ? raw.relations.nodes.map((node) => normalizeAnilistRelation(node)).filter(Boolean)       : [],","","",true
"Property:src/normalizers/anime.normalizer.js:normalizeAnilistAnime.source@322:4","source","src/normalizers/anime.normalizer.js",322,322,"    source: { anilist: true, jikan: false, tmdb: false },","","",true
"Property:src/normalizers/anime.normalizer.js:normalizeAnilistAnime.enrichment@324:4","enrichment","src/normalizers/anime.normalizer.js",324,324,"    enrichment: { jikan: null },","","",true
"Property:src/normalizers/anime.normalizer.js:normalizeJikanImages.poster@354:4","poster","src/normalizers/anime.normalizer.js",354,354,"    poster: str(webp?.large_image_url) ?? str(jpg?.large_image_url) ?? str(jpg?.image_url) ?? str(webp?.image_url),","","",true
"Property:src/normalizers/anime.normalizer.js:normalizeJikanImages.large@355:4","large","src/normalizers/anime.normalizer.js",355,355,"    large: str(jpg?.large_image_url) ?? str(webp?.large_image_url),","","",true
"Property:src/normalizers/anime.normalizer.js:normalizeJikanImages.small@356:4","small","src/normalizers/anime.normalizer.js",356,356,"    small: str(jpg?.small_image_url) ?? str(webp?.small_image_url),","","",true
"Property:src/normalizers/anime.normalizer.js:normalizeJikanTrailer.youtubeId@369:4","youtubeId","src/normalizers/anime.normalizer.js",369,369,"    youtubeId: str(raw.youtube_id),","","",false
"Property:src/normalizers/anime.normalizer.js:normalizeJikanTrailer.url@370:4","url","src/normalizers/anime.normalizer.js",370,370,"    url: str(raw.url),","","",false
"Property:src/normalizers/anime.normalizer.js:normalizeJikanTrailer.embedUrl@371:4","embedUrl","src/normalizers/anime.normalizer.js",371,371,"    embedUrl: str(raw.embed_url),","","",false
"Property:src/normalizers/anime.normalizer.js:normalizeJikanAired.from@384:48","from","src/normalizers/anime.normalizer.js",384,384,"  if (!raw || typeof raw !== 'object') return { from: null, to: null };","","",true
"Property:src/normalizers/anime.normalizer.js:normalizeJikanAired.to@384:60","to","src/normalizers/anime.normalizer.js",384,384,"  if (!raw || typeof raw !== 'object') return { from: null, to: null };","","",true
"Property:src/normalizers/anime.normalizer.js:normalizeJikanAired.from@385:11","from","src/normalizers/anime.normalizer.js",385,385,"  return { from: str(raw.from), to: str(raw.to) };","","",true
"Property:src/normalizers/anime.normalizer.js:normalizeJikanAired.to@385:32","to","src/normalizers/anime.normalizer.js",385,385,"  return { from: str(raw.from), to: str(raw.to) };","","",true
"Property:src/normalizers/anime.normalizer.js:normalizeJikanAnime.malId@416:4","malId","src/normalizers/anime.normalizer.js",416,416,"    malId,","","",true
"Property:src/normalizers/anime.normalizer.js:normalizeJikanAnime.title@417:4","title","src/normalizers/anime.normalizer.js",417,422,"    title: {       default: str(raw.title),       english: str(raw.title_english),       japanese: str(raw.title_japanese),       synonyms: strArray(raw.title_synonyms),     },","","",true
"Property:src/normalizers/anime.normalizer.js:normalizeJikanAnime.type@423:4","type","src/normalizers/anime.normalizer.js",423,423,"    type: str(raw.type),","","",true
"Property:src/normalizers/anime.normalizer.js:normalizeJikanAnime.sourceMaterial@424:4","sourceMaterial","src/normalizers/anime.normalizer.js",424,424,"    sourceMaterial: str(raw.source),","","",true
"Property:src/normalizers/anime.normalizer.js:normalizeJikanAnime.episodes@425:4","episodes","src/normalizers/anime.normalizer.js",425,425,"    episodes: positiveInt(raw.episodes),","","",true
"Property:src/normalizers/anime.normalizer.js:normalizeJikanAnime.status@426:4","status","src/normalizers/anime.normalizer.js",426,426,"    status: str(raw.status),","","",true
"Property:src/normalizers/anime.normalizer.js:normalizeJikanAnime.airing@427:4","airing","src/normalizers/anime.normalizer.js",427,427,"    airing: raw.airing === true,","","",true
"Property:src/normalizers/anime.normalizer.js:normalizeJikanAnime.aired@428:4","aired","src/normalizers/anime.normalizer.js",428,428,"    aired: normalizeJikanAired(raw.aired),","","",true
"Property:src/normalizers/anime.normalizer.js:normalizeJikanAnime.duration@429:4","duration","src/normalizers/anime.normalizer.js",429,429,"    duration: str(raw.duration),","","",true
"Property:src/normalizers/anime.normalizer.js:normalizeJikanAnime.rating@430:4","rating","src/normalizers/anime.normalizer.js",430,430,"    rating: str(raw.rating),","","",true
"Property:src/normalizers/anime.normalizer.js:normalizeJikanAnime.score@431:4","score","src/normalizers/anime.normalizer.js",431,431,"    score: numberOrNull(raw.score),","","",true
"Property:src/normalizers/anime.normalizer.js:normalizeJikanAnime.scoredBy@432:4","scoredBy","src/normalizers/anime.normalizer.js",432,432,"    scoredBy: intOrNull(raw.scored_by),","","",true
"Property:src/normalizers/anime.normalizer.js:normalizeJikanAnime.rank@433:4","rank","src/normalizers/anime.normalizer.js",433,433,"    rank: intOrNull(raw.rank),","","",true
"Property:src/normalizers/anime.normalizer.js:normalizeJikanAnime.popularity@434:4","popularity","src/normalizers/anime.normalizer.js",434,434,"    popularity: intOrNull(raw.popularity),","","",true
"Property:src/normalizers/anime.normalizer.js:normalizeJikanAnime.members@435:4","members","src/normalizers/anime.normalizer.js",435,435,"    members: intOrNull(raw.members),","","",true
"Property:src/normalizers/anime.normalizer.js:normalizeJikanAnime.favorites@436:4","favorites","src/normalizers/anime.normalizer.js",436,436,"    favorites: intOrNull(raw.favorites),","","",true
"Property:src/normalizers/anime.normalizer.js:normalizeJikanAnime.synopsis@437:4","synopsis","src/normalizers/anime.normalizer.js",437,437,"    synopsis: raw.synopsis == null ? null : cleanDescription(raw.synopsis),","","",true
"Property:src/normalizers/anime.normalizer.js:normalizeJikanAnime.background@438:4","background","src/normalizers/anime.normalizer.js",438,438,"    background: raw.background == null ? null : cleanDescription(raw.background),","","",true
"Property:src/normalizers/anime.normalizer.js:normalizeJikanAnime.season@439:4","season","src/normalizers/anime.normalizer.js",439,439,"    season: str(raw.season),","","",true
"Property:src/normalizers/anime.normalizer.js:normalizeJikanAnime.year@440:4","year","src/normalizers/anime.normalizer.js",440,440,"    year: positiveInt(raw.year),","","",true
"Property:src/normalizers/anime.normalizer.js:normalizeJikanAnime.genres@441:4","genres","src/normalizers/anime.normalizer.js",441,441,"    genres: jikanNameList(raw.genres),","","",true
"Property:src/normalizers/anime.normalizer.js:normalizeJikanAnime.themes@442:4","themes","src/normalizers/anime.normalizer.js",442,442,"    themes: jikanNameList(raw.themes),","","",true
"Property:src/normalizers/anime.normalizer.js:normalizeJikanAnime.demographics@443:4","demographics","src/normalizers/anime.normalizer.js",443,443,"    demographics: jikanNameList(raw.demographics),","","",true
"Property:src/normalizers/anime.normalizer.js:normalizeJikanAnime.studios@444:4","studios","src/normalizers/anime.normalizer.js",444,444,"    studios: jikanNameList(raw.studios),","","",true
"Property:src/normalizers/anime.normalizer.js:normalizeJikanAnime.producers@445:4","producers","src/normalizers/anime.normalizer.js",445,445,"    producers: jikanNameList(raw.producers),","","",true
"Property:src/normalizers/anime.normalizer.js:normalizeJikanAnime.images@446:4","images","src/normalizers/anime.normalizer.js",446,446,"    images: normalizeJikanImages(raw.images),","","",true
"Property:src/normalizers/anime.normalizer.js:normalizeJikanAnime.trailer@447:4","trailer","src/normalizers/anime.normalizer.js",447,447,"    trailer: normalizeJikanTrailer(raw.trailer),","","",true
"Property:src/normalizers/anime.normalizer.js:normalizeJikanAnime.source@448:4","source","src/normalizers/anime.normalizer.js",448,448,"    source: { anilist: false, jikan: true, tmdb: false },","","",true
"Property:src/normalizers/anime.normalizer.js:normalizeJikanMediaCard.malId@461:4","malId","src/normalizers/anime.normalizer.js",461,461,"    malId,","","",true
"Property:src/normalizers/anime.normalizer.js:normalizeJikanMediaCard.title@462:4","title","src/normalizers/anime.normalizer.js",462,466,"    title: displayTitleFromRaw({       userPreferred: node?.title,       english: node?.title_english,       native: node?.title_japanese,     }),","","",true
"Property:src/normalizers/anime.normalizer.js:normalizeJikanMediaCard.type@467:4","type","src/normalizers/anime.normalizer.js",467,467,"    type: str(node?.type),","","",true
"Property:src/normalizers/anime.normalizer.js:normalizeJikanMediaCard.episodes@468:4","episodes","src/normalizers/anime.normalizer.js",468,468,"    episodes: positiveInt(node?.episodes),","","",true
"Property:src/normalizers/anime.normalizer.js:normalizeJikanMediaCard.status@469:4","status","src/normalizers/anime.normalizer.js",469,469,"    status: str(node?.status),","","",true
"Property:src/normalizers/anime.normalizer.js:normalizeJikanMediaCard.season@470:4","season","src/normalizers/anime.normalizer.js",470,470,"    season: str(node?.season),","","",true
"Property:src/normalizers/anime.normalizer.js:normalizeJikanMediaCard.year@471:4","year","src/normalizers/anime.normalizer.js",471,471,"    year: positiveInt(node?.year),","","",true
"Property:src/normalizers/anime.normalizer.js:normalizeJikanMediaCard.images@472:4","images","src/normalizers/anime.normalizer.js",472,477,"    images: {       poster: str(node?.images?.jpg?.large_image_url) ??         str(node?.images?.webp?.large_image_url) ??         str(node?.images?.jpg?.image_url) ??         str(node?.images?.webp?.image_url),     },","","",true
"Property:src/normalizers/anime.normalizer.js:normalizeJikanPage.pageInfo@501:4","pageInfo","src/normalizers/anime.normalizer.js",501,507,"    pageInfo: {       page: intOrNull(pagination.current_page),       lastPage: intOrNull(pagination.last_visible_page),       hasNextPage: pagination.has_next_page === true,       total: intOrNull(items.total),       perPage: intOrNull(items.per_page),     },","","",true
"Property:src/normalizers/anime.normalizer.js:normalizeJikanPage.results@508:4","results","src/normalizers/anime.normalizer.js",508,508,"    results: data.map((node) => normalizeJikanMediaCard(node)).filter(Boolean),","","",true
"Property:src/normalizers/anime.normalizer.js:normalizeJikanEpisodes.pageInfo@539:4","pageInfo","src/normalizers/anime.normalizer.js",539,545,"    pageInfo: {       page: intOrNull(pagination.current_page) ?? page,       lastPage: intOrNull(pagination.last_visible_page),       hasNextPage: pagination.has_next_page === true,       total: intOrNull(items.total),       perPage,     },","","",true
"Property:src/normalizers/anime.normalizer.js:normalizeJikanEpisodes.episodes@546:4","episodes","src/normalizers/anime.normalizer.js",546,557,"    episodes: data       .map((entry, index) => ({         episode: (page - 1) * perPage + index + 1,         malId: normalizeId(entry?.mal_id),         title: str(entry?.title),         titleJapanese: str(entry?.title_japanese),         aired: str(entry?.aired),         score: numberOrNull(entry?.score),         filler: entry?.filler === true,         recap: entry?.recap === true,       }))       .filter((entry) => entry.title !== null || entry.malId !== null),","","",true
"Property:src/streaming/stream-resolver.js:StreamResolver._lookupStream.episode@256:74","episode","src/streaming/stream-resolver.js",256,256,"        const marker = { usable: false, sources: [], reason: 'not_found', episode: null, expiresAt: null };","","",false
"Property:src/streaming/stream-resolver.js:StreamResolver._lookupStream.expiresAt@256:89","expiresAt","src/streaming/stream-resolver.js",256,256,"        const marker = { usable: false, sources: [], reason: 'not_found', episode: null, expiresAt: null };","","",false
"Property:src/streaming/stream-resolver.js:StreamResolver._lookupStream.reason@256:53","reason","src/streaming/stream-resolver.js",256,256,"        const marker = { usable: false, sources: [], reason: 'not_found', episode: null, expiresAt: null };","","",false
"Property:src/streaming/stream-resolver.js:StreamResolver._lookupStream.sources@256:40","sources","src/streaming/stream-resolver.js",256,256,"        const marker = { usable: false, sources: [], reason: 'not_found', episode: null, expiresAt: null };","","",false
"Property:src/streaming/stream-resolver.js:StreamResolver._lookupStream.usable@256:25","usable","src/streaming/stream-resolver.js",256,256,"        const marker = { usable: false, sources: [], reason: 'not_found', episode: null, expiresAt: null };","","",false
"Property:src/streaming/stream-resolver.js:StreamResolver._toStreamResponse.resolved@312:6","resolved","src/streaming/stream-resolver.js",312,312,"      resolved: true,","","",true
"Property:src/streaming/stream-resolver.js:StreamResolver._toStreamResponse.provider@313:6","provider","src/streaming/stream-resolver.js",313,313,"      provider: PROVIDERS.MEGAPLAY,","","",true
"Property:src/streaming/stream-resolver.js:StreamResolver._toStreamResponse.idType@314:6","idType","src/streaming/stream-resolver.js",314,314,"      idType,","","",true
"Property:src/streaming/stream-resolver.js:StreamResolver._toStreamResponse.anilistId@315:6","anilistId","src/streaming/stream-resolver.js",315,315,"      anilistId,","","",true
"Property:src/streaming/stream-resolver.js:StreamResolver._toStreamResponse.malId@316:6","malId","src/streaming/stream-resolver.js",316,316,"      malId,","","",true
"Property:src/streaming/stream-resolver.js:StreamResolver._toStreamResponse.episode@317:6","episode","src/streaming/stream-resolver.js",317,317,"      episode,","","",true
"Property:src/streaming/stream-resolver.js:StreamResolver._toStreamResponse.language@318:6","language","src/streaming/stream-resolver.js",318,318,"      language,","","",true
"Property:src/streaming/stream-resolver.js:StreamResolver._toStreamResponse.sources@319:6","sources","src/streaming/stream-resolver.js",319,319,"      sources: result.sources,","","",true
"Property:src/streaming/stream-resolver.js:StreamResolver._toStreamResponse.expiresAt@320:6","expiresAt","src/streaming/stream-resolver.js",320,320,"      expiresAt: result.expiresAt ?? null,","","",true
"Property:tests/anime-service.test.js:mediaFixture.id","id","tests/anime-service.test.js",19,19,"  id: 1,","","",false
"Property:tests/anime-service.test.js:mediaFixture.idMal","idMal","tests/anime-service.test.js",20,20,"  idMal: 1,","","",false
"Property:tests/anime-service.test.js:mediaFixture.title","title","tests/anime-service.test.js",21,21,"  title: { romaji: 'Cowboy Bebop', english: 'Cowboy Bebop', native: 'カウボーイビバップ', userPreferred: 'Cowboy Bebop' },","","",false
"Property:tests/anime-service.test.js:mediaFixture.description","description","tests/anime-service.test.js",22,22,"  description: 'In the year 2071... <i>bounty hunters</i>',","","",false
"Property:tests/anime-service.test.js:mediaFixture.coverImage","coverImage","tests/anime-service.test.js",23,23,"  coverImage: { extraLarge: 'https://img.example/xl.jpg', large: 'https://img.example/l.jpg', medium: 'https://img.example/m.jpg' },","","",false
"Property:tests/anime-service.test.js:mediaFixture.bannerImage","bannerImage","tests/anime-service.test.js",24,24,"  bannerImage: null,","","",false
"Property:tests/anime-service.test.js:mediaFixture.type","type","tests/anime-service.test.js",25,25,"  type: 'ANIME',","","",false
"Property:tests/anime-service.test.js:mediaFixture.format","format","tests/anime-service.test.js",26,26,"  format: 'TV',","","",false
"Property:tests/anime-service.test.js:mediaFixture.status","status","tests/anime-service.test.js",27,27,"  status: 'FINISHED',","","",false
"Property:tests/anime-service.test.js:mediaFixture.episodes","episodes","tests/anime-service.test.js",28,28,"  episodes: 26,","","",false
"Property:tests/anime-service.test.js:mediaFixture.genres","genres","tests/anime-service.test.js",29,29,"  genres: ['Action'],","","",false
"Property:src/providers/megaplay/megaplay.provider.js:MegaplayProvider._resolve.data@79:13","data","src/providers/megaplay/megaplay.provider.js",79,79,"    return { data: response.data, url };","","",true
"Property:src/providers/megaplay/megaplay.provider.js:MegaplayProvider._resolve.url@79:34","url","src/providers/megaplay/megaplay.provider.js",79,79,"    return { data: response.data, url };","","",true
"Property:tests/anilist-provider.test.js:mediaFixture.format","format","tests/anilist-provider.test.js",23,23,"const mediaFixture = { id: 1, idMal: 1, title: { romaji: 'Cowboy Bebop' }, format: 'TV' };","","",false
"Property:tests/anilist-provider.test.js:mediaFixture.id","id","tests/anilist-provider.test.js",23,23,"const mediaFixture = { id: 1, idMal: 1, title: { romaji: 'Cowboy Bebop' }, format: 'TV' };","","",false
"Property:tests/anilist-provider.test.js:mediaFixture.idMal","idMal","tests/anilist-provider.test.js",23,23,"const mediaFixture = { id: 1, idMal: 1, title: { romaji: 'Cowboy Bebop' }, format: 'TV' };","","",false
"Property:tests/anilist-provider.test.js:mediaFixture.title","title","tests/anilist-provider.test.js",23,23,"const mediaFixture = { id: 1, idMal: 1, title: { romaji: 'Cowboy Bebop' }, format: 'TV' };","","",false
"Property:tests/anilist-provider.test.js:fn@57:69.media@58:68","media","tests/anilist-provider.test.js",58,58,"  const pageFixture = { pageInfo: { total: 1, hasNextPage: false }, media: [mediaFixture] };","","",false
"Property:tests/anilist-provider.test.js:fn@57:69.pageInfo@58:24","pageInfo","tests/anilist-provider.test.js",58,58,"  const pageFixture = { pageInfo: { total: 1, hasNextPage: false }, media: [mediaFixture] };","","",false
"Property:tests/helpers/mock-fetch.js:installMockFetch.fn@34:21.init@35:24","init","tests/helpers/mock-fetch.js",35,35,"    const call = { url, init, method: init.method ?? 'GET' };","","",false
"Property:tests/helpers/mock-fetch.js:installMockFetch.fn@34:21.method@35:30","method","tests/helpers/mock-fetch.js",35,35,"    const call = { url, init, method: init.method ?? 'GET' };","","",false
"Property:tests/helpers/mock-fetch.js:installMockFetch.fn@34:21.url@35:19","url","tests/helpers/mock-fetch.js",35,35,"    const call = { url, init, method: init.method ?? 'GET' };","","",false
"Property:tests/helpers/mock-fetch.js:installMockFetch.calls@53:11","calls","tests/helpers/mock-fetch.js",53,53,"  return { calls, restore: () => { globalThis.fetch = original; } };","","",true
"Property:tests/jikan-normalizer.test.js:fullAnime.mal_id","mal_id","tests/jikan-normalizer.test.js",16,16,"  mal_id: 1,","","",false
"Property:tests/jikan-normalizer.test.js:fullAnime.url","url","tests/jikan-normalizer.test.js",17,17,"  url: 'https://myanimelist.net/anime/1/Cowboy_Bebop',","","",false
"Property:tests/jikan-normalizer.test.js:fullAnime.images","images","tests/jikan-normalizer.test.js",18,29,"  images: {     jpg: {       image_url: 'https://cdn.myanimelist.net/images/anime/4/19644.jpg',       small_image_url: 'https://cdn.myanimelist.net/images/anime/4/19644t.jpg',       large_image_url: 'https://cdn.myanimelist.net/images/anime/4/19644l.jpg',     },     webp: {       image_url: 'https://cdn.myanimelist.net/images/anime/1170/109222.webp',       small_image_url: 'https://cdn.myanimelist.net/images/anime/1170/109222t.webp',       large_image_url: 'https://cdn.myanimelist.net/images/anime/1170/109222l.webp',     },   },","","",false
"Property:tests/jikan-normalizer.test.js:fullAnime.trailer","trailer","tests/jikan-normalizer.test.js",30,30,"  trailer: { youtube_id: 'qig4KOK2R2g', url: 'https://www.youtube.com/watch?v=qig4KOK2R2g', embed_url: 'https://www.youtube.com/embed/qig4KOK2R2g' },","","",false
"Property:tests/jikan-normalizer.test.js:fullAnime.title","title","tests/jikan-normalizer.test.js",31,31,"  title: 'Cowboy Bebop',","","",false
"Property:tests/jikan-normalizer.test.js:fullAnime.title_english","title_english","tests/jikan-normalizer.test.js",32,32,"  title_english: 'Cowboy Bebop',","","",false
"Property:tests/jikan-normalizer.test.js:fullAnime.title_japanese","title_japanese","tests/jikan-normalizer.test.js",33,33,"  title_japanese: 'カウボーイビバップ',","","",false
"Property:tests/jikan-normalizer.test.js:fullAnime.title_synonyms","title_synonyms","tests/jikan-normalizer.test.js",34,34,"  title_synonyms: ['Kaubōi Bibappu'],","","",false
"Property:tests/jikan-normalizer.test.js:fullAnime.type","type","tests/jikan-normalizer.test.js",35,35,"  type: 'TV',","","",false
"Property:tests/jikan-normalizer.test.js:fullAnime.source","source","tests/jikan-normalizer.test.js",36,36,"  source: 'Original',","","",false
"Property:tests/jikan-normalizer.test.js:fullAnime.episodes","episodes","tests/jikan-normalizer.test.js",37,37,"  episodes: 26,","","",false
"Property:tests/jikan-normalizer.test.js:fullAnime.status","status","tests/jikan-normalizer.test.js",38,38,"  status: 'Finished Airing',","","",false
"Property:tests/jikan-normalizer.test.js:fullAnime.airing","airing","tests/jikan-normalizer.test.js",39,39,"  airing: false,","","",false
"Property:tests/jikan-normalizer.test.js:fullAnime.aired","aired","tests/jikan-normalizer.test.js",40,40,"  aired: { from: '1998-04-03T00:00:00+00:00', to: '1999-04-24T00:00:00+00:00' },","","",false
"Property:tests/jikan-normalizer.test.js:fullAnime.duration","duration","tests/jikan-normalizer.test.js",41,41,"  duration: '24 min per ep',","","",false
"Property:tests/jikan-normalizer.test.js:fullAnime.rating","rating","tests/jikan-normalizer.test.js",42,42,"  rating: 'R - 17+ (violence & profanity)',","","",false
"Property:tests/jikan-normalizer.test.js:fullAnime.score","score","tests/jikan-normalizer.test.js",43,43,"  score: 8.75,","","",false
"Property:tests/jikan-normalizer.test.js:fullAnime.scored_by","scored_by","tests/jikan-normalizer.test.js",44,44,"  scored_by: 700000,","","",false
"Property:tests/jikan-normalizer.test.js:fullAnime.rank","rank","tests/jikan-normalizer.test.js",45,45,"  rank: 27,","","",false
"Property:tests/jikan-normalizer.test.js:fullAnime.popularity","popularity","tests/jikan-normalizer.test.js",46,46,"  popularity: 250,","","",false
"Property:tests/jikan-normalizer.test.js:fullAnime.members","members","tests/jikan-normalizer.test.js",47,47,"  members: 1800000,","","",false
"Property:tests/jikan-normalizer.test.js:fullAnime.favorites","favorites","tests/jikan-normalizer.test.js",48,48,"  favorites: 60000,","","",false
"Property:tests/jikan-normalizer.test.js:fullAnime.synopsis","synopsis","tests/jikan-normalizer.test.js",49,49,"  synopsis: 'In 2071, <i>bounty hunters</i> roam the galaxy. ""See you space cowboy...""',","","",false
"Property:tests/jikan-normalizer.test.js:fullAnime.background","background","tests/jikan-normalizer.test.js",50,50,"  background: 'The series won awards.\n\nProduced by Sunrise.',","","",false
"Property:tests/jikan-normalizer.test.js:fullAnime.season","season","tests/jikan-normalizer.test.js",51,51,"  season: 'spring',","","",false
"Property:tests/jikan-normalizer.test.js:fullAnime.year","year","tests/jikan-normalizer.test.js",52,52,"  year: 1998,","","",false
"Property:tests/jikan-normalizer.test.js:fullAnime.genres","genres","tests/jikan-normalizer.test.js",53,53,"  genres: [{ mal_id: 1, name: 'Action' }, { mal_id: 24, name: 'Sci-Fi' }],","","",false
"Property:tests/jikan-normalizer.test.js:fullAnime.themes","themes","tests/jikan-normalizer.test.js",54,54,"  themes: [{ mal_id: 50, name: 'Space' }],","","",false
"Property:tests/jikan-normalizer.test.js:fullAnime.demographics","demographics","tests/jikan-normalizer.test.js",55,55,"  demographics: [{ mal_id: 42, name: 'Seinen' }],","","",false
"Property:tests/jikan-normalizer.test.js:fullAnime.studios","studios","tests/jikan-normalizer.test.js",56,56,"  studios: [{ mal_id: 14, name: 'Sunrise' }],","","",false
"Property:tests/jikan-normalizer.test.js:fullAnime.producers","producers","tests/jikan-normalizer.test.js",57,57,"  producers: [{ mal_id: 16, name: 'Bandai Visual' }],","","",false
"Property:tests/jikan-service.test.js:animeFixture.mal_id","mal_id","tests/jikan-service.test.js",19,19,"const animeFixture = { mal_id: 1, title: 'Cowboy Bebop', synopsis: 'In 2071...', score: 8.75 };","","",false
"Property:tests/jikan-service.test.js:animeFixture.score","score","tests/jikan-service.test.js",19,19,"const animeFixture = { mal_id: 1, title: 'Cowboy Bebop', synopsis: 'In 2071...', score: 8.75 };","","",false
"Property:tests/jikan-service.test.js:animeFixture.synopsis","synopsis","tests/jikan-service.test.js",19,19,"const animeFixture = { mal_id: 1, title: 'Cowboy Bebop', synopsis: 'In 2071...', score: 8.75 };","","",false
"Property:tests/jikan-service.test.js:animeFixture.title","title","tests/jikan-service.test.js",19,19,"const animeFixture = { mal_id: 1, title: 'Cowboy Bebop', synopsis: 'In 2071...', score: 8.75 };","","",false
"Property:tests/jikan-service.test.js:fn@97:72.pagination@99:4","pagination","tests/jikan-service.test.js",99,99,"    pagination: { last_visible_page: 1, has_next_page: false, current_page: 1, items: { count: 1, total: 1, per_page: 20 } },","","",false
"Property:tests/jikan-service.test.js:fn@97:72.data@100:4","data","tests/jikan-service.test.js",100,100,"    data: [{ mal_id: 5114, title: 'Frieren', type: 'TV', episodes: 28, images: { jpg: { image_url: 'https://x/f.jpg' } } }],","","",false
"Property:src/services/anime.service.js:getAnimeEpisodes.id@251:6","id","src/services/anime.service.js",251,251,"      id: canonical.id,","","",true
"Property:src/services/anime.service.js:getAnimeEpisodes.anilistId@252:6","anilistId","src/services/anime.service.js",252,252,"      anilistId: canonical.id,","","",true
"Property:src/services/anime.service.js:getAnimeEpisodes.malId@253:6","malId","src/services/anime.service.js",253,253,"      malId: null,","","",true
"Property:src/services/anime.service.js:getAnimeEpisodes.totalEpisodes@254:6","totalEpisodes","src/services/anime.service.js",254,254,"      totalEpisodes: canonical.episodes,","","",true
"Property:src/services/anime.service.js:getAnimeEpisodes.pageInfo@255:6","pageInfo","src/services/anime.service.js",255,255,"      pageInfo: null,","","",true
"Property:src/services/anime.service.js:getAnimeEpisodes.episodes@256:6","episodes","src/services/anime.service.js",256,256,"      episodes: null,","","",true
"Property:src/services/anime.service.js:getAnimeEpisodes.id@262:4","id","src/services/anime.service.js",262,262,"    id: canonical.id,","","",true
"Property:src/services/anime.service.js:getAnimeEpisodes.anilistId@263:4","anilistId","src/services/anime.service.js",263,263,"    anilistId: canonical.id,","","",true
"Property:src/services/anime.service.js:getAnimeEpisodes.malId@264:4","malId","src/services/anime.service.js",264,264,"    malId: canonical.malId,","","",true
"Property:src/services/anime.service.js:getAnimeEpisodes.totalEpisodes@265:4","totalEpisodes","src/services/anime.service.js",265,265,"    totalEpisodes: canonical.episodes,","","",true
"Property:src/services/anime.service.js:getAnimeEpisodes.pageInfo@266:4","pageInfo","src/services/anime.service.js",266,266,"    pageInfo: episodesPage.pageInfo,","","",true
"Property:src/services/anime.service.js:getAnimeEpisodes.episodes@267:4","episodes","src/services/anime.service.js",267,267,"    episodes: episodesPage.episodes,","","",true
"Property:tests/smoke.test.js:fn@63:70.loader@66:17.value@68:13","value","tests/smoke.test.js",68,68,"    return { value: 'data' };","","",true
"Property:tests/identity-resolver.test.js:buildResolver.cache@40:64","cache","tests/identity-resolver.test.js",40,40,"  return { resolver: new IdentityResolver({ provider, cache }), cache };","","",true
"Property:tests/identity-resolver.test.js:buildResolver.resolver@40:11","resolver","tests/identity-resolver.test.js",40,40,"  return { resolver: new IdentityResolver({ provider, cache }), cache };","","",true
"Property:tests/identity-resolver.test.js:fn@441:91.id@442:20","id","tests/identity-resolver.test.js",442,442,"  const fixture = { id: 101, idMal: 202 };","","",false
"Property:tests/identity-resolver.test.js:fn@441:91.idMal@442:29","idMal","tests/identity-resolver.test.js",442,442,"  const fixture = { id: 101, idMal: 202 };","","",false
"Property:src/services/health.service.js:getHealthStatus.status@42:4","status","src/services/health.service.js",42,42,"    status: 'ok',","","",true
"Property:src/services/health.service.js:getHealthStatus.service@43:4","service","src/services/health.service.js",43,43,"    service: APP_NAME,","","",true
"Property:src/services/health.service.js:getHealthStatus.version@44:4","version","src/services/health.service.js",44,44,"    version: APP_VERSION,","","",true
"Property:src/services/health.service.js:getHealthStatus.environment@45:4","environment","src/services/health.service.js",45,45,"    environment: config.NODE_ENV,","","",true
"Property:src/services/health.service.js:getHealthStatus.uptimeSeconds@46:4","uptimeSeconds","src/services/health.service.js",46,46,"    uptimeSeconds: getUptimeSeconds(),","","",true
"Property:src/services/health.service.js:getHealthStatus.timestamp@47:4","timestamp","src/services/health.service.js",47,47,"    timestamp: new Date().toISOString(),","","",true
"Property:src/services/home.service.js:currentSeason.season@32:43","season","src/services/home.service.js",32,32,"  if (month <= 1 || month === 11) return { season: 'WINTER', seasonYear: new Date().getUTCFullYear() };","","",true
"Property:src/services/home.service.js:currentSeason.seasonYear@32:61","seasonYear","src/services/home.service.js",32,32,"  if (month <= 1 || month === 11) return { season: 'WINTER', seasonYear: new Date().getUTCFullYear() };","","",true
"Property:src/services/home.service.js:currentSeason.season@33:27","season","src/services/home.service.js",33,33,"  if (month <= 4) return { season: 'SPRING', seasonYear: new Date().getUTCFullYear() };","","",true
"Property:src/services/home.service.js:currentSeason.seasonYear@33:45","seasonYear","src/services/home.service.js",33,33,"  if (month <= 4) return { season: 'SPRING', seasonYear: new Date().getUTCFullYear() };","","",true
"Property:src/services/home.service.js:currentSeason.season@34:27","season","src/services/home.service.js",34,34,"  if (month <= 7) return { season: 'SUMMER', seasonYear: new Date().getUTCFullYear() };","","",true
"Property:src/services/home.service.js:currentSeason.seasonYear@34:45","seasonYear","src/services/home.service.js",34,34,"  if (month <= 7) return { season: 'SUMMER', seasonYear: new Date().getUTCFullYear() };","","",true
"Property:src/services/home.service.js:currentSeason.season@35:11","season","src/services/home.service.js",35,35,"  return { season: 'FALL', seasonYear: new Date().getUTCFullYear() };","","",true
"Property:src/services/home.service.js:currentSeason.seasonYear@35:27","seasonYear","src/services/home.service.js",35,35,"  return { season: 'FALL', seasonYear: new Date().getUTCFullYear() };","","",true
"Property:src/services/home.service.js:homeSections.trending@44:4","trending","src/services/home.service.js",44,44,"    trending: { sort: ['TRENDING_DESC'], perPage: SECTION_SIZE },","","",true
"Property:src/services/home.service.js:homeSections.popular@45:4","popular","src/services/home.service.js",45,45,"    popular: { sort: ['POPULARITY_DESC'], perPage: SECTION_SIZE },","","",true
"Property:src/services/home.service.js:homeSections.seasonal@46:4","seasonal","src/services/home.service.js",46,46,"    seasonal: { ...currentSeason(), sort: ['POPULARITY_DESC'], perPage: SECTION_SIZE },","","",true
"Property:src/services/home.service.js:homeSections.topRated@47:4","topRated","src/services/home.service.js",47,47,"    topRated: { sort: ['SCORE_DESC'], perPage: SECTION_SIZE },","","",true
"Property:src/middleware/request-logger.js:requestLogger.fn@15:9.fn@19:21.method@21:8","method","src/middleware/request-logger.js",21,21,"        method: req.method,","","",false
"Property:src/middleware/request-logger.js:requestLogger.fn@15:9.fn@19:21.path@22:8","path","src/middleware/request-logger.js",22,22,"        path: req.originalUrl,","","",false
"Property:src/middleware/request-logger.js:requestLogger.fn@15:9.fn@19:21.status@23:8","status","src/middleware/request-logger.js",23,23,"        status: res.statusCode,","","",false
"Property:src/middleware/request-logger.js:requestLogger.fn@15:9.fn@19:21.latencyMs@24:8","latencyMs","src/middleware/request-logger.js",24,24,"        latencyMs: Date.now() - start,","","",false
"Property:src/errors/app-error.js:ERROR_CODES.VALIDATION","VALIDATION","src/errors/app-error.js",17,17,"  VALIDATION: 'VALIDATION_ERROR',","","",false
"Property:src/errors/app-error.js:ERROR_CODES.NOT_FOUND","NOT_FOUND","src/errors/app-error.js",18,18,"  NOT_FOUND: 'NOT_FOUND',","","",false
"Property:src/errors/app-error.js:ERROR_CODES.NOT_IMPLEMENTED","NOT_IMPLEMENTED","src/errors/app-error.js",19,19,"  NOT_IMPLEMENTED: 'NOT_IMPLEMENTED',","","",false
"Property:src/errors/app-error.js:ERROR_CODES.PROVIDER","PROVIDER","src/errors/app-error.js",20,20,"  PROVIDER: 'PROVIDER_ERROR',","","",false
"Property:src/errors/app-error.js:ERROR_CODES.TIMEOUT","TIMEOUT","src/errors/app-error.js",21,21,"  TIMEOUT: 'TIMEOUT_ERROR',","","",false
"Property:src/errors/app-error.js:ERROR_CODES.RATE_LIMIT","RATE_LIMIT","src/errors/app-error.js",22,22,"  RATE_LIMIT: 'RATE_LIMIT_ERROR',","","",false
"Property:src/errors/app-error.js:ERROR_CODES.CACHE","CACHE","src/errors/app-error.js",23,23,"  CACHE: 'CACHE_ERROR',","","",false
"Property:src/errors/app-error.js:ERROR_CODES.INTERNAL","INTERNAL","src/errors/app-error.js",24,24,"  INTERNAL: 'INTERNAL_ERROR',","","",false
"Property:src/errors/app-error.js:AppError.toResponse.code@60:20","code","src/errors/app-error.js",60,60,"    const error = { code: this.code, message: this.message };","","",false
"Property:src/errors/app-error.js:AppError.toResponse.message@60:37","message","src/errors/app-error.js",60,60,"    const error = { code: this.code, message: this.message };","","",false
"Property:src/errors/app-error.js:AppError.toResponse.error@62:13","error","src/errors/app-error.js",62,62,"    return { error };","","",true
"Property:src/services/category.service.js:SPECIAL_CATEGORIES.trending","trending","src/services/category.service.js",22,22,"  trending: { sort: ['TRENDING_DESC'] },","","",false
"Property:src/services/category.service.js:SPECIAL_CATEGORIES.popular","popular","src/services/category.service.js",23,23,"  popular: { sort: ['POPULARITY_DESC'] },","","",false
"Property:src/services/category.service.js:SPECIAL_CATEGORIES.top","top","src/services/category.service.js",24,24,"  top: { sort: ['SCORE_DESC'] },","","",false
"Property:src/services/category.service.js:SPECIAL_CATEGORIES.airing","airing","src/services/category.service.js",26,26,"  airing: { status: 'RELEASING', sort: ['POPULARITY_DESC'] },","","",false
"Property:src/services/category.service.js:SPECIAL_CATEGORIES.upcoming","upcoming","src/services/category.service.js",27,27,"  upcoming: { status: 'NOT_YET_RELEASED', sort: ['POPULARITY_DESC'] },","","",false
"Property:src/services/category.service.js:resolveCategoryOptions.genre@70:22","genre","src/services/category.service.js",70,70,"  if (genre) return { genre };","","",true
"Property:src/normalizers/megaplay-normalizer.js:extractSource.url@96:26","url","src/normalizers/megaplay-normalizer.js",96,96,"  if (stringUrl) return { url: stringUrl };","","",true
"Property:src/normalizers/megaplay-normalizer.js:extractSource.url@103:23","url","src/normalizers/megaplay-normalizer.js",103,103,"      const source = { url };","","",false
"Property:src/normalizers/megaplay-normalizer.js:noStream.episode@173:47","episode","src/normalizers/megaplay-normalizer.js",173,173,"  return { usable: false, sources: [], reason, episode: null, expiresAt: null };","","",true
"Property:src/normalizers/megaplay-normalizer.js:noStream.expiresAt@173:62","expiresAt","src/normalizers/megaplay-normalizer.js",173,173,"  return { usable: false, sources: [], reason, episode: null, expiresAt: null };","","",true
"Property:src/normalizers/megaplay-normalizer.js:noStream.reason@173:39","reason","src/normalizers/megaplay-normalizer.js",173,173,"  return { usable: false, sources: [], reason, episode: null, expiresAt: null };","","",true
"Property:src/normalizers/megaplay-normalizer.js:noStream.sources@173:26","sources","src/normalizers/megaplay-normalizer.js",173,173,"  return { usable: false, sources: [], reason, episode: null, expiresAt: null };","","",true
"Property:src/normalizers/megaplay-normalizer.js:noStream.usable@173:11","usable","src/normalizers/megaplay-normalizer.js",173,173,"  return { usable: false, sources: [], reason, episode: null, expiresAt: null };","","",true
"Property:src/normalizers/megaplay-normalizer.js:normalizeMegaplayStreamResponse.episode@198:58","episode","src/normalizers/megaplay-normalizer.js",198,198,"      return { usable: true, sources: [{ url: trimmed }], episode: null, expiresAt: null };","","",true
"Property:src/normalizers/megaplay-normalizer.js:normalizeMegaplayStreamResponse.expiresAt@198:73","expiresAt","src/normalizers/megaplay-normalizer.js",198,198,"      return { usable: true, sources: [{ url: trimmed }], episode: null, expiresAt: null };","","",true
"Property:src/normalizers/megaplay-normalizer.js:normalizeMegaplayStreamResponse.sources@198:29","sources","src/normalizers/megaplay-normalizer.js",198,198,"      return { usable: true, sources: [{ url: trimmed }], episode: null, expiresAt: null };","","",true
"Property:src/normalizers/megaplay-normalizer.js:normalizeMegaplayStreamResponse.usable@198:15","usable","src/normalizers/megaplay-normalizer.js",198,198,"      return { usable: true, sources: [{ url: trimmed }], episode: null, expiresAt: null };","","",true
"Property:src/normalizers/megaplay-normalizer.js:normalizeMegaplayStreamResponse.usable@205:8","usable","src/normalizers/megaplay-normalizer.js",205,205,"        usable: true,","","",true
"Property:src/normalizers/megaplay-normalizer.js:normalizeMegaplayStreamResponse.sources@206:8","sources","src/normalizers/megaplay-normalizer.js",206,206,"        sources: [{ url: requestedUrl, type: 'embed' }],","","",true
"Property:src/normalizers/megaplay-normalizer.js:normalizeMegaplayStreamResponse.episode@207:8","episode","src/normalizers/megaplay-normalizer.js",207,207,"        episode: null,","","",true
"Property:src/normalizers/megaplay-normalizer.js:normalizeMegaplayStreamResponse.expiresAt@208:8","expiresAt","src/normalizers/megaplay-normalizer.js",208,208,"        expiresAt: null,","","",true
"Property:src/normalizers/megaplay-normalizer.js:normalizeMegaplayStreamResponse.usable@225:4","usable","src/normalizers/megaplay-normalizer.js",225,225,"    usable: true,","","",true
"Property:src/normalizers/megaplay-normalizer.js:normalizeMegaplayStreamResponse.sources@226:4","sources","src/normalizers/megaplay-normalizer.js",226,226,"    sources,","","",true
"Property:src/normalizers/megaplay-normalizer.js:normalizeMegaplayStreamResponse.episode@227:4","episode","src/normalizers/megaplay-normalizer.js",227,227,"    episode: episodeOf(record),","","",true
"Property:src/normalizers/megaplay-normalizer.js:normalizeMegaplayStreamResponse.expiresAt@228:4","expiresAt","src/normalizers/megaplay-normalizer.js",228,228,"    expiresAt: expiryOf(record),","","",true
"Property:tests/api-misc.test.js:fn@38:93.anilist@41:13.data@46:8","data","tests/api-misc.test.js",46,56,"        data: {           Media: {             recommendations: {               nodes: [                 { rating: 100, mediaRecommendation: anilistMedia({ id: 201, idMal: 301, title: 'Recommended A' }) },                 { rating: 80, mediaRecommendation: anilistMedia({ id: 202, idMal: 302, title: 'Recommended B' }) },                 { rating: 50, mediaRecommendation: null },               ],             },           },         },","","",true
"Property:tests/api-misc.test.js:fn@83:87.anilist@86:13.data@88:15","data","tests/api-misc.test.js",88,88,"      return { data: { Media: { recommendations: { nodes: [] } } } };","","",true
"Property:tests/api-misc.test.js:fn@111:99.anilist@114:13.data@117:8","data","tests/api-misc.test.js",117,127,"        data: {           Media: {             relations: {               nodes: [                 { id: 124, idMal: 457, relationType: 'SEQUEL', type: 'ANIME', format: 'TV', title: { romaji: 'Sequel', english: 'Sequel EN', userPreferred: 'Sequel' }, coverImage: { large: 'https://img.anilist.co/seq.jpg', medium: null } },                 { id: 122, idMal: 455, relationType: 'PREQUEL', type: 'ANIME', format: 'TV', title: { romaji: 'Prequel', english: 'Prequel EN', userPreferred: 'Prequel' }, coverImage: { large: 'https://img.anilist.co/pre.jpg', medium: null } },                 { id: null, relationType: 'SIDE_STORY' },               ],             },           },         },","","",true
"Property:tests/api-misc.test.js:fn@228:83.anilist@231:13.data@234:8","data","tests/api-misc.test.js",234,242,"        data: {           Page: {             pageInfo: { hasNextPage: true },             airingSchedules: [               { airingAt: 1700000000, episode: 5, media: { id: 123, idMal: 456, title: { romaji: 'Scheduled', english: null, userPreferred: 'Scheduled' } } },               { airingAt: null, episode: 6, media: { id: 124, idMal: 457, title: { romaji: 'Bad', english: null, userPreferred: 'Bad' } } },             ],           },         },","","",true
"Property:tests/api-misc.test.js:fn@288:88.anilist@291:13.data@293:15","data","tests/api-misc.test.js",293,293,"      return { data: { Media: anilistMedia({ id: 123, idMal: 456 }) } };","","",true
"Property:tests/api-misc.test.js:fn@323:88.anilist@326:13.data@328:15","data","tests/api-misc.test.js",328,328,"      return { data: { Media: anilistMedia({ id: 123, idMal: 456 }) } };","","",true
"Property:tests/api-misc.test.js:fn@349:88.anilist@352:13.data@354:15","data","tests/api-misc.test.js",354,354,"      return { data: { Media: anilistMedia({ id: 123, idMal: 456 }) } };","","",true
"Property:tests/tmdb-provider.test.js:searchPayload.page","page","tests/tmdb-provider.test.js",23,23,"const searchPayload = { page: 1, results: [{ id: 789, name: 'One Punch Man', original_name: 'ワンパンマン' }] };","","",false
"Property:tests/tmdb-provider.test.js:searchPayload.results","results","tests/tmdb-provider.test.js",23,23,"const searchPayload = { page: 1, results: [{ id: 789, name: 'One Punch Man', original_name: 'ワンパンマン' }] };","","",false
"Property:tests/tmdb-provider.test.js:detailsPayload.backdrop_path","backdrop_path","tests/tmdb-provider.test.js",24,24,"const detailsPayload = { id: 789, name: 'One Punch Man', backdrop_path: '/abc.jpg', poster_path: '/def.jpg' };","","",false
"Property:tests/tmdb-provider.test.js:detailsPayload.id","id","tests/tmdb-provider.test.js",24,24,"const detailsPayload = { id: 789, name: 'One Punch Man', backdrop_path: '/abc.jpg', poster_path: '/def.jpg' };","","",false
"Property:tests/tmdb-provider.test.js:detailsPayload.name","name","tests/tmdb-provider.test.js",24,24,"const detailsPayload = { id: 789, name: 'One Punch Man', backdrop_path: '/abc.jpg', poster_path: '/def.jpg' };","","",false
"Property:tests/tmdb-provider.test.js:detailsPayload.poster_path","poster_path","tests/tmdb-provider.test.js",24,24,"const detailsPayload = { id: 789, name: 'One Punch Man', backdrop_path: '/abc.jpg', poster_path: '/def.jpg' };","","",false
"Property:src/utils/logger.js:LEVELS.debug","debug","src/utils/logger.js",19,19,"const LEVELS = Object.freeze({ debug: 10, info: 20, warn: 30, error: 40 });","","",false
"Property:src/utils/logger.js:LEVELS.error","error","src/utils/logger.js",19,19,"const LEVELS = Object.freeze({ debug: 10, info: 20, warn: 30, error: 40 });","","",false
"Property:src/utils/logger.js:LEVELS.info","info","src/utils/logger.js",19,19,"const LEVELS = Object.freeze({ debug: 10, info: 20, warn: 30, error: 40 });","","",false
"Property:src/utils/logger.js:LEVELS.warn","warn","src/utils/logger.js",19,19,"const LEVELS = Object.freeze({ debug: 10, info: 20, warn: 30, error: 40 });","","",false
"Property:src/utils/logger.js:serializeError.message@30:34","message","src/utils/logger.js",30,30,"  const out = { name: value.name, message: value.message };","","",false
"Property:src/utils/logger.js:serializeError.name@30:16","name","src/utils/logger.js",30,30,"  const out = { name: value.name, message: value.message };","","",false
"Property:src/utils/logger.js:write.ts@61:4","ts","src/utils/logger.js",61,61,"    ts: new Date().toISOString(),","","",false
"Property:src/utils/logger.js:write.level@62:4","level","src/utils/logger.js",62,62,"    level,","","",false
"Property:src/utils/logger.js:write.msg@63:4","msg","src/utils/logger.js",63,63,"    msg: message,","","",false
"Property:tests/supabase-cache.test.js:makeRow.namespace@27:4","namespace","tests/supabase-cache.test.js",27,27,"    namespace: key.includes(':') ? key.slice(0, key.indexOf(':')) : 'default',","","",false
"Property:tests/supabase-cache.test.js:makeRow.cache_key@28:4","cache_key","tests/supabase-cache.test.js",28,28,"    cache_key: key.includes(':') ? key.slice(key.indexOf(':') + 1) : key,","","",false
"Property:tests/supabase-cache.test.js:makeRow.value@29:4","value","tests/supabase-cache.test.js",29,29,"    value,","","",false
"Property:tests/supabase-cache.test.js:makeRow.ttl_seconds@30:4","ttl_seconds","tests/supabase-cache.test.js",30,30,"    ttl_seconds: ttlSeconds,","","",false
"Property:tests/supabase-cache.test.js:makeRow.created_at@31:4","created_at","tests/supabase-cache.test.js",31,31,"    created_at: new Date(now - 1000).toISOString(),","","",false
"Property:tests/supabase-cache.test.js:makeRow.updated_at@32:4","updated_at","tests/supabase-cache.test.js",32,32,"    updated_at: new Date(now - 1000).toISOString(),","","",false
"Property:tests/supabase-cache.test.js:makeRow.expires_at@33:4","expires_at","tests/supabase-cache.test.js",33,33,"    expires_at: new Date(now - 1000 + freshMs).toISOString(),","","",false
"Property:tests/supabase-cache.test.js:makeRow.stale_until@34:4","stale_until","tests/supabase-cache.test.js",34,34,"    stale_until: new Date(now - 1000 + freshMs + staleMs).toISOString(),","","",false
"Property:tests/supabase-cache.test.js:buildManager.l1@298:20","l1","tests/supabase-cache.test.js",298,298,"  return { manager, l1, l2 };","","",true
"Property:tests/supabase-cache.test.js:buildManager.l2@298:24","l2","tests/supabase-cache.test.js",298,298,"  return { manager, l1, l2 };","","",true
"Property:tests/supabase-cache.test.js:buildManager.manager@298:11","manager","tests/supabase-cache.test.js",298,298,"  return { manager, l1, l2 };","","",true
"Property:tests/supabase-cache.test.js:fn@331:63.fn@336:64.loaded@338:15","loaded","tests/supabase-cache.test.js",338,338,"      return { loaded: true };","","",true
"Property:tests/supabase-cache.test.js:fn@419:67.fn@425:64.survived@427:15","survived","tests/supabase-cache.test.js",427,427,"      return { survived: true };","","",true
