from,to,type,confidence,reason,step,staticGated
"Function:src/identity/id-types.js:parseIdentityType","Property:src/config/constants.js:ID_TYPES.ANILIST","ACCESSES",1,"read",0,0
"Function:src/identity/id-types.js:parseIdentityType","Property:src/config/constants.js:ID_TYPES.MAL","ACCESSES",1,"read",0,0
"Function:src/providers/megaplay/megaplay.queries.js:normalizeLanguage","Property:src/config/constants.js:STREAM_LANGUAGES.SUB","ACCESSES",1,"read",0,0
"Function:src/providers/megaplay/megaplay.queries.js:normalizeLanguage","Property:src/config/constants.js:STREAM_LANGUAGES.SUB","ACCESSES",1,"read",0,0
"Function:src/providers/megaplay/megaplay.queries.js:normalizeLanguage","Property:src/config/constants.js:STREAM_LANGUAGES.DUB","ACCESSES",1,"read",0,0
"Function:src/providers/megaplay/megaplay.queries.js:normalizeEpisode","Property:src/config/constants.js:STREAM_LIMITS.MAX_EPISODE","ACCESSES",1,"read",0,0
"Function:src/providers/megaplay/megaplay.queries.js:normalizeEpisode","Property:src/config/constants.js:STREAM_LIMITS.MAX_EPISODE","ACCESSES",1,"read",0,0
"Function:src/providers/megaplay/megaplay.queries.js:buildAniListStreamUrl","Property:src/config/constants.js:STREAM_LANGUAGES.SUB","ACCESSES",1,"read",0,0
"Function:src/providers/megaplay/megaplay.queries.js:buildMalStreamUrl","Property:src/config/constants.js:STREAM_LANGUAGES.SUB","ACCESSES",1,"read",0,0
"Function:src/services/anime.service.js:getAnimeDetails","Property:src/config/constants.js:CACHE_TTL.DAY","ACCESSES",1,"read",0,0
"Function:src/services/anime.service.js:getFullDetails","Property:src/config/constants.js:CACHE_TTL.MEDIUM","ACCESSES",1,"read",0,0
"Function:src/services/anime.service.js:validateSearchOptions","Property:src/config/constants.js:SEARCH_LIMITS.MAX_PAGE","ACCESSES",1,"read",0,0
"Function:src/services/anime.service.js:validateSearchOptions","Property:src/config/constants.js:SEARCH_LIMITS.MAX_PAGE","ACCESSES",1,"read",0,0
"Function:src/services/anime.service.js:validateSearchOptions","Property:src/config/constants.js:SEARCH_LIMITS.MAX_PER_PAGE","ACCESSES",1,"read",0,0
"Function:src/services/anime.service.js:validateSearchOptions","Property:src/config/constants.js:SEARCH_LIMITS.MAX_PER_PAGE","ACCESSES",1,"read",0,0
"Function:src/services/anime.service.js:searchAnime","Property:src/config/constants.js:CACHE_TTL.MEDIUM","ACCESSES",1,"read",0,0
"Function:src/services/anime.service.js:getAnimeRecommendations","Property:src/config/constants.js:CACHE_TTL.DAY","ACCESSES",1,"read",0,0
"Function:src/services/anime.service.js:getAnimeSeasons","Property:src/config/constants.js:CACHE_TTL.DAY","ACCESSES",1,"read",0,0
"Function:src/services/home.service.js:getHomeFeed","Property:src/config/constants.js:CACHE_TTL.MEDIUM","ACCESSES",1,"read",0,0
"Function:src/services/jikan.service.js:getAnimeByMalId","Property:src/config/constants.js:CACHE_TTL.DAY","ACCESSES",1,"read",0,0
"Function:src/services/jikan.service.js:getEpisodes","Property:src/config/constants.js:CACHE_TTL.MEDIUM","ACCESSES",1,"read",0,0
"Function:src/services/jikan.service.js:searchAnime","Property:src/config/constants.js:CACHE_TTL.MEDIUM","ACCESSES",1,"read",0,0
"Function:src/services/schedule.service.js:getAiringSchedule","Property:src/config/constants.js:CACHE_TTL.MEDIUM","ACCESSES",1,"read",0,0
"Function:src/services/tmdb.service.js:enrichWithTmdb","Property:src/config/constants.js:CACHE_TTL.DAY","ACCESSES",1,"read",0,0
"Function:src/app.js:createApp","Property:src/config/env.js:schema.CORS_ORIGIN","ACCESSES",0.5,"scope-resolution: unique-name property (workspace-unique): read",0,0
"Function:src/app.js:createApp","Property:src/config/env.js:schema.CORS_ORIGIN","ACCESSES",0.5,"scope-resolution: unique-name property (workspace-unique): read",0,0
"Function:src/config/env.js:loadConfig","Property:src/config/env.js:schema.NODE_ENV","ACCESSES",0.5,"scope-resolution: unique-name property (workspace-unique): read",0,0
"Function:src/config/env.js:loadConfig","Property:src/config/env.js:schema.NODE_ENV","ACCESSES",0.5,"scope-resolution: unique-name property (workspace-unique): read",0,0
"Function:src/controllers/anime.controller.js:detailsController","Property:src/providers/anilist/anilist.provider.js:AnilistProvider.getRecommendations.id@166:24","ACCESSES",0.5,"scope-resolution: unique-name property (ranked): read",0,0
"Function:src/controllers/anime.controller.js:episodesController","Property:src/providers/anilist/anilist.provider.js:AnilistProvider.getRecommendations.id@166:24","ACCESSES",0.5,"scope-resolution: unique-name property (ranked): read",0,0
"Function:src/controllers/anime.controller.js:episodesController","Property:src/providers/anilist/anilist.provider.js:AnilistProvider._buildPageVariables.page@238:6","ACCESSES",0.5,"scope-resolution: unique-name property (ranked): read",0,0
"Function:src/controllers/anime.controller.js:recommendationsController","Property:src/providers/anilist/anilist.provider.js:AnilistProvider.getRecommendations.id@166:24","ACCESSES",0.5,"scope-resolution: unique-name property (ranked): read",0,0
"Function:src/controllers/anime.controller.js:seasonsController","Property:src/providers/anilist/anilist.provider.js:AnilistProvider.getRecommendations.id@166:24","ACCESSES",0.5,"scope-resolution: unique-name property (ranked): read",0,0
"Function:src/controllers/anime.controller.js:categoryController","Property:src/providers/anilist/anilist.provider.js:AnilistProvider._buildPageVariables.page@238:6","ACCESSES",0.5,"scope-resolution: unique-name property (ranked): read",0,0
"Function:src/controllers/anime.controller.js:categoryController","Property:src/providers/anilist/anilist.provider.js:AnilistProvider._buildPageVariables.perPage@239:6","ACCESSES",0.5,"scope-resolution: unique-name property (workspace-unique): read",0,0
"Function:src/controllers/jikan.controller.js:jikanFromAnilistController","Property:src/providers/anilist/anilist.provider.js:AnilistProvider.getRecommendations.id@166:24","ACCESSES",0.5,"scope-resolution: unique-name property (ranked): read",0,0
"Function:src/controllers/schedule.controller.js:scheduleController","Property:src/providers/anilist/anilist.provider.js:AnilistProvider._buildPageVariables.page@238:6","ACCESSES",0.5,"scope-resolution: unique-name property (ranked): read",0,0
"Function:src/controllers/search.controller.js:searchController","Property:src/providers/anilist/anilist.provider.js:AnilistProvider._buildPageVariables.page@238:6","ACCESSES",0.5,"scope-resolution: unique-name property (ranked): read",0,0
"Function:src/controllers/search.controller.js:searchController","Property:src/providers/anilist/anilist.provider.js:AnilistProvider._buildPageVariables.perPage@239:6","ACCESSES",0.5,"scope-resolution: unique-name property (workspace-unique): read",0,0
"Function:src/controllers/search.controller.js:searchController","Property:src/middleware/request-logger.js:requestLogger.fn@15:9.fn@19:21.status@23:8","ACCESSES",0.5,"scope-resolution: unique-name property (ranked): read",0,0
"Function:src/controllers/search.controller.js:searchController","Property:src/services/category.service.js:resolveCategoryOptions.genre@70:22","ACCESSES",0.5,"scope-resolution: unique-name property (workspace-unique): read",0,0
"Function:src/controllers/search.controller.js:searchController","Property:src/providers/anilist/anilist.provider.js:AnilistProvider._buildPageVariables.sort@240:6","ACCESSES",0.5,"scope-resolution: unique-name property (workspace-unique): read",0,0
"Function:src/controllers/streaming.controller.js:streamResolveController","Property:src/providers/anilist/anilist.provider.js:AnilistProvider.getRecommendations.id@166:24","ACCESSES",0.5,"scope-resolution: unique-name property (ranked): read",0,0
"Function:src/controllers/streaming.controller.js:streamResolveController","Property:src/streaming/stream-resolver.js:StreamResolver._lookupStream.episode@256:74","ACCESSES",0.5,"scope-resolution: unique-name property (ranked): read",0,0
"Function:src/controllers/streaming.controller.js:streamResolveController","Property:src/streaming/stream-resolver.js:StreamResolver._toStreamResponse.language@318:6","ACCESSES",0.5,"scope-resolution: unique-name property (workspace-unique): read",0,0
"Function:src/controllers/tmdb.controller.js:tmdbController","Property:src/providers/anilist/anilist.provider.js:AnilistProvider.getRecommendations.id@166:24","ACCESSES",0.5,"scope-resolution: unique-name property (ranked): read",0,0
"Function:src/identity/id-types.js:createAnimeIdentity","Property:src/identity/id-types.js:createAnimeIdentity.id@73:4","ACCESSES",0.5,"scope-resolution: unique-name property (own-return-shape): write",0,0
"Function:src/identity/id-types.js:createAnimeIdentity","Property:src/identity/id-types.js:createAnimeIdentity.anilistId@74:4","ACCESSES",0.5,"scope-resolution: unique-name property (own-return-shape): write",0,0
"Function:src/identity/id-types.js:createAnimeIdentity","Property:src/identity/id-types.js:createAnimeIdentity.malId@75:4","ACCESSES",0.5,"scope-resolution: unique-name property (own-return-shape): write",0,0
"Function:src/identity/id-types.js:createIdentityResult","Property:src/identity/id-types.js:createIdentityResult.anilistId@138:4","ACCESSES",0.5,"scope-resolution: unique-name property (own-return-shape): write",0,0
"Function:src/identity/id-types.js:createIdentityResult","Property:src/identity/id-types.js:createIdentityResult.malId@139:4","ACCESSES",0.5,"scope-resolution: unique-name property (own-return-shape): write",0,0
"Function:src/identity/id-types.js:createIdentityResult","Property:src/identity/id-types.js:createIdentityResult.source@140:4","ACCESSES",0.5,"scope-resolution: unique-name property (own-return-shape): write",0,0
"Function:src/identity/id-types.js:createIdentityResult","Property:src/identity/id-types.js:createIdentityResult.confidence@141:4","ACCESSES",0.5,"scope-resolution: unique-name property (own-return-shape): write",0,0
"Function:src/identity/identity-resolver.js:isIdentityResult","Property:src/identity/id-types.js:createIdentityResult.resolved@142:4","ACCESSES",0.5,"scope-resolution: unique-name property (imported-file): read",0,0
"Function:src/middleware/error-handler.js:errorHandler","Property:src/utils/logger.js:serializeError.message@30:34","ACCESSES",0.5,"scope-resolution: unique-name property (imported-file): read",0,0
"Function:src/middleware/error-handler.js:errorHandler","Property:src/middleware/request-logger.js:requestLogger.fn@15:9.fn@19:21.method@21:8","ACCESSES",0.5,"scope-resolution: unique-name property (ranked): read",0,0
"Function:src/middleware/error-handler.js:errorHandler","Property:src/errors/app-error.js:AppError.toResponse.code@60:20","ACCESSES",0.5,"scope-resolution: unique-name property (workspace-unique): read",0,0
"Function:src/middleware/not-found.js:notFoundHandler","Property:src/middleware/request-logger.js:requestLogger.fn@15:9.fn@19:21.method@21:8","ACCESSES",0.5,"scope-resolution: unique-name property (ranked): read",0,0
"Function:src/middleware/request-id.js:requestId","Property:src/providers/http-client.js:httpRequest.headers@92:55","ACCESSES",0.5,"scope-resolution: unique-name property (workspace-unique): read",0,0
"Function:src/middleware/request-id.js:requestId","Property:src/providers/anilist/anilist.provider.js:AnilistProvider.getRecommendations.id@166:24","ACCESSES",0.5,"scope-resolution: unique-name property (ranked): write",0,0
"Function:src/middleware/request-logger.js:requestLogger","Property:src/middleware/request-logger.js:requestLogger.fn@15:9.fn@19:21.method@21:8","ACCESSES",0.5,"scope-resolution: unique-name property (ranked): read",0,0
"Function:src/normalizers/anime.merge.js:isCanonicalAnime","Property:src/normalizers/anime.merge.js:mergeJikanIntoCanonical.anilistId@124:4","ACCESSES",0.5,"scope-resolution: unique-name property (same-file): read",0,0
"Function:src/normalizers/anime.merge.js:isCanonicalAnime","Property:src/normalizers/anime.merge.js:mergeJikanIntoCanonical.anilistId@124:4","ACCESSES",0.5,"scope-resolution: unique-name property (same-file): read",0,0
"Function:src/normalizers/anime.merge.js:isCanonicalAnime","Property:src/normalizers/anime.merge.js:mergeJikanIntoCanonical.title@129:4","ACCESSES",0.5,"scope-resolution: unique-name property (same-file): read",0,0
"Function:src/normalizers/anime.merge.js:isCanonicalAnime","Property:src/normalizers/anime.merge.js:mergeJikanIntoCanonical.title@129:4","ACCESSES",0.5,"scope-resolution: unique-name property (same-file): read",0,0
"Function:src/normalizers/anime.merge.js:isJikanNormalized","Property:src/normalizers/anime.merge.js:mergeJikanIntoCanonical.malId@126:4","ACCESSES",0.5,"scope-resolution: unique-name property (same-file): read",0,0
"Function:src/normalizers/anime.merge.js:isJikanNormalized","Property:src/normalizers/anime.merge.js:mergeJikanIntoCanonical.malId@126:4","ACCESSES",0.5,"scope-resolution: unique-name property (same-file): read",0,0
"Function:src/normalizers/anime.merge.js:isJikanNormalized","Property:src/normalizers/anime.merge.js:mergeJikanIntoCanonical.title@129:4","ACCESSES",0.5,"scope-resolution: unique-name property (same-file): read",0,0
"Function:src/normalizers/anime.merge.js:isJikanNormalized","Property:src/normalizers/anime.merge.js:mergeJikanIntoCanonical.title@129:4","ACCESSES",0.5,"scope-resolution: unique-name property (same-file): read",0,0
"Function:src/normalizers/anime.merge.js:mergeJikanIntoCanonical","Property:src/normalizers/anime.merge.js:mergeJikanIntoCanonical.id@123:4","ACCESSES",0.5,"scope-resolution: unique-name property (own-return-shape): write",0,0
"Function:src/normalizers/anime.merge.js:mergeJikanIntoCanonical","Property:src/normalizers/anime.merge.js:mergeJikanIntoCanonical.id@123:4","ACCESSES",0.5,"scope-resolution: unique-name property (own-return-shape): read",0,0
"Function:src/normalizers/anime.merge.js:mergeJikanIntoCanonical","Property:src/normalizers/anime.merge.js:mergeJikanIntoCanonical.anilistId@124:4","ACCESSES",0.5,"scope-resolution: unique-name property (own-return-shape): write",0,0
"Function:src/normalizers/anime.merge.js:mergeJikanIntoCanonical","Property:src/normalizers/anime.merge.js:mergeJikanIntoCanonical.anilistId@124:4","ACCESSES",0.5,"scope-resolution: unique-name property (own-return-shape): read",0,0
"Function:src/normalizers/anime.merge.js:mergeJikanIntoCanonical","Property:src/normalizers/anime.merge.js:mergeJikanIntoCanonical.malId@126:4","ACCESSES",0.5,"scope-resolution: unique-name property (own-return-shape): write",0,0
"Function:src/normalizers/anime.merge.js:mergeJikanIntoCanonical","Property:src/normalizers/anime.merge.js:mergeJikanIntoCanonical.malId@126:4","ACCESSES",0.5,"scope-resolution: unique-name property (own-return-shape): read",0,0
"Function:src/normalizers/anime.merge.js:mergeJikanIntoCanonical","Property:src/normalizers/anime.merge.js:mergeJikanIntoCanonical.malId@126:4","ACCESSES",0.5,"scope-resolution: unique-name property (own-return-shape): read",0,0
"Function:src/normalizers/anime.merge.js:mergeJikanIntoCanonical","Property:src/normalizers/anime.merge.js:mergeJikanIntoCanonical.title@129:4","ACCESSES",0.5,"scope-resolution: unique-name property (own-return-shape): write",0,0
"Function:src/normalizers/anime.merge.js:mergeJikanIntoCanonical","Property:src/normalizers/anime.merge.js:mergeJikanIntoCanonical.title@129:4","ACCESSES",0.5,"scope-resolution: unique-name property (own-return-shape): read",0,0
"Function:src/normalizers/anime.merge.js:mergeJikanIntoCanonical","Property:src/normalizers/anime.merge.js:mergeJikanIntoCanonical.title@129:4","ACCESSES",0.5,"scope-resolution: unique-name property (own-return-shape): read",0,0
"Function:src/normalizers/anime.merge.js:mergeJikanIntoCanonical","Property:src/normalizers/anime.merge.js:mergeJikanIntoCanonical.title@129:4","ACCESSES",0.5,"scope-resolution: unique-name property (own-return-shape): read",0,0
"Function:src/normalizers/anime.merge.js:mergeJikanIntoCanonical","Property:src/normalizers/anime.merge.js:mergeJikanIntoCanonical.title@129:4","ACCESSES",0.5,"scope-resolution: unique-name property (own-return-shape): read",0,0
"Function:src/normalizers/anime.merge.js:mergeJikanIntoCanonical","Property:src/normalizers/anime.merge.js:mergeJikanIntoCanonical.title@129:4","ACCESSES",0.5,"scope-resolution: unique-name property (own-return-shape): read",0,0
"Function:src/normalizers/anime.merge.js:mergeJikanIntoCanonical","Property:src/normalizers/anime.merge.js:mergeJikanIntoCanonical.title@129:4","ACCESSES",0.5,"scope-resolution: unique-name property (own-return-shape): read",0,0
"Function:src/normalizers/anime.merge.js:mergeJikanIntoCanonical","Property:src/normalizers/anime.merge.js:mergeJikanIntoCanonical.description@136:4","ACCESSES",0.5,"scope-resolution: unique-name property (own-return-shape): write",0,0
"Function:src/normalizers/anime.merge.js:mergeJikanIntoCanonical","Property:src/normalizers/anime.merge.js:mergeJikanIntoCanonical.description@136:4","ACCESSES",0.5,"scope-resolution: unique-name property (own-return-shape): read",0,0
"Function:src/normalizers/anime.merge.js:mergeJikanIntoCanonical","Property:src/normalizers/anime.normalizer.js:normalizeJikanAnime.synopsis@437:4","ACCESSES",0.5,"scope-resolution: unique-name property (ranked): read",0,0
"Function:src/normalizers/anime.merge.js:mergeJikanIntoCanonical","Property:src/normalizers/anime.merge.js:mergeJikanIntoCanonical.images@139:4","ACCESSES",0.5,"scope-resolution: unique-name property (own-return-shape): write",0,0
"Function:src/normalizers/anime.merge.js:mergeJikanIntoCanonical","Property:src/normalizers/anime.merge.js:mergeJikanIntoCanonical.images@139:4","ACCESSES",0.5,"scope-resolution: unique-name property (own-return-shape): read",0,0
"Function:src/normalizers/anime.merge.js:mergeJikanIntoCanonical","Property:src/normalizers/anime.merge.js:mergeJikanIntoCanonical.images@139:4","ACCESSES",0.5,"scope-resolution: unique-name property (own-return-shape): read",0,0
"Function:src/normalizers/anime.merge.js:mergeJikanIntoCanonical","Property:src/normalizers/anime.normalizer.js:normalizeAnilistImages.cover@126:4","ACCESSES",0.5,"scope-resolution: unique-name property (workspace-unique): write",0,0
"Function:src/normalizers/anime.merge.js:mergeJikanIntoCanonical","Property:src/normalizers/anime.merge.js:mergeJikanIntoCanonical.images@139:4","ACCESSES",0.5,"scope-resolution: unique-name property (own-return-shape): read",0,0
"Function:src/normalizers/anime.merge.js:mergeJikanIntoCanonical","Property:src/normalizers/anime.normalizer.js:normalizeAnilistImages.cover@126:4","ACCESSES",0.5,"scope-resolution: unique-name property (workspace-unique): read",0,0
"Function:src/normalizers/anime.merge.js:mergeJikanIntoCanonical","Property:src/normalizers/anime.merge.js:mergeJikanIntoCanonical.images@139:4","ACCESSES",0.5,"scope-resolution: unique-name property (own-return-shape): read",0,0
"Function:src/normalizers/anime.merge.js:mergeJikanIntoCanonical","Property:src/normalizers/anime.normalizer.js:normalizeAnilistImages.banner@127:4","ACCESSES",0.5,"scope-resolution: unique-name property (workspace-unique): write",0,0
"Function:src/normalizers/anime.merge.js:mergeJikanIntoCanonical","Property:src/normalizers/anime.merge.js:mergeJikanIntoCanonical.images@139:4","ACCESSES",0.5,"scope-resolution: unique-name property (own-return-shape): read",0,0
"Function:src/normalizers/anime.merge.js:mergeJikanIntoCanonical","Property:src/normalizers/anime.normalizer.js:normalizeAnilistImages.banner@127:4","ACCESSES",0.5,"scope-resolution: unique-name property (workspace-unique): read",0,0
"Function:src/normalizers/anime.merge.js:mergeJikanIntoCanonical","Property:src/normalizers/anime.merge.js:mergeJikanIntoCanonical.type@146:4","ACCESSES",0.5,"scope-resolution: unique-name property (own-return-shape): write",0,0
"Function:src/normalizers/anime.merge.js:mergeJikanIntoCanonical","Property:src/normalizers/anime.merge.js:mergeJikanIntoCanonical.type@146:4","ACCESSES",0.5,"scope-resolution: unique-name property (own-return-shape): read",0,0
"Function:src/normalizers/anime.merge.js:mergeJikanIntoCanonical","Property:src/normalizers/anime.merge.js:mergeJikanIntoCanonical.type@146:4","ACCESSES",0.5,"scope-resolution: unique-name property (own-return-shape): read",0,0
"Function:src/normalizers/anime.merge.js:mergeJikanIntoCanonical","Property:src/normalizers/anime.merge.js:mergeJikanIntoCanonical.format@147:4","ACCESSES",0.5,"scope-resolution: unique-name property (own-return-shape): write",0,0
"Function:src/normalizers/anime.merge.js:mergeJikanIntoCanonical","Property:src/normalizers/anime.merge.js:mergeJikanIntoCanonical.format@147:4","ACCESSES",0.5,"scope-resolution: unique-name property (own-return-shape): read",0,0
"Function:src/normalizers/anime.merge.js:mergeJikanIntoCanonical","Property:src/normalizers/anime.merge.js:mergeJikanIntoCanonical.type@146:4","ACCESSES",0.5,"scope-resolution: unique-name property (own-return-shape): read",0,0
"Function:src/normalizers/anime.merge.js:mergeJikanIntoCanonical","Property:src/normalizers/anime.merge.js:mergeJikanIntoCanonical.status@148:4","ACCESSES",0.5,"scope-resolution: unique-name property (own-return-shape): write",0,0
"Function:src/normalizers/anime.merge.js:mergeJikanIntoCanonical","Property:src/normalizers/anime.merge.js:mergeJikanIntoCanonical.status@148:4","ACCESSES",0.5,"scope-resolution: unique-name property (own-return-shape): read",0,0
"Function:src/normalizers/anime.merge.js:mergeJikanIntoCanonical","Property:src/normalizers/anime.merge.js:mergeJikanIntoCanonical.status@148:4","ACCESSES",0.5,"scope-resolution: unique-name property (own-return-shape): read",0,0
"Function:src/normalizers/anime.merge.js:mergeJikanIntoCanonical","Property:src/normalizers/anime.merge.js:mergeJikanIntoCanonical.episodes@149:4","ACCESSES",0.5,"scope-resolution: unique-name property (own-return-shape): write",0,0
"Function:src/normalizers/anime.merge.js:mergeJikanIntoCanonical","Property:src/normalizers/anime.merge.js:mergeJikanIntoCanonical.episodes@149:4","ACCESSES",0.5,"scope-resolution: unique-name property (own-return-shape): read",0,0
"Function:src/normalizers/anime.merge.js:mergeJikanIntoCanonical","Property:src/normalizers/anime.merge.js:mergeJikanIntoCanonical.episodes@149:4","ACCESSES",0.5,"scope-resolution: unique-name property (own-return-shape): read",0,0
"Function:src/normalizers/anime.merge.js:mergeJikanIntoCanonical","Property:src/normalizers/anime.merge.js:mergeJikanIntoCanonical.duration@152:4","ACCESSES",0.5,"scope-resolution: unique-name property (own-return-shape): write",0,0
"Function:src/normalizers/anime.merge.js:mergeJikanIntoCanonical","Property:src/normalizers/anime.merge.js:mergeJikanIntoCanonical.duration@152:4","ACCESSES",0.5,"scope-resolution: unique-name property (own-return-shape): read",0,0
"Function:src/normalizers/anime.merge.js:mergeJikanIntoCanonical","Property:src/normalizers/anime.merge.js:mergeJikanIntoCanonical.season@153:4","ACCESSES",0.5,"scope-resolution: unique-name property (own-return-shape): write",0,0
"Function:src/normalizers/anime.merge.js:mergeJikanIntoCanonical","Property:src/normalizers/anime.merge.js:mergeJikanIntoCanonical.season@153:4","ACCESSES",0.5,"scope-resolution: unique-name property (own-return-shape): read",0,0
"Function:src/normalizers/anime.merge.js:mergeJikanIntoCanonical","Property:src/normalizers/anime.merge.js:mergeJikanIntoCanonical.season@153:4","ACCESSES",0.5,"scope-resolution: unique-name property (own-return-shape): read",0,0
"Function:src/normalizers/anime.merge.js:mergeJikanIntoCanonical","Property:src/normalizers/anime.merge.js:mergeJikanIntoCanonical.seasonYear@154:4","ACCESSES",0.5,"scope-resolution: unique-name property (own-return-shape): write",0,0
"Function:src/normalizers/anime.merge.js:mergeJikanIntoCanonical","Property:src/normalizers/anime.merge.js:mergeJikanIntoCanonical.seasonYear@154:4","ACCESSES",0.5,"scope-resolution: unique-name property (own-return-shape): read",0,0
"Function:src/normalizers/anime.merge.js:mergeJikanIntoCanonical","Property:src/normalizers/anime.merge.js:mergeJikanIntoCanonical.genres@157:4","ACCESSES",0.5,"scope-resolution: unique-name property (own-return-shape): write",0,0
"Function:src/normalizers/anime.merge.js:mergeJikanIntoCanonical","Property:src/normalizers/anime.merge.js:mergeJikanIntoCanonical.genres@157:4","ACCESSES",0.5,"scope-resolution: unique-name property (own-return-shape): read",0,0
"Function:src/normalizers/anime.merge.js:mergeJikanIntoCanonical","Property:src/normalizers/anime.merge.js:mergeJikanIntoCanonical.genres@157:4","ACCESSES",0.5,"scope-resolution: unique-name property (own-return-shape): read",0,0
"Function:src/normalizers/anime.merge.js:mergeJikanIntoCanonical","Property:src/normalizers/anime.merge.js:mergeJikanIntoCanonical.studios@158:4","ACCESSES",0.5,"scope-resolution: unique-name property (own-return-shape): write",0,0
"Function:src/normalizers/anime.merge.js:mergeJikanIntoCanonical","Property:src/normalizers/anime.merge.js:mergeJikanIntoCanonical.studios@158:4","ACCESSES",0.5,"scope-resolution: unique-name property (own-return-shape): read",0,0
"Function:src/normalizers/anime.merge.js:mergeJikanIntoCanonical","Property:src/normalizers/anime.merge.js:mergeJikanIntoCanonical.studios@158:4","ACCESSES",0.5,"scope-resolution: unique-name property (own-return-shape): read",0,0
"Function:src/normalizers/anime.merge.js:mergeJikanIntoCanonical","Property:src/normalizers/anime.merge.js:mergeJikanIntoCanonical.synonyms@159:4","ACCESSES",0.5,"scope-resolution: unique-name property (own-return-shape): write",0,0
"Function:src/normalizers/anime.merge.js:mergeJikanIntoCanonical","Property:src/normalizers/anime.merge.js:mergeJikanIntoCanonical.synonyms@159:4","ACCESSES",0.5,"scope-resolution: unique-name property (own-return-shape): read",0,0
"Function:src/normalizers/anime.merge.js:mergeJikanIntoCanonical","Property:src/normalizers/anime.merge.js:mergeJikanIntoCanonical.title@129:4","ACCESSES",0.5,"scope-resolution: unique-name property (own-return-shape): read",0,0
"Function:src/normalizers/anime.merge.js:mergeJikanIntoCanonical","Property:src/normalizers/anime.merge.js:mergeJikanIntoCanonical.synonyms@159:4","ACCESSES",0.5,"scope-resolution: unique-name property (own-return-shape): read",0,0
"Function:src/normalizers/anime.merge.js:mergeJikanIntoCanonical","Property:src/normalizers/anime.merge.js:mergeJikanIntoCanonical.startDate@162:4","ACCESSES",0.5,"scope-resolution: unique-name property (own-return-shape): write",0,0
"Function:src/normalizers/anime.merge.js:mergeJikanIntoCanonical","Property:src/normalizers/anime.merge.js:mergeJikanIntoCanonical.startDate@162:4","ACCESSES",0.5,"scope-resolution: unique-name property (own-return-shape): read",0,0
"Function:src/normalizers/anime.merge.js:mergeJikanIntoCanonical","Property:src/normalizers/anime.merge.js:mergeJikanIntoCanonical.endDate@163:4","ACCESSES",0.5,"scope-resolution: unique-name property (own-return-shape): write",0,0
"Function:src/normalizers/anime.merge.js:mergeJikanIntoCanonical","Property:src/normalizers/anime.merge.js:mergeJikanIntoCanonical.endDate@163:4","ACCESSES",0.5,"scope-resolution: unique-name property (own-return-shape): read",0,0
"Function:src/normalizers/anime.merge.js:mergeJikanIntoCanonical","Property:src/normalizers/anime.merge.js:mergeJikanIntoCanonical.averageScore@166:4","ACCESSES",0.5,"scope-resolution: unique-name property (own-return-shape): write",0,0
"Function:src/normalizers/anime.merge.js:mergeJikanIntoCanonical","Property:src/normalizers/anime.merge.js:mergeJikanIntoCanonical.averageScore@166:4","ACCESSES",0.5,"scope-resolution: unique-name property (own-return-shape): read",0,0
"Function:src/normalizers/anime.merge.js:mergeJikanIntoCanonical","Property:src/normalizers/anime.merge.js:mergeJikanIntoCanonical.popularity@167:4","ACCESSES",0.5,"scope-resolution: unique-name property (own-return-shape): write",0,0
"Function:src/normalizers/anime.merge.js:mergeJikanIntoCanonical","Property:src/normalizers/anime.merge.js:mergeJikanIntoCanonical.popularity@167:4","ACCESSES",0.5,"scope-resolution: unique-name property (own-return-shape): read",0,0
"Function:src/normalizers/anime.merge.js:mergeJikanIntoCanonical","Property:src/normalizers/anime.merge.js:mergeJikanIntoCanonical.relations@170:4","ACCESSES",0.5,"scope-resolution: unique-name property (own-return-shape): write",0,0
"Function:src/normalizers/anime.merge.js:mergeJikanIntoCanonical","Property:src/normalizers/anime.merge.js:mergeJikanIntoCanonical.relations@170:4","ACCESSES",0.5,"scope-resolution: unique-name property (own-return-shape): read",0,0
"Function:src/normalizers/anime.merge.js:mergeJikanIntoCanonical","Property:src/normalizers/anime.merge.js:mergeJikanIntoCanonical.source@173:4","ACCESSES",0.5,"scope-resolution: unique-name property (own-return-shape): write",0,0
"Function:src/normalizers/anime.merge.js:mergeJikanIntoCanonical","Property:src/normalizers/anime.merge.js:mergeJikanIntoCanonical.source@173:4","ACCESSES",0.5,"scope-resolution: unique-name property (own-return-shape): read",0,0
"Function:src/normalizers/anime.merge.js:mergeJikanIntoCanonical","Property:src/normalizers/anime.merge.js:mergeJikanIntoCanonical.source@173:4","ACCESSES",0.5,"scope-resolution: unique-name property (own-return-shape): read",0,0
"Function:src/normalizers/anime.merge.js:mergeJikanIntoCanonical","Property:src/normalizers/anime.merge.js:mergeJikanIntoCanonical.enrichment@181:4","ACCESSES",0.5,"scope-resolution: unique-name property (own-return-shape): write",0,0
"Function:src/normalizers/anime.merge.js:mergeJikanIntoCanonical","Property:src/normalizers/anime.merge.js:mergeJikanIntoCanonical.enrichment@181:4","ACCESSES",0.5,"scope-resolution: unique-name property (own-return-shape): read",0,0
"Function:src/normalizers/anime.merge.js:mergeTmdbIntoCanonical","Property:src/normalizers/anime.merge.js:mergeTmdbIntoCanonical.images@235:4","ACCESSES",0.5,"scope-resolution: unique-name property (own-return-shape): write",0,0
"Function:src/normalizers/anime.merge.js:mergeTmdbIntoCanonical","Property:src/normalizers/anime.merge.js:mergeTmdbIntoCanonical.images@235:4","ACCESSES",0.5,"scope-resolution: unique-name property (own-return-shape): read",0,0
"Function:src/normalizers/anime.merge.js:mergeTmdbIntoCanonical","Property:src/normalizers/anime.normalizer.js:normalizeAnilistImages.banner@127:4","ACCESSES",0.5,"scope-resolution: unique-name property (workspace-unique): write",0,0
"Function:src/normalizers/anime.merge.js:mergeTmdbIntoCanonical","Property:src/normalizers/anime.merge.js:mergeTmdbIntoCanonical.images@235:4","ACCESSES",0.5,"scope-resolution: unique-name property (own-return-shape): read",0,0
"Function:src/normalizers/anime.merge.js:mergeTmdbIntoCanonical","Property:src/normalizers/anime.normalizer.js:normalizeAnilistImages.banner@127:4","ACCESSES",0.5,"scope-resolution: unique-name property (workspace-unique): read",0,0
"Function:src/normalizers/anime.merge.js:mergeTmdbIntoCanonical","Property:src/normalizers/anime.merge.js:mergeTmdbIntoCanonical.images@235:4","ACCESSES",0.5,"scope-resolution: unique-name property (own-return-shape): read",0,0
"Function:src/normalizers/anime.merge.js:mergeTmdbIntoCanonical","Property:src/normalizers/anime.normalizer.js:normalizeAnilistImages.banner@127:4","ACCESSES",0.5,"scope-resolution: unique-name property (workspace-unique): read",0,0
"Function:src/normalizers/anime.merge.js:mergeTmdbIntoCanonical","Property:src/normalizers/anime.merge.js:mergeTmdbIntoCanonical.source@239:4","ACCESSES",0.5,"scope-resolution: unique-name property (own-return-shape): write",0,0
"Function:src/normalizers/anime.merge.js:mergeTmdbIntoCanonical","Property:src/normalizers/anime.merge.js:mergeTmdbIntoCanonical.source@239:4","ACCESSES",0.5,"scope-resolution: unique-name property (own-return-shape): read",0,0
"Function:src/normalizers/anime.merge.js:mergeTmdbIntoCanonical","Property:src/normalizers/anime.merge.js:mergeTmdbIntoCanonical.enrichment@241:4","ACCESSES",0.5,"scope-resolution: unique-name property (own-return-shape): write",0,0
"Function:src/normalizers/anime.merge.js:mergeTmdbIntoCanonical","Property:src/normalizers/anime.merge.js:mergeTmdbIntoCanonical.enrichment@241:4","ACCESSES",0.5,"scope-resolution: unique-name property (own-return-shape): read",0,0
"Function:src/normalizers/anime.normalizer.js:normalizeAnilistImages","Property:src/normalizers/anime.normalizer.js:normalizeAnilistImages.poster@125:4","ACCESSES",0.5,"scope-resolution: unique-name property (own-return-shape): write",0,0
"Function:src/normalizers/anime.normalizer.js:normalizeAnilistImages","Property:src/normalizers/anime.normalizer.js:normalizeJikanImages.large@355:4","ACCESSES",0.5,"scope-resolution: unique-name property (workspace-unique): read",0,0
"Function:src/normalizers/anime.normalizer.js:normalizeAnilistImages","Property:src/normalizers/anime.normalizer.js:normalizeAnilistImages.cover@126:4","ACCESSES",0.5,"scope-resolution: unique-name property (own-return-shape): write",0,0
"Function:src/normalizers/anime.normalizer.js:normalizeAnilistImages","Property:src/normalizers/anime.normalizer.js:normalizeJikanImages.large@355:4","ACCESSES",0.5,"scope-resolution: unique-name property (workspace-unique): read",0,0
"Function:src/normalizers/anime.normalizer.js:normalizeAnilistImages","Property:src/normalizers/anime.normalizer.js:normalizeAnilistImages.banner@127:4","ACCESSES",0.5,"scope-resolution: unique-name property (own-return-shape): write",0,0
"Function:src/normalizers/anime.normalizer.js:normalizeAnilistRelation","Property:src/normalizers/anime.normalizer.js:normalizeAnilistRelation.id@144:4","ACCESSES",0.5,"scope-resolution: unique-name property (own-return-shape): read",0,0
"Function:src/normalizers/anime.normalizer.js:normalizeAnilistRelation","Property:src/normalizers/anime.normalizer.js:normalizeAnilistRelation.relationType@143:4","ACCESSES",0.5,"scope-resolution: unique-name property (own-return-shape): write",0,0
"Function:src/normalizers/anime.normalizer.js:normalizeAnilistRelation","Property:src/normalizers/anime.normalizer.js:normalizeAnilistRelation.relationType@143:4","ACCESSES",0.5,"scope-resolution: unique-name property (own-return-shape): read",0,0
"Function:src/normalizers/anime.normalizer.js:normalizeAnilistRelation","Property:src/normalizers/anime.normalizer.js:normalizeAnilistRelation.id@144:4","ACCESSES",0.5,"scope-resolution: unique-name property (own-return-shape): write",0,0
"Function:src/normalizers/anime.normalizer.js:normalizeAnilistRelation","Property:src/normalizers/anime.normalizer.js:normalizeAnilistRelation.malId@146:4","ACCESSES",0.5,"scope-resolution: unique-name property (own-return-shape): write",0,0
"Function:src/normalizers/anime.normalizer.js:normalizeAnilistRelation","Property:src/normalizers/anime.normalizer.js:normalizeAnilistRelation.title@147:4","ACCESSES",0.5,"scope-resolution: unique-name property (own-return-shape): write",0,0
"Function:src/normalizers/anime.normalizer.js:normalizeAnilistRelation","Property:src/normalizers/anime.normalizer.js:normalizeAnilistRelation.title@147:4","ACCESSES",0.5,"scope-resolution: unique-name property (own-return-shape): read",0,0
"Function:src/normalizers/anime.normalizer.js:normalizeAnilistRelation","Property:src/normalizers/anime.normalizer.js:normalizeAnilistRelation.type@148:4","ACCESSES",0.5,"scope-resolution: unique-name property (own-return-shape): write",0,0
"Function:src/normalizers/anime.normalizer.js:normalizeAnilistRelation","Property:src/normalizers/anime.normalizer.js:normalizeAnilistRelation.type@148:4","ACCESSES",0.5,"scope-resolution: unique-name property (own-return-shape): read",0,0
"Function:src/normalizers/anime.normalizer.js:normalizeAnilistRelation","Property:src/normalizers/anime.normalizer.js:normalizeAnilistRelation.format@149:4","ACCESSES",0.5,"scope-resolution: unique-name property (own-return-shape): write",0,0
"Function:src/normalizers/anime.normalizer.js:normalizeAnilistRelation","Property:src/normalizers/anime.normalizer.js:normalizeAnilistRelation.format@149:4","ACCESSES",0.5,"scope-resolution: unique-name property (own-return-shape): read",0,0
"Function:src/normalizers/anime.normalizer.js:normalizeAnilistRelation","Property:src/normalizers/anime.normalizer.js:normalizeAnilistRelation.images@150:4","ACCESSES",0.5,"scope-resolution: unique-name property (own-return-shape): write",0,0
"Function:src/normalizers/anime.normalizer.js:normalizeAnilistRelation","Property:src/normalizers/anime.normalizer.js:normalizeJikanImages.large@355:4","ACCESSES",0.5,"scope-resolution: unique-name property (workspace-unique): read",0,0
"Function:src/normalizers/anime.normalizer.js:normalizeAnilistMediaCard","Property:src/normalizers/anime.normalizer.js:normalizeAnilistMediaCard.id@163:4","ACCESSES",0.5,"scope-resolution: unique-name property (own-return-shape): read",0,0
"Function:src/normalizers/anime.normalizer.js:normalizeAnilistMediaCard","Property:src/normalizers/anime.normalizer.js:normalizeAnilistMediaCard.id@163:4","ACCESSES",0.5,"scope-resolution: unique-name property (own-return-shape): write",0,0
"Function:src/normalizers/anime.normalizer.js:normalizeAnilistMediaCard","Property:src/normalizers/anime.normalizer.js:normalizeAnilistMediaCard.malId@165:4","ACCESSES",0.5,"scope-resolution: unique-name property (own-return-shape): write",0,0
"Function:src/normalizers/anime.normalizer.js:normalizeAnilistMediaCard","Property:src/normalizers/anime.normalizer.js:normalizeAnilistMediaCard.title@166:4","ACCESSES",0.5,"scope-resolution: unique-name property (own-return-shape): write",0,0
"Function:src/normalizers/anime.normalizer.js:normalizeAnilistMediaCard","Property:src/normalizers/anime.normalizer.js:normalizeAnilistMediaCard.title@166:4","ACCESSES",0.5,"scope-resolution: unique-name property (own-return-shape): read",0,0
"Function:src/normalizers/anime.normalizer.js:normalizeAnilistMediaCard","Property:src/normalizers/anime.normalizer.js:normalizeAnilistMediaCard.type@167:4","ACCESSES",0.5,"scope-resolution: unique-name property (own-return-shape): write",0,0
"Function:src/normalizers/anime.normalizer.js:normalizeAnilistMediaCard","Property:src/normalizers/anime.normalizer.js:normalizeAnilistMediaCard.type@167:4","ACCESSES",0.5,"scope-resolution: unique-name property (own-return-shape): read",0,0
"Function:src/normalizers/anime.normalizer.js:normalizeAnilistMediaCard","Property:src/normalizers/anime.normalizer.js:normalizeAnilistMediaCard.format@168:4","ACCESSES",0.5,"scope-resolution: unique-name property (own-return-shape): write",0,0
"Function:src/normalizers/anime.normalizer.js:normalizeAnilistMediaCard","Property:src/normalizers/anime.normalizer.js:normalizeAnilistMediaCard.format@168:4","ACCESSES",0.5,"scope-resolution: unique-name property (own-return-shape): read",0,0
"Function:src/normalizers/anime.normalizer.js:normalizeAnilistMediaCard","Property:src/normalizers/anime.normalizer.js:normalizeAnilistMediaCard.status@169:4","ACCESSES",0.5,"scope-resolution: unique-name property (own-return-shape): write",0,0
"Function:src/normalizers/anime.normalizer.js:normalizeAnilistMediaCard","Property:src/normalizers/anime.normalizer.js:normalizeAnilistMediaCard.status@169:4","ACCESSES",0.5,"scope-resolution: unique-name property (own-return-shape): read",0,0
"Function:src/normalizers/anime.normalizer.js:normalizeAnilistMediaCard","Property:src/normalizers/anime.normalizer.js:normalizeAnilistMediaCard.episodes@170:4","ACCESSES",0.5,"scope-resolution: unique-name property (own-return-shape): write",0,0
"Function:src/normalizers/anime.normalizer.js:normalizeAnilistMediaCard","Property:src/normalizers/anime.normalizer.js:normalizeAnilistMediaCard.episodes@170:4","ACCESSES",0.5,"scope-resolution: unique-name property (own-return-shape): read",0,0
"Function:src/normalizers/anime.normalizer.js:normalizeAnilistMediaCard","Property:src/normalizers/anime.normalizer.js:normalizeAnilistMediaCard.season@171:4","ACCESSES",0.5,"scope-resolution: unique-name property (own-return-shape): write",0,0
"Function:src/normalizers/anime.normalizer.js:normalizeAnilistMediaCard","Property:src/normalizers/anime.normalizer.js:normalizeAnilistMediaCard.season@171:4","ACCESSES",0.5,"scope-resolution: unique-name property (own-return-shape): read",0,0
"Function:src/normalizers/anime.normalizer.js:normalizeAnilistMediaCard","Property:src/normalizers/anime.normalizer.js:normalizeAnilistMediaCard.seasonYear@172:4","ACCESSES",0.5,"scope-resolution: unique-name property (own-return-shape): write",0,0
"Function:src/normalizers/anime.normalizer.js:normalizeAnilistMediaCard","Property:src/normalizers/anime.normalizer.js:normalizeAnilistMediaCard.seasonYear@172:4","ACCESSES",0.5,"scope-resolution: unique-name property (own-return-shape): read",0,0
"Function:src/normalizers/anime.normalizer.js:normalizeAnilistMediaCard","Property:src/normalizers/anime.normalizer.js:normalizeAnilistMediaCard.images@173:4","ACCESSES",0.5,"scope-resolution: unique-name property (own-return-shape): write",0,0
"Function:src/normalizers/anime.normalizer.js:normalizeAnilistMediaCard","Property:src/normalizers/anime.normalizer.js:normalizeJikanImages.large@355:4","ACCESSES",0.5,"scope-resolution: unique-name property (workspace-unique): read",0,0
"Function:src/normalizers/anime.normalizer.js:normalizeAnilistPage","Property:src/normalizers/anime.normalizer.js:normalizeAnilistPage.pageInfo@189:4","ACCESSES",0.5,"scope-resolution: unique-name property (own-return-shape): read",0,0
"Function:src/normalizers/anime.normalizer.js:normalizeAnilistPage","Property:src/normalizers/anime.normalizer.js:normalizeAnilistPage.pageInfo@189:4","ACCESSES",0.5,"scope-resolution: unique-name property (own-return-shape): read",0,0
"Function:src/normalizers/anime.normalizer.js:normalizeAnilistPage","Property:src/normalizers/anime.normalizer.js:normalizeAnilistPage.pageInfo@189:4","ACCESSES",0.5,"scope-resolution: unique-name property (own-return-shape): read",0,0
"Function:src/normalizers/anime.normalizer.js:normalizeAnilistPage","Property:tests/anilist-provider.test.js:fn@57:69.media@58:68","ACCESSES",0.5,"scope-resolution: unique-name property (workspace-unique): read",0,0
"Function:src/normalizers/anime.normalizer.js:normalizeAnilistPage","Property:tests/anilist-provider.test.js:fn@57:69.media@58:68","ACCESSES",0.5,"scope-resolution: unique-name property (workspace-unique): read",0,0
"Function:src/normalizers/anime.normalizer.js:normalizeAnilistPage","Property:src/normalizers/anime.normalizer.js:normalizeAnilistPage.pageInfo@189:4","ACCESSES",0.5,"scope-resolution: unique-name property (own-return-shape): write",0,0
"Function:src/normalizers/anime.normalizer.js:normalizeAnilistPage","Property:src/providers/anilist/anilist.provider.js:AnilistProvider._buildPageVariables.perPage@239:6","ACCESSES",0.5,"scope-resolution: unique-name property (workspace-unique): write",0,0
"Function:src/normalizers/anime.normalizer.js:normalizeAnilistPage","Property:src/providers/anilist/anilist.provider.js:AnilistProvider._buildPageVariables.perPage@239:6","ACCESSES",0.5,"scope-resolution: unique-name property (workspace-unique): read",0,0
"Function:src/normalizers/anime.normalizer.js:normalizeAnilistPage","Property:src/normalizers/anime.normalizer.js:normalizeAnilistPage.results@196:4","ACCESSES",0.5,"scope-resolution: unique-name property (own-return-shape): write",0,0
"Function:src/normalizers/anime.normalizer.js:normalizeAnilistRecommendations","Property:src/normalizers/anime.normalizer.js:normalizeAnilistRecommendations.fn@208:9.rating@211:24","ACCESSES",0.5,"scope-resolution: unique-name property (own-return-shape): write",0,0
"Function:src/normalizers/anime.normalizer.js:normalizeAnilistRecommendations","Property:src/normalizers/anime.normalizer.js:normalizeAnilistRecommendations.fn@208:9.rating@211:24","ACCESSES",0.5,"scope-resolution: unique-name property (own-return-shape): read",0,0
"Function:src/normalizers/anime.normalizer.js:normalizeAnilistAiringSchedule","Property:src/normalizers/anime.normalizer.js:normalizeAnilistAiringSchedule.fn@224:9.airingAt@230:8","ACCESSES",0.5,"scope-resolution: unique-name property (own-return-shape): read",0,0
"Function:src/normalizers/anime.normalizer.js:normalizeAnilistAiringSchedule","Property:tests/anilist-provider.test.js:fn@57:69.media@58:68","ACCESSES",0.5,"scope-resolution: unique-name property (workspace-unique): read",0,0
"Function:src/normalizers/anime.normalizer.js:normalizeAnilistAiringSchedule","Property:src/providers/anilist/anilist.provider.js:AnilistProvider.getRecommendations.id@166:24","ACCESSES",0.5,"scope-resolution: unique-name property (ranked): read",0,0
"Function:src/normalizers/anime.normalizer.js:normalizeAnilistAiringSchedule","Property:src/normalizers/anime.normalizer.js:normalizeAnilistAiringSchedule.fn@224:9.episode@231:8","ACCESSES",0.5,"scope-resolution: unique-name property (own-return-shape): write",0,0
"Function:src/normalizers/anime.normalizer.js:normalizeAnilistAiringSchedule","Property:src/normalizers/anime.normalizer.js:normalizeAnilistAiringSchedule.fn@224:9.episode@231:8","ACCESSES",0.5,"scope-resolution: unique-name property (own-return-shape): read",0,0
"Function:src/normalizers/anime.normalizer.js:normalizeAnilistAiringSchedule","Property:src/normalizers/anime.normalizer.js:normalizeAnilistAiringSchedule.fn@224:9.anime@232:8","ACCESSES",0.5,"scope-resolution: unique-name property (own-return-shape): write",0,0
"Function:src/normalizers/anime.normalizer.js:normalizeAnilistAiringSchedule","Property:src/providers/anilist/anilist.provider.js:AnilistProvider.getRecommendations.id@166:24","ACCESSES",0.5,"scope-resolution: unique-name property (ranked): write",0,0
"Function:src/normalizers/anime.normalizer.js:createBaseAnime","Property:src/normalizers/anime.normalizer.js:createBaseAnime.title@255:4","ACCESSES",0.5,"scope-resolution: unique-name property (own-return-shape): write",0,0
"Function:src/normalizers/anime.normalizer.js:createBaseAnime","Property:src/normalizers/anime.normalizer.js:createBaseAnime.description@256:4","ACCESSES",0.5,"scope-resolution: unique-name property (own-return-shape): write",0,0
"Function:src/normalizers/anime.normalizer.js:createBaseAnime","Property:src/normalizers/anime.normalizer.js:createBaseAnime.images@257:4","ACCESSES",0.5,"scope-resolution: unique-name property (own-return-shape): write",0,0
"Function:src/normalizers/anime.normalizer.js:createBaseAnime","Property:src/normalizers/anime.normalizer.js:normalizeAnilistImages.cover@126:4","ACCESSES",0.5,"scope-resolution: unique-name property (workspace-unique): write",0,0
"Function:src/normalizers/anime.normalizer.js:createBaseAnime","Property:src/normalizers/anime.normalizer.js:normalizeAnilistImages.banner@127:4","ACCESSES",0.5,"scope-resolution: unique-name property (workspace-unique): write",0,0
"Function:src/normalizers/anime.normalizer.js:createBaseAnime","Property:src/normalizers/anime.normalizer.js:createBaseAnime.type@258:4","ACCESSES",0.5,"scope-resolution: unique-name property (own-return-shape): write",0,0
"Function:src/normalizers/anime.normalizer.js:createBaseAnime","Property:src/normalizers/anime.normalizer.js:createBaseAnime.format@259:4","ACCESSES",0.5,"scope-resolution: unique-name property (own-return-shape): write",0,0
"Function:src/normalizers/anime.normalizer.js:createBaseAnime","Property:src/normalizers/anime.normalizer.js:createBaseAnime.status@260:4","ACCESSES",0.5,"scope-resolution: unique-name property (own-return-shape): write",0,0
"Function:src/normalizers/anime.normalizer.js:createBaseAnime","Property:src/normalizers/anime.normalizer.js:createBaseAnime.episodes@261:4","ACCESSES",0.5,"scope-resolution: unique-name property (own-return-shape): write",0,0
"Function:src/normalizers/anime.normalizer.js:createBaseAnime","Property:src/normalizers/anime.normalizer.js:createBaseAnime.duration@262:4","ACCESSES",0.5,"scope-resolution: unique-name property (own-return-shape): write",0,0
"Function:src/normalizers/anime.normalizer.js:createBaseAnime","Property:src/normalizers/anime.normalizer.js:createBaseAnime.season@263:4","ACCESSES",0.5,"scope-resolution: unique-name property (own-return-shape): write",0,0
"Function:src/normalizers/anime.normalizer.js:createBaseAnime","Property:src/normalizers/anime.normalizer.js:createBaseAnime.seasonYear@264:4","ACCESSES",0.5,"scope-resolution: unique-name property (own-return-shape): write",0,0
"Function:src/normalizers/anime.normalizer.js:createBaseAnime","Property:src/normalizers/anime.normalizer.js:createBaseAnime.genres@265:4","ACCESSES",0.5,"scope-resolution: unique-name property (own-return-shape): write",0,0
"Function:src/normalizers/anime.normalizer.js:createBaseAnime","Property:src/normalizers/anime.normalizer.js:createBaseAnime.studios@266:4","ACCESSES",0.5,"scope-resolution: unique-name property (own-return-shape): write",0,0
"Function:src/normalizers/anime.normalizer.js:createBaseAnime","Property:src/normalizers/anime.normalizer.js:createBaseAnime.synonyms@267:4","ACCESSES",0.5,"scope-resolution: unique-name property (own-return-shape): write",0,0
"Function:src/normalizers/anime.normalizer.js:createBaseAnime","Property:src/normalizers/anime.normalizer.js:createBaseAnime.startDate@268:4","ACCESSES",0.5,"scope-resolution: unique-name property (own-return-shape): write",0,0
"Function:src/normalizers/anime.normalizer.js:createBaseAnime","Property:src/normalizers/anime.normalizer.js:createBaseAnime.endDate@269:4","ACCESSES",0.5,"scope-resolution: unique-name property (own-return-shape): write",0,0
"Function:src/normalizers/anime.normalizer.js:createBaseAnime","Property:src/normalizers/anime.normalizer.js:createBaseAnime.averageScore@270:4","ACCESSES",0.5,"scope-resolution: unique-name property (own-return-shape): write",0,0
"Function:src/normalizers/anime.normalizer.js:createBaseAnime","Property:src/normalizers/anime.normalizer.js:createBaseAnime.popularity@271:4","ACCESSES",0.5,"scope-resolution: unique-name property (own-return-shape): write",0,0
"Function:src/normalizers/anime.normalizer.js:createBaseAnime","Property:src/normalizers/anime.normalizer.js:createBaseAnime.relations@272:4","ACCESSES",0.5,"scope-resolution: unique-name property (own-return-shape): write",0,0
"Function:src/normalizers/anime.normalizer.js:createBaseAnime","Property:src/normalizers/anime.normalizer.js:createBaseAnime.source@273:4","ACCESSES",0.5,"scope-resolution: unique-name property (own-return-shape): write",0,0
"Function:src/normalizers/anime.normalizer.js:createBaseAnime","Property:src/normalizers/anime.normalizer.js:createBaseAnime.enrichment@275:4","ACCESSES",0.5,"scope-resolution: unique-name property (own-return-shape): write",0,0
"Function:src/normalizers/anime.normalizer.js:normalizeAnilistAnime","Property:src/providers/anilist/anilist.provider.js:AnilistProvider.getRecommendations.id@166:24","ACCESSES",0.5,"scope-resolution: unique-name property (ranked): read",0,0
"Function:src/normalizers/anime.normalizer.js:normalizeAnilistAnime","Property:src/normalizers/anime.normalizer.js:normalizeAnilistAnime.title@302:4","ACCESSES",0.5,"scope-resolution: unique-name property (own-return-shape): write",0,0
"Function:src/normalizers/anime.normalizer.js:normalizeAnilistAnime","Property:src/normalizers/anime.normalizer.js:normalizeAnilistAnime.title@302:4","ACCESSES",0.5,"scope-resolution: unique-name property (own-return-shape): read",0,0
"Function:src/normalizers/anime.normalizer.js:normalizeAnilistAnime","Property:src/normalizers/anime.normalizer.js:normalizeAnilistAnime.description@303:4","ACCESSES",0.5,"scope-resolution: unique-name property (own-return-shape): write",0,0
"Function:src/normalizers/anime.normalizer.js:normalizeAnilistAnime","Property:src/normalizers/anime.normalizer.js:normalizeAnilistAnime.description@303:4","ACCESSES",0.5,"scope-resolution: unique-name property (own-return-shape): read",0,0
"Function:src/normalizers/anime.normalizer.js:normalizeAnilistAnime","Property:src/normalizers/anime.normalizer.js:normalizeAnilistAnime.description@303:4","ACCESSES",0.5,"scope-resolution: unique-name property (own-return-shape): read",0,0
"Function:src/normalizers/anime.normalizer.js:normalizeAnilistAnime","Property:src/normalizers/anime.normalizer.js:normalizeAnilistAnime.images@304:4","ACCESSES",0.5,"scope-resolution: unique-name property (own-return-shape): write",0,0
"Function:src/normalizers/anime.normalizer.js:normalizeAnilistAnime","Property:src/normalizers/anime.normalizer.js:normalizeAnilistAnime.type@305:4","ACCESSES",0.5,"scope-resolution: unique-name property (own-return-shape): write",0,0
"Function:src/normalizers/anime.normalizer.js:normalizeAnilistAnime","Property:src/normalizers/anime.normalizer.js:normalizeAnilistAnime.type@305:4","ACCESSES",0.5,"scope-resolution: unique-name property (own-return-shape): read",0,0
"Function:src/normalizers/anime.normalizer.js:normalizeAnilistAnime","Property:src/normalizers/anime.normalizer.js:normalizeAnilistAnime.format@306:4","ACCESSES",0.5,"scope-resolution: unique-name property (own-return-shape): write",0,0
"Function:src/normalizers/anime.normalizer.js:normalizeAnilistAnime","Property:src/normalizers/anime.normalizer.js:normalizeAnilistAnime.format@306:4","ACCESSES",0.5,"scope-resolution: unique-name property (own-return-shape): read",0,0
"Function:src/normalizers/anime.normalizer.js:normalizeAnilistAnime","Property:src/normalizers/anime.normalizer.js:normalizeAnilistAnime.status@307:4","ACCESSES",0.5,"scope-resolution: unique-name property (own-return-shape): write",0,0
"Function:src/normalizers/anime.normalizer.js:normalizeAnilistAnime","Property:src/normalizers/anime.normalizer.js:normalizeAnilistAnime.status@307:4","ACCESSES",0.5,"scope-resolution: unique-name property (own-return-shape): read",0,0
"Function:src/normalizers/anime.normalizer.js:normalizeAnilistAnime","Property:src/normalizers/anime.normalizer.js:normalizeAnilistAnime.episodes@308:4","ACCESSES",0.5,"scope-resolution: unique-name property (own-return-shape): write",0,0
"Function:src/normalizers/anime.normalizer.js:normalizeAnilistAnime","Property:src/normalizers/anime.normalizer.js:normalizeAnilistAnime.episodes@308:4","ACCESSES",0.5,"scope-resolution: unique-name property (own-return-shape): read",0,0
"Function:src/normalizers/anime.normalizer.js:normalizeAnilistAnime","Property:src/normalizers/anime.normalizer.js:normalizeAnilistAnime.duration@309:4","ACCESSES",0.5,"scope-resolution: unique-name property (own-return-shape): write",0,0
"Function:src/normalizers/anime.normalizer.js:normalizeAnilistAnime","Property:src/normalizers/anime.normalizer.js:normalizeAnilistAnime.duration@309:4","ACCESSES",0.5,"scope-resolution: unique-name property (own-return-shape): read",0,0
"Function:src/normalizers/anime.normalizer.js:normalizeAnilistAnime","Property:src/normalizers/anime.normalizer.js:normalizeAnilistAnime.season@310:4","ACCESSES",0.5,"scope-resolution: unique-name property (own-return-shape): write",0,0
"Function:src/normalizers/anime.normalizer.js:normalizeAnilistAnime","Property:src/normalizers/anime.normalizer.js:normalizeAnilistAnime.season@310:4","ACCESSES",0.5,"scope-resolution: unique-name property (own-return-shape): read",0,0
"Function:src/normalizers/anime.normalizer.js:normalizeAnilistAnime","Property:src/normalizers/anime.normalizer.js:normalizeAnilistAnime.seasonYear@311:4","ACCESSES",0.5,"scope-resolution: unique-name property (own-return-shape): write",0,0
"Function:src/normalizers/anime.normalizer.js:normalizeAnilistAnime","Property:src/normalizers/anime.normalizer.js:normalizeAnilistAnime.seasonYear@311:4","ACCESSES",0.5,"scope-resolution: unique-name property (own-return-shape): read",0,0
"Function:src/normalizers/anime.normalizer.js:normalizeAnilistAnime","Property:src/normalizers/anime.normalizer.js:normalizeAnilistAnime.genres@312:4","ACCESSES",0.5,"scope-resolution: unique-name property (own-return-shape): write",0,0
"Function:src/normalizers/anime.normalizer.js:normalizeAnilistAnime","Property:src/normalizers/anime.normalizer.js:normalizeAnilistAnime.genres@312:4","ACCESSES",0.5,"scope-resolution: unique-name property (own-return-shape): read",0,0
"Function:src/normalizers/anime.normalizer.js:normalizeAnilistAnime","Property:src/normalizers/anime.normalizer.js:normalizeAnilistAnime.studios@313:4","ACCESSES",0.5,"scope-resolution: unique-name property (own-return-shape): write",0,0
"Function:src/normalizers/anime.normalizer.js:normalizeAnilistAnime","Property:src/normalizers/anime.normalizer.js:normalizeAnilistAnime.studios@313:4","ACCESSES",0.5,"scope-resolution: unique-name property (own-return-shape): read",0,0
"Function:src/normalizers/anime.normalizer.js:normalizeAnilistAnime","Property:src/normalizers/anime.normalizer.js:normalizeAnilistAnime.studios@313:4","ACCESSES",0.5,"scope-resolution: unique-name property (own-return-shape): read",0,0
"Function:src/normalizers/anime.normalizer.js:normalizeAnilistAnime","Property:src/utils/logger.js:serializeError.name@30:16","ACCESSES",0.5,"scope-resolution: unique-name property (ranked): read",0,0
"Function:src/normalizers/anime.normalizer.js:normalizeAnilistAnime","Property:src/normalizers/anime.normalizer.js:normalizeAnilistAnime.synonyms@314:4","ACCESSES",0.5,"scope-resolution: unique-name property (own-return-shape): write",0,0
"Function:src/normalizers/anime.normalizer.js:normalizeAnilistAnime","Property:src/normalizers/anime.normalizer.js:normalizeAnilistAnime.synonyms@314:4","ACCESSES",0.5,"scope-resolution: unique-name property (own-return-shape): read",0,0
"Function:src/normalizers/anime.normalizer.js:normalizeAnilistAnime","Property:src/normalizers/anime.normalizer.js:normalizeAnilistAnime.startDate@315:4","ACCESSES",0.5,"scope-resolution: unique-name property (own-return-shape): write",0,0
"Function:src/normalizers/anime.normalizer.js:normalizeAnilistAnime","Property:src/normalizers/anime.normalizer.js:normalizeAnilistAnime.startDate@315:4","ACCESSES",0.5,"scope-resolution: unique-name property (own-return-shape): read",0,0
"Function:src/normalizers/anime.normalizer.js:normalizeAnilistAnime","Property:src/normalizers/anime.normalizer.js:normalizeAnilistAnime.endDate@316:4","ACCESSES",0.5,"scope-resolution: unique-name property (own-return-shape): write",0,0
"Function:src/normalizers/anime.normalizer.js:normalizeAnilistAnime","Property:src/normalizers/anime.normalizer.js:normalizeAnilistAnime.endDate@316:4","ACCESSES",0.5,"scope-resolution: unique-name property (own-return-shape): read",0,0
"Function:src/normalizers/anime.normalizer.js:normalizeAnilistAnime","Property:src/normalizers/anime.normalizer.js:normalizeAnilistAnime.averageScore@317:4","ACCESSES",0.5,"scope-resolution: unique-name property (own-return-shape): write",0,0
"Function:src/normalizers/anime.normalizer.js:normalizeAnilistAnime","Property:src/normalizers/anime.normalizer.js:normalizeAnilistAnime.averageScore@317:4","ACCESSES",0.5,"scope-resolution: unique-name property (own-return-shape): read",0,0
"Function:src/normalizers/anime.normalizer.js:normalizeAnilistAnime","Property:src/normalizers/anime.normalizer.js:normalizeAnilistAnime.popularity@318:4","ACCESSES",0.5,"scope-resolution: unique-name property (own-return-shape): write",0,0
"Function:src/normalizers/anime.normalizer.js:normalizeAnilistAnime","Property:src/normalizers/anime.normalizer.js:normalizeAnilistAnime.popularity@318:4","ACCESSES",0.5,"scope-resolution: unique-name property (own-return-shape): read",0,0
"Function:src/normalizers/anime.normalizer.js:normalizeAnilistAnime","Property:src/normalizers/anime.normalizer.js:normalizeAnilistAnime.relations@319:4","ACCESSES",0.5,"scope-resolution: unique-name property (own-return-shape): write",0,0
"Function:src/normalizers/anime.normalizer.js:normalizeAnilistAnime","Property:src/normalizers/anime.normalizer.js:normalizeAnilistAnime.relations@319:4","ACCESSES",0.5,"scope-resolution: unique-name property (own-return-shape): read",0,0
"Function:src/normalizers/anime.normalizer.js:normalizeAnilistAnime","Property:src/normalizers/anime.normalizer.js:normalizeAnilistAnime.relations@319:4","ACCESSES",0.5,"scope-resolution: unique-name property (own-return-shape): read",0,0
"Function:src/normalizers/anime.normalizer.js:normalizeAnilistAnime","Property:src/normalizers/anime.normalizer.js:normalizeAnilistAnime.source@322:4","ACCESSES",0.5,"scope-resolution: unique-name property (own-return-shape): write",0,0
"Function:src/normalizers/anime.normalizer.js:normalizeAnilistAnime","Property:src/normalizers/anime.normalizer.js:normalizeAnilistAnime.enrichment@324:4","ACCESSES",0.5,"scope-resolution: unique-name property (own-return-shape): write",0,0
"Function:src/normalizers/anime.normalizer.js:jikanNameList","Property:src/utils/logger.js:serializeError.name@30:16","ACCESSES",0.5,"scope-resolution: unique-name property (ranked): read",0,0
"Function:src/normalizers/anime.normalizer.js:normalizeJikanImages","Property:src/normalizers/anime.normalizer.js:normalizeJikanImages.poster@354:4","ACCESSES",0.5,"scope-resolution: unique-name property (own-return-shape): write",0,0
"Function:src/normalizers/anime.normalizer.js:normalizeJikanImages","Property:src/normalizers/anime.normalizer.js:normalizeJikanImages.large@355:4","ACCESSES",0.5,"scope-resolution: unique-name property (own-return-shape): write",0,0
"Function:src/normalizers/anime.normalizer.js:normalizeJikanImages","Property:src/normalizers/anime.normalizer.js:normalizeJikanImages.small@356:4","ACCESSES",0.5,"scope-resolution: unique-name property (own-return-shape): write",0,0
"Function:src/normalizers/anime.normalizer.js:normalizeJikanTrailer","Property:src/normalizers/anime.normalizer.js:normalizeJikanTrailer.url@370:4","ACCESSES",0.5,"scope-resolution: unique-name property (same-file): read",0,0
"Function:src/normalizers/anime.normalizer.js:normalizeJikanTrailer","Property:src/normalizers/anime.normalizer.js:normalizeJikanTrailer.youtubeId@369:4","ACCESSES",0.5,"scope-resolution: unique-name property (workspace-unique): read",0,0
"Function:src/normalizers/anime.normalizer.js:normalizeJikanTrailer","Property:src/normalizers/anime.normalizer.js:normalizeJikanTrailer.url@370:4","ACCESSES",0.5,"scope-resolution: unique-name property (same-file): read",0,0
"Function:src/normalizers/anime.normalizer.js:normalizeJikanTrailer","Property:src/normalizers/anime.normalizer.js:normalizeJikanTrailer.embedUrl@371:4","ACCESSES",0.5,"scope-resolution: unique-name property (workspace-unique): read",0,0
"Function:src/normalizers/anime.normalizer.js:normalizeJikanAnime","Property:src/normalizers/anime.normalizer.js:normalizeJikanAnime.title@417:4","ACCESSES",0.5,"scope-resolution: unique-name property (own-return-shape): write",0,0
"Function:src/normalizers/anime.normalizer.js:normalizeJikanAnime","Property:src/normalizers/anime.normalizer.js:normalizeJikanAnime.title@417:4","ACCESSES",0.5,"scope-resolution: unique-name property (own-return-shape): read",0,0
"Function:src/normalizers/anime.normalizer.js:normalizeJikanAnime","Property:src/normalizers/anime.normalizer.js:normalizeJikanAnime.type@423:4","ACCESSES",0.5,"scope-resolution: unique-name property (own-return-shape): write",0,0
"Function:src/normalizers/anime.normalizer.js:normalizeJikanAnime","Property:src/normalizers/anime.normalizer.js:normalizeJikanAnime.type@423:4","ACCESSES",0.5,"scope-resolution: unique-name property (own-return-shape): read",0,0
"Function:src/normalizers/anime.normalizer.js:normalizeJikanAnime","Property:src/normalizers/anime.normalizer.js:normalizeJikanAnime.sourceMaterial@424:4","ACCESSES",0.5,"scope-resolution: unique-name property (own-return-shape): write",0,0
"Function:src/normalizers/anime.normalizer.js:normalizeJikanAnime","Property:src/normalizers/anime.normalizer.js:normalizeJikanAnime.source@448:4","ACCESSES",0.5,"scope-resolution: unique-name property (own-return-shape): read",0,0
"Function:src/normalizers/anime.normalizer.js:normalizeJikanAnime","Property:src/normalizers/anime.normalizer.js:normalizeJikanAnime.episodes@425:4","ACCESSES",0.5,"scope-resolution: unique-name property (own-return-shape): write",0,0
"Function:src/normalizers/anime.normalizer.js:normalizeJikanAnime","Property:src/normalizers/anime.normalizer.js:normalizeJikanAnime.episodes@425:4","ACCESSES",0.5,"scope-resolution: unique-name property (own-return-shape): read",0,0
"Function:src/normalizers/anime.normalizer.js:normalizeJikanAnime","Property:src/normalizers/anime.normalizer.js:normalizeJikanAnime.status@426:4","ACCESSES",0.5,"scope-resolution: unique-name property (own-return-shape): write",0,0
"Function:src/normalizers/anime.normalizer.js:normalizeJikanAnime","Property:src/normalizers/anime.normalizer.js:normalizeJikanAnime.status@426:4","ACCESSES",0.5,"scope-resolution: unique-name property (own-return-shape): read",0,0
"Function:src/normalizers/anime.normalizer.js:normalizeJikanAnime","Property:src/normalizers/anime.normalizer.js:normalizeJikanAnime.airing@427:4","ACCESSES",0.5,"scope-resolution: unique-name property (own-return-shape): write",0,0
"Function:src/normalizers/anime.normalizer.js:normalizeJikanAnime","Property:src/normalizers/anime.normalizer.js:normalizeJikanAnime.airing@427:4","ACCESSES",0.5,"scope-resolution: unique-name property (own-return-shape): read",0,0
"Function:src/normalizers/anime.normalizer.js:normalizeJikanAnime","Property:src/normalizers/anime.normalizer.js:normalizeJikanAnime.aired@428:4","ACCESSES",0.5,"scope-resolution: unique-name property (own-return-shape): write",0,0
"Function:src/normalizers/anime.normalizer.js:normalizeJikanAnime","Property:src/normalizers/anime.normalizer.js:normalizeJikanAnime.aired@428:4","ACCESSES",0.5,"scope-resolution: unique-name property (own-return-shape): read",0,0
"Function:src/normalizers/anime.normalizer.js:normalizeJikanAnime","Property:src/normalizers/anime.normalizer.js:normalizeJikanAnime.duration@429:4","ACCESSES",0.5,"scope-resolution: unique-name property (own-return-shape): write",0,0
"Function:src/normalizers/anime.normalizer.js:normalizeJikanAnime","Property:src/normalizers/anime.normalizer.js:normalizeJikanAnime.duration@429:4","ACCESSES",0.5,"scope-resolution: unique-name property (own-return-shape): read",0,0
"Function:src/normalizers/anime.normalizer.js:normalizeJikanAnime","Property:src/normalizers/anime.normalizer.js:normalizeJikanAnime.rating@430:4","ACCESSES",0.5,"scope-resolution: unique-name property (own-return-shape): write",0,0
"Function:src/normalizers/anime.normalizer.js:normalizeJikanAnime","Property:src/normalizers/anime.normalizer.js:normalizeJikanAnime.rating@430:4","ACCESSES",0.5,"scope-resolution: unique-name property (own-return-shape): read",0,0
"Function:src/normalizers/anime.normalizer.js:normalizeJikanAnime","Property:src/normalizers/anime.normalizer.js:normalizeJikanAnime.score@431:4","ACCESSES",0.5,"scope-resolution: unique-name property (own-return-shape): write",0,0
"Function:src/normalizers/anime.normalizer.js:normalizeJikanAnime","Property:src/normalizers/anime.normalizer.js:normalizeJikanAnime.score@431:4","ACCESSES",0.5,"scope-resolution: unique-name property (own-return-shape): read",0,0
"Function:src/normalizers/anime.normalizer.js:normalizeJikanAnime","Property:src/normalizers/anime.normalizer.js:normalizeJikanAnime.scoredBy@432:4","ACCESSES",0.5,"scope-resolution: unique-name property (own-return-shape): write",0,0
"Function:src/normalizers/anime.normalizer.js:normalizeJikanAnime","Property:src/normalizers/anime.normalizer.js:normalizeJikanAnime.rank@433:4","ACCESSES",0.5,"scope-resolution: unique-name property (own-return-shape): write",0,0
"Function:src/normalizers/anime.normalizer.js:normalizeJikanAnime","Property:src/normalizers/anime.normalizer.js:normalizeJikanAnime.rank@433:4","ACCESSES",0.5,"scope-resolution: unique-name property (own-return-shape): read",0,0
"Function:src/normalizers/anime.normalizer.js:normalizeJikanAnime","Property:src/normalizers/anime.normalizer.js:normalizeJikanAnime.popularity@434:4","ACCESSES",0.5,"scope-resolution: unique-name property (own-return-shape): write",0,0
"Function:src/normalizers/anime.normalizer.js:normalizeJikanAnime","Property:src/normalizers/anime.normalizer.js:normalizeJikanAnime.popularity@434:4","ACCESSES",0.5,"scope-resolution: unique-name property (own-return-shape): read",0,0
"Function:src/normalizers/anime.normalizer.js:normalizeJikanAnime","Property:src/normalizers/anime.normalizer.js:normalizeJikanAnime.members@435:4","ACCESSES",0.5,"scope-resolution: unique-name property (own-return-shape): write",0,0
"Function:src/normalizers/anime.normalizer.js:normalizeJikanAnime","Property:src/normalizers/anime.normalizer.js:normalizeJikanAnime.members@435:4","ACCESSES",0.5,"scope-resolution: unique-name property (own-return-shape): read",0,0
"Function:src/normalizers/anime.normalizer.js:normalizeJikanAnime","Property:src/normalizers/anime.normalizer.js:normalizeJikanAnime.favorites@436:4","ACCESSES",0.5,"scope-resolution: unique-name property (own-return-shape): write",0,0
"Function:src/normalizers/anime.normalizer.js:normalizeJikanAnime","Property:src/normalizers/anime.normalizer.js:normalizeJikanAnime.favorites@436:4","ACCESSES",0.5,"scope-resolution: unique-name property (own-return-shape): read",0,0
"Function:src/normalizers/anime.normalizer.js:normalizeJikanAnime","Property:src/normalizers/anime.normalizer.js:normalizeJikanAnime.synopsis@437:4","ACCESSES",0.5,"scope-resolution: unique-name property (own-return-shape): write",0,0
"Function:src/normalizers/anime.normalizer.js:normalizeJikanAnime","Property:src/normalizers/anime.normalizer.js:normalizeJikanAnime.synopsis@437:4","ACCESSES",0.5,"scope-resolution: unique-name property (own-return-shape): read",0,0
"Function:src/normalizers/anime.normalizer.js:normalizeJikanAnime","Property:src/normalizers/anime.normalizer.js:normalizeJikanAnime.synopsis@437:4","ACCESSES",0.5,"scope-resolution: unique-name property (own-return-shape): read",0,0
"Function:src/normalizers/anime.normalizer.js:normalizeJikanAnime","Property:src/normalizers/anime.normalizer.js:normalizeJikanAnime.background@438:4","ACCESSES",0.5,"scope-resolution: unique-name property (own-return-shape): write",0,0
"Function:src/normalizers/anime.normalizer.js:normalizeJikanAnime","Property:src/normalizers/anime.normalizer.js:normalizeJikanAnime.background@438:4","ACCESSES",0.5,"scope-resolution: unique-name property (own-return-shape): read",0,0
"Function:src/normalizers/anime.normalizer.js:normalizeJikanAnime","Property:src/normalizers/anime.normalizer.js:normalizeJikanAnime.background@438:4","ACCESSES",0.5,"scope-resolution: unique-name property (own-return-shape): read",0,0
"Function:src/normalizers/anime.normalizer.js:normalizeJikanAnime","Property:src/normalizers/anime.normalizer.js:normalizeJikanAnime.season@439:4","ACCESSES",0.5,"scope-resolution: unique-name property (own-return-shape): write",0,0
"Function:src/normalizers/anime.normalizer.js:normalizeJikanAnime","Property:src/normalizers/anime.normalizer.js:normalizeJikanAnime.season@439:4","ACCESSES",0.5,"scope-resolution: unique-name property (own-return-shape): read",0,0
"Function:src/normalizers/anime.normalizer.js:normalizeJikanAnime","Property:src/normalizers/anime.normalizer.js:normalizeJikanAnime.year@440:4","ACCESSES",0.5,"scope-resolution: unique-name property (own-return-shape): write",0,0
"Function:src/normalizers/anime.normalizer.js:normalizeJikanAnime","Property:src/normalizers/anime.normalizer.js:normalizeJikanAnime.year@440:4","ACCESSES",0.5,"scope-resolution: unique-name property (own-return-shape): read",0,0
"Function:src/normalizers/anime.normalizer.js:normalizeJikanAnime","Property:src/normalizers/anime.normalizer.js:normalizeJikanAnime.genres@441:4","ACCESSES",0.5,"scope-resolution: unique-name property (own-return-shape): write",0,0
"Function:src/normalizers/anime.normalizer.js:normalizeJikanAnime","Property:src/normalizers/anime.normalizer.js:normalizeJikanAnime.genres@441:4","ACCESSES",0.5,"scope-resolution: unique-name property (own-return-shape): read",0,0
"Function:src/normalizers/anime.normalizer.js:normalizeJikanAnime","Property:src/normalizers/anime.normalizer.js:normalizeJikanAnime.themes@442:4","ACCESSES",0.5,"scope-resolution: unique-name property (own-return-shape): write",0,0
"Function:src/normalizers/anime.normalizer.js:normalizeJikanAnime","Property:src/normalizers/anime.normalizer.js:normalizeJikanAnime.themes@442:4","ACCESSES",0.5,"scope-resolution: unique-name property (own-return-shape): read",0,0
"Function:src/normalizers/anime.normalizer.js:normalizeJikanAnime","Property:src/normalizers/anime.normalizer.js:normalizeJikanAnime.demographics@443:4","ACCESSES",0.5,"scope-resolution: unique-name property (own-return-shape): write",0,0
"Function:src/normalizers/anime.normalizer.js:normalizeJikanAnime","Property:src/normalizers/anime.normalizer.js:normalizeJikanAnime.demographics@443:4","ACCESSES",0.5,"scope-resolution: unique-name property (own-return-shape): read",0,0
"Function:src/normalizers/anime.normalizer.js:normalizeJikanAnime","Property:src/normalizers/anime.normalizer.js:normalizeJikanAnime.studios@444:4","ACCESSES",0.5,"scope-resolution: unique-name property (own-return-shape): write",0,0
"Function:src/normalizers/anime.normalizer.js:normalizeJikanAnime","Property:src/normalizers/anime.normalizer.js:normalizeJikanAnime.studios@444:4","ACCESSES",0.5,"scope-resolution: unique-name property (own-return-shape): read",0,0
"Function:src/normalizers/anime.normalizer.js:normalizeJikanAnime","Property:src/normalizers/anime.normalizer.js:normalizeJikanAnime.producers@445:4","ACCESSES",0.5,"scope-resolution: unique-name property (own-return-shape): write",0,0
"Function:src/normalizers/anime.normalizer.js:normalizeJikanAnime","Property:src/normalizers/anime.normalizer.js:normalizeJikanAnime.producers@445:4","ACCESSES",0.5,"scope-resolution: unique-name property (own-return-shape): read",0,0
"Function:src/normalizers/anime.normalizer.js:normalizeJikanAnime","Property:src/normalizers/anime.normalizer.js:normalizeJikanAnime.images@446:4","ACCESSES",0.5,"scope-resolution: unique-name property (own-return-shape): write",0,0
"Function:src/normalizers/anime.normalizer.js:normalizeJikanAnime","Property:src/normalizers/anime.normalizer.js:normalizeJikanAnime.images@446:4","ACCESSES",0.5,"scope-resolution: unique-name property (own-return-shape): read",0,0
"Function:src/normalizers/anime.normalizer.js:normalizeJikanAnime","Property:src/normalizers/anime.normalizer.js:normalizeJikanAnime.trailer@447:4","ACCESSES",0.5,"scope-resolution: unique-name property (own-return-shape): write",0,0
"Function:src/normalizers/anime.normalizer.js:normalizeJikanAnime","Property:src/normalizers/anime.normalizer.js:normalizeJikanAnime.trailer@447:4","ACCESSES",0.5,"scope-resolution: unique-name property (own-return-shape): read",0,0
"Function:src/normalizers/anime.normalizer.js:normalizeJikanAnime","Property:src/normalizers/anime.normalizer.js:normalizeJikanAnime.source@448:4","ACCESSES",0.5,"scope-resolution: unique-name property (own-return-shape): write",0,0
"Function:src/normalizers/anime.normalizer.js:normalizeJikanMediaCard","Property:src/normalizers/anime.normalizer.js:normalizeJikanMediaCard.title@462:4","ACCESSES",0.5,"scope-resolution: unique-name property (own-return-shape): write",0,0
"Function:src/normalizers/anime.normalizer.js:normalizeJikanMediaCard","Property:src/normalizers/anime.normalizer.js:normalizeJikanMediaCard.title@462:4","ACCESSES",0.5,"scope-resolution: unique-name property (own-return-shape): read",0,0
"Function:src/normalizers/anime.normalizer.js:normalizeJikanMediaCard","Property:src/normalizers/anime.normalizer.js:normalizeJikanMediaCard.type@467:4","ACCESSES",0.5,"scope-resolution: unique-name property (own-return-shape): write",0,0
"Function:src/normalizers/anime.normalizer.js:normalizeJikanMediaCard","Property:src/normalizers/anime.normalizer.js:normalizeJikanMediaCard.type@467:4","ACCESSES",0.5,"scope-resolution: unique-name property (own-return-shape): read",0,0
"Function:src/normalizers/anime.normalizer.js:normalizeJikanMediaCard","Property:src/normalizers/anime.normalizer.js:normalizeJikanMediaCard.episodes@468:4","ACCESSES",0.5,"scope-resolution: unique-name property (own-return-shape): write",0,0
"Function:src/normalizers/anime.normalizer.js:normalizeJikanMediaCard","Property:src/normalizers/anime.normalizer.js:normalizeJikanMediaCard.episodes@468:4","ACCESSES",0.5,"scope-resolution: unique-name property (own-return-shape): read",0,0
"Function:src/normalizers/anime.normalizer.js:normalizeJikanMediaCard","Property:src/normalizers/anime.normalizer.js:normalizeJikanMediaCard.status@469:4","ACCESSES",0.5,"scope-resolution: unique-name property (own-return-shape): write",0,0
"Function:src/normalizers/anime.normalizer.js:normalizeJikanMediaCard","Property:src/normalizers/anime.normalizer.js:normalizeJikanMediaCard.status@469:4","ACCESSES",0.5,"scope-resolution: unique-name property (own-return-shape): read",0,0
"Function:src/normalizers/anime.normalizer.js:normalizeJikanMediaCard","Property:src/normalizers/anime.normalizer.js:normalizeJikanMediaCard.season@470:4","ACCESSES",0.5,"scope-resolution: unique-name property (own-return-shape): write",0,0
"Function:src/normalizers/anime.normalizer.js:normalizeJikanMediaCard","Property:src/normalizers/anime.normalizer.js:normalizeJikanMediaCard.season@470:4","ACCESSES",0.5,"scope-resolution: unique-name property (own-return-shape): read",0,0
"Function:src/normalizers/anime.normalizer.js:normalizeJikanMediaCard","Property:src/normalizers/anime.normalizer.js:normalizeJikanMediaCard.year@471:4","ACCESSES",0.5,"scope-resolution: unique-name property (own-return-shape): write",0,0
"Function:src/normalizers/anime.normalizer.js:normalizeJikanMediaCard","Property:src/normalizers/anime.normalizer.js:normalizeJikanMediaCard.year@471:4","ACCESSES",0.5,"scope-resolution: unique-name property (own-return-shape): read",0,0
"Function:src/normalizers/anime.normalizer.js:normalizeJikanMediaCard","Property:src/normalizers/anime.normalizer.js:normalizeJikanMediaCard.images@472:4","ACCESSES",0.5,"scope-resolution: unique-name property (own-return-shape): write",0,0
"Function:src/normalizers/anime.normalizer.js:normalizeJikanMediaCard","Property:src/normalizers/anime.normalizer.js:normalizeJikanMediaCard.images@472:4","ACCESSES",0.5,"scope-resolution: unique-name property (own-return-shape): read",0,0
"Function:src/normalizers/anime.normalizer.js:normalizeJikanMediaCard","Property:src/normalizers/anime.normalizer.js:normalizeJikanMediaCard.images@472:4","ACCESSES",0.5,"scope-resolution: unique-name property (own-return-shape): read",0,0
"Function:src/normalizers/anime.normalizer.js:normalizeJikanMediaCard","Property:src/normalizers/anime.normalizer.js:normalizeJikanMediaCard.images@472:4","ACCESSES",0.5,"scope-resolution: unique-name property (own-return-shape): read",0,0
"Function:src/normalizers/anime.normalizer.js:normalizeJikanMediaCard","Property:src/normalizers/anime.normalizer.js:normalizeJikanMediaCard.images@472:4","ACCESSES",0.5,"scope-resolution: unique-name property (own-return-shape): read",0,0
"Function:src/normalizers/anime.normalizer.js:normalizeJikanPage","Property:src/normalizers/anime.normalizer.js:normalizeJikanPage.pageInfo@501:4","ACCESSES",0.5,"scope-resolution: unique-name property (own-return-shape): write",0,0
"Function:src/normalizers/anime.normalizer.js:normalizeJikanPage","Property:src/providers/anilist/anilist.provider.js:AnilistProvider._buildPageVariables.page@238:6","ACCESSES",0.5,"scope-resolution: unique-name property (ranked): write",0,0
"Function:src/normalizers/anime.normalizer.js:normalizeJikanPage","Property:src/providers/anilist/anilist.provider.js:AnilistProvider._buildPageVariables.perPage@239:6","ACCESSES",0.5,"scope-resolution: unique-name property (workspace-unique): write",0,0
"Function:src/normalizers/anime.normalizer.js:normalizeJikanPage","Property:src/normalizers/anime.normalizer.js:normalizeJikanPage.results@508:4","ACCESSES",0.5,"scope-resolution: unique-name property (own-return-shape): write",0,0
"Function:src/normalizers/anime.normalizer.js:normalizeJikanEpisodes","Property:src/normalizers/anime.normalizer.js:normalizeJikanEpisodes.pageInfo@539:4","ACCESSES",0.5,"scope-resolution: unique-name property (own-return-shape): write",0,0
"Function:src/normalizers/anime.normalizer.js:normalizeJikanEpisodes","Property:src/providers/anilist/anilist.provider.js:AnilistProvider._buildPageVariables.page@238:6","ACCESSES",0.5,"scope-resolution: unique-name property (ranked): write",0,0
"Function:src/normalizers/anime.normalizer.js:normalizeJikanEpisodes","Property:src/normalizers/anime.normalizer.js:normalizeJikanEpisodes.episodes@546:4","ACCESSES",0.5,"scope-resolution: unique-name property (own-return-shape): write",0,0
"Function:src/normalizers/anime.normalizer.js:normalizeJikanEpisodes","Property:src/normalizers/anime.normalizer.js:normalizeJikanAnime.aired@428:4","ACCESSES",0.5,"scope-resolution: unique-name property (ranked): read",0,0
"Function:src/normalizers/anime.normalizer.js:normalizeJikanEpisodes","Property:src/normalizers/anime.normalizer.js:normalizeJikanAnime.score@431:4","ACCESSES",0.5,"scope-resolution: unique-name property (ranked): read",0,0
"Function:src/normalizers/anime.normalizer.js:normalizeJikanEpisodes","Property:tests/helpers/test-server.js:jikanEpisode.filler@235:137","ACCESSES",0.5,"scope-resolution: unique-name property (workspace-unique): read",0,0
"Function:src/normalizers/anime.normalizer.js:normalizeJikanEpisodes","Property:tests/helpers/test-server.js:jikanEpisode.recap@235:152","ACCESSES",0.5,"scope-resolution: unique-name property (workspace-unique): read",0,0
"Function:src/normalizers/megaplay-normalizer.js:extractSource","Property:src/normalizers/megaplay-normalizer.js:extractSource.url@96:26","ACCESSES",0.5,"scope-resolution: unique-name property (own-return-shape): write",0,0
"Function:src/normalizers/megaplay-normalizer.js:collectSources.push@123:2","Property:src/normalizers/megaplay-normalizer.js:extractSource.url@103:23","ACCESSES",0.5,"scope-resolution: unique-name property (same-file): read",0,0
"Function:src/normalizers/megaplay-normalizer.js:collectSources.push@123:2","Property:src/normalizers/megaplay-normalizer.js:extractSource.url@103:23","ACCESSES",0.5,"scope-resolution: unique-name property (same-file): read",0,0
"Function:src/normalizers/megaplay-normalizer.js:isExplicitNoStream","Property:src/utils/logger.js:LEVELS.error","ACCESSES",0.5,"scope-resolution: unique-name property (ranked): read",0,0
"Function:src/normalizers/megaplay-normalizer.js:isExplicitNoStream","Property:src/utils/logger.js:LEVELS.error","ACCESSES",0.5,"scope-resolution: unique-name property (ranked): read",0,0
"Function:src/normalizers/megaplay-normalizer.js:noStream","Property:src/normalizers/megaplay-normalizer.js:noStream.usable@173:11","ACCESSES",0.5,"scope-resolution: unique-name property (own-return-shape): write",0,0
"Function:src/normalizers/megaplay-normalizer.js:noStream","Property:src/normalizers/megaplay-normalizer.js:noStream.sources@173:26","ACCESSES",0.5,"scope-resolution: unique-name property (own-return-shape): write",0,0
"Function:src/normalizers/megaplay-normalizer.js:noStream","Property:src/normalizers/megaplay-normalizer.js:noStream.episode@173:47","ACCESSES",0.5,"scope-resolution: unique-name property (own-return-shape): write",0,0
"Function:src/normalizers/megaplay-normalizer.js:noStream","Property:src/normalizers/megaplay-normalizer.js:noStream.expiresAt@173:62","ACCESSES",0.5,"scope-resolution: unique-name property (own-return-shape): write",0,0
"Function:src/normalizers/megaplay-normalizer.js:normalizeMegaplayStreamResponse","Property:src/streaming/stream-resolver.js:StreamResolver._lookupStream.usable@256:25","ACCESSES",0.5,"scope-resolution: unique-name property (ranked): write",0,0
"Function:src/normalizers/megaplay-normalizer.js:normalizeMegaplayStreamResponse","Property:src/streaming/stream-resolver.js:StreamResolver._lookupStream.sources@256:40","ACCESSES",0.5,"scope-resolution: unique-name property (ranked): write",0,0
"Function:src/normalizers/megaplay-normalizer.js:normalizeMegaplayStreamResponse","Property:src/streaming/stream-resolver.js:StreamResolver._lookupStream.episode@256:74","ACCESSES",0.5,"scope-resolution: unique-name property (ranked): write",0,0
"Function:src/normalizers/megaplay-normalizer.js:normalizeMegaplayStreamResponse","Property:src/streaming/stream-resolver.js:StreamResolver._lookupStream.expiresAt@256:89","ACCESSES",0.5,"scope-resolution: unique-name property (ranked): write",0,0
"Function:src/normalizers/megaplay-normalizer.js:normalizeMegaplayStreamResponse","Property:src/streaming/stream-resolver.js:StreamResolver._lookupStream.usable@256:25","ACCESSES",0.5,"scope-resolution: unique-name property (ranked): write",0,0
"Function:src/normalizers/megaplay-normalizer.js:normalizeMegaplayStreamResponse","Property:src/streaming/stream-resolver.js:StreamResolver._lookupStream.sources@256:40","ACCESSES",0.5,"scope-resolution: unique-name property (ranked): write",0,0
"Function:src/normalizers/megaplay-normalizer.js:normalizeMegaplayStreamResponse","Property:src/streaming/stream-resolver.js:StreamResolver._lookupStream.episode@256:74","ACCESSES",0.5,"scope-resolution: unique-name property (ranked): write",0,0
"Function:src/normalizers/megaplay-normalizer.js:normalizeMegaplayStreamResponse","Property:src/streaming/stream-resolver.js:StreamResolver._lookupStream.expiresAt@256:89","ACCESSES",0.5,"scope-resolution: unique-name property (ranked): write",0,0
"Function:src/normalizers/megaplay-normalizer.js:normalizeMegaplayStreamResponse","Property:src/streaming/stream-resolver.js:StreamResolver._lookupStream.usable@256:25","ACCESSES",0.5,"scope-resolution: unique-name property (ranked): write",0,0
"Function:src/normalizers/megaplay-normalizer.js:normalizeMegaplayStreamResponse","Property:src/streaming/stream-resolver.js:StreamResolver._lookupStream.episode@256:74","ACCESSES",0.5,"scope-resolution: unique-name property (ranked): write",0,0
"Function:src/normalizers/megaplay-normalizer.js:normalizeMegaplayStreamResponse","Property:src/streaming/stream-resolver.js:StreamResolver._lookupStream.expiresAt@256:89","ACCESSES",0.5,"scope-resolution: unique-name property (ranked): write",0,0
"Function:src/normalizers/megaplay-normalizer.js:isUsableStreamResult","Property:src/streaming/stream-resolver.js:StreamResolver._lookupStream.usable@256:25","ACCESSES",0.5,"scope-resolution: unique-name property (ranked): read",0,0
"Function:src/normalizers/megaplay-normalizer.js:isUsableStreamResult","Property:src/streaming/stream-resolver.js:StreamResolver._lookupStream.sources@256:40","ACCESSES",0.5,"scope-resolution: unique-name property (ranked): read",0,0
"Function:src/normalizers/megaplay-normalizer.js:isUsableStreamResult","Property:src/streaming/stream-resolver.js:StreamResolver._lookupStream.sources@256:40","ACCESSES",0.5,"scope-resolution: unique-name property (ranked): read",0,0
"Function:src/normalizers/megaplay-normalizer.js:isUsableStreamResult","Property:src/streaming/stream-resolver.js:StreamResolver._lookupStream.sources@256:40","ACCESSES",0.5,"scope-resolution: unique-name property (ranked): read",0,0
"Function:src/normalizers/megaplay-normalizer.js:isUsableStreamResult","Property:src/normalizers/megaplay-normalizer.js:extractSource.url@103:23","ACCESSES",0.5,"scope-resolution: unique-name property (same-file): read",0,0
"Function:src/normalizers/megaplay-normalizer.js:isUsableStreamResult","Property:src/normalizers/megaplay-normalizer.js:extractSource.url@103:23","ACCESSES",0.5,"scope-resolution: unique-name property (same-file): read",0,0
"Function:src/normalizers/tmdb.matching.js:selectBestMatch","Property:src/normalizers/tmdb.normalizer.js:normalizeTmdbCandidate.originalTitle@56:4","ACCESSES",0.5,"scope-resolution: unique-name property (workspace-unique): read",0,0
"Function:src/normalizers/tmdb.normalizer.js:normalizeTmdbCandidate","Property:src/providers/anilist/anilist.provider.js:AnilistProvider.getRecommendations.id@166:24","ACCESSES",0.5,"scope-resolution: unique-name property (ranked): read",0,0
"Function:src/normalizers/tmdb.normalizer.js:normalizeTmdbCandidate","Property:src/normalizers/tmdb.normalizer.js:normalizeTmdbCandidate.mediaType@54:4","ACCESSES",0.5,"scope-resolution: unique-name property (own-return-shape): write",0,0
"Function:src/normalizers/tmdb.normalizer.js:normalizeTmdbCandidate","Property:src/normalizers/tmdb.normalizer.js:normalizeTmdbCandidate.title@55:4","ACCESSES",0.5,"scope-resolution: unique-name property (own-return-shape): write",0,0
"Function:src/normalizers/tmdb.normalizer.js:normalizeTmdbCandidate","Property:src/utils/logger.js:serializeError.name@30:16","ACCESSES",0.5,"scope-resolution: unique-name property (ranked): read",0,0
"Function:src/normalizers/tmdb.normalizer.js:normalizeTmdbCandidate","Property:src/normalizers/tmdb.normalizer.js:normalizeTmdbCandidate.title@55:4","ACCESSES",0.5,"scope-resolution: unique-name property (own-return-shape): read",0,0
"Function:src/normalizers/tmdb.normalizer.js:normalizeTmdbCandidate","Property:src/normalizers/tmdb.normalizer.js:normalizeTmdbCandidate.originalTitle@56:4","ACCESSES",0.5,"scope-resolution: unique-name property (own-return-shape): write",0,0
"Function:src/normalizers/tmdb.normalizer.js:normalizeTmdbCandidate","Property:tests/tmdb-normalizer.test.js:rawTv.original_name","ACCESSES",0.5,"scope-resolution: unique-name property (ranked): read",0,0
"Function:src/normalizers/tmdb.normalizer.js:normalizeTmdbCandidate","Property:src/normalizers/tmdb.normalizer.js:normalizeTmdbCandidate.year@57:4","ACCESSES",0.5,"scope-resolution: unique-name property (own-return-shape): write",0,0
"Function:src/normalizers/tmdb.normalizer.js:normalizeTmdbCandidate","Property:tests/tmdb-normalizer.test.js:rawTv.first_air_date","ACCESSES",0.5,"scope-resolution: unique-name property (ranked): read",0,0
"Function:src/normalizers/tmdb.normalizer.js:normalizeTmdbCandidate","Property:src/normalizers/tmdb.normalizer.js:normalizeTmdbCandidate.popularity@58:4","ACCESSES",0.5,"scope-resolution: unique-name property (own-return-shape): write",0,0
"Function:src/normalizers/tmdb.normalizer.js:normalizeTmdbCandidate","Property:src/normalizers/tmdb.normalizer.js:normalizeTmdbCandidate.popularity@58:4","ACCESSES",0.5,"scope-resolution: unique-name property (own-return-shape): read",0,0
"Function:src/normalizers/tmdb.normalizer.js:normalizeTmdbCandidate","Property:src/normalizers/tmdb.normalizer.js:normalizeTmdbCandidate.images@59:4","ACCESSES",0.5,"scope-resolution: unique-name property (own-return-shape): write",0,0
"Function:src/normalizers/tmdb.normalizer.js:normalizeTmdbVisual","Property:src/normalizers/tmdb.normalizer.js:normalizeTmdbVisual.resolved@87:4","ACCESSES",0.5,"scope-resolution: unique-name property (own-return-shape): write",0,0
"Function:src/normalizers/tmdb.normalizer.js:normalizeTmdbVisual","Property:src/normalizers/tmdb.normalizer.js:normalizeTmdbVisual.tmdbId@88:4","ACCESSES",0.5,"scope-resolution: unique-name property (own-return-shape): write",0,0
"Function:src/normalizers/tmdb.normalizer.js:normalizeTmdbVisual","Property:src/normalizers/tmdb.normalizer.js:normalizeTmdbVisual.tmdbId@88:4","ACCESSES",0.5,"scope-resolution: unique-name property (own-return-shape): read",0,0
"Function:src/normalizers/tmdb.normalizer.js:normalizeTmdbVisual","Property:src/normalizers/tmdb.normalizer.js:normalizeTmdbVisual.mediaType@89:4","ACCESSES",0.5,"scope-resolution: unique-name property (own-return-shape): write",0,0
"Function:src/normalizers/tmdb.normalizer.js:normalizeTmdbVisual","Property:src/normalizers/tmdb.normalizer.js:normalizeTmdbVisual.mediaType@89:4","ACCESSES",0.5,"scope-resolution: unique-name property (own-return-shape): read",0,0
"Function:src/normalizers/tmdb.normalizer.js:normalizeTmdbVisual","Property:src/normalizers/tmdb.normalizer.js:normalizeTmdbVisual.images@90:4","ACCESSES",0.5,"scope-resolution: unique-name property (own-return-shape): write",0,0
"Function:src/normalizers/tmdb.normalizer.js:normalizeTmdbVisual","Property:src/normalizers/tmdb.normalizer.js:normalizeTmdbVisual.images@90:4","ACCESSES",0.5,"scope-resolution: unique-name property (own-return-shape): read",0,0
"Function:src/normalizers/tmdb.normalizer.js:normalizeTmdbVisual","Property:src/normalizers/anime.normalizer.js:normalizeAnilistImages.banner@127:4","ACCESSES",0.5,"scope-resolution: unique-name property (workspace-unique): write",0,0
"Function:src/normalizers/tmdb.normalizer.js:normalizeTmdbVisual","Property:src/normalizers/tmdb.normalizer.js:normalizeTmdbVisual.images@90:4","ACCESSES",0.5,"scope-resolution: unique-name property (own-return-shape): read",0,0
"Function:src/normalizers/tmdb.normalizer.js:normalizeTmdbVisual","Property:src/normalizers/tmdb.normalizer.js:normalizeTmdbVisual.poster@96:4","ACCESSES",0.5,"scope-resolution: unique-name property (own-return-shape): write",0,0
"Function:src/normalizers/tmdb.normalizer.js:normalizeTmdbVisual","Property:src/normalizers/tmdb.normalizer.js:normalizeTmdbVisual.images@90:4","ACCESSES",0.5,"scope-resolution: unique-name property (own-return-shape): read",0,0
"Function:src/normalizers/tmdb.normalizer.js:normalizeTmdbVisual","Property:src/normalizers/tmdb.normalizer.js:normalizeTmdbVisual.poster@96:4","ACCESSES",0.5,"scope-resolution: unique-name property (own-return-shape): read",0,0
"Function:src/normalizers/tmdb.normalizer.js:normalizeTmdbVisual","Property:src/normalizers/tmdb.normalizer.js:normalizeTmdbVisual.reason@97:4","ACCESSES",0.5,"scope-resolution: unique-name property (own-return-shape): write",0,0
"Function:src/normalizers/tmdb.normalizer.js:createUnresolvedTmdbVisual","Property:src/normalizers/tmdb.normalizer.js:createUnresolvedTmdbVisual.resolved@109:4","ACCESSES",0.5,"scope-resolution: unique-name property (own-return-shape): write",0,0
"Function:src/normalizers/tmdb.normalizer.js:createUnresolvedTmdbVisual","Property:src/normalizers/tmdb.normalizer.js:createUnresolvedTmdbVisual.tmdbId@110:4","ACCESSES",0.5,"scope-resolution: unique-name property (own-return-shape): write",0,0
"Function:src/normalizers/tmdb.normalizer.js:createUnresolvedTmdbVisual","Property:src/normalizers/tmdb.normalizer.js:createUnresolvedTmdbVisual.mediaType@111:4","ACCESSES",0.5,"scope-resolution: unique-name property (own-return-shape): write",0,0
"Function:src/normalizers/tmdb.normalizer.js:createUnresolvedTmdbVisual","Property:src/normalizers/tmdb.normalizer.js:createUnresolvedTmdbVisual.images@112:4","ACCESSES",0.5,"scope-resolution: unique-name property (own-return-shape): write",0,0
"Function:src/normalizers/tmdb.normalizer.js:createUnresolvedTmdbVisual","Property:src/normalizers/tmdb.normalizer.js:createUnresolvedTmdbVisual.poster@113:4","ACCESSES",0.5,"scope-resolution: unique-name property (own-return-shape): write",0,0
"Function:src/normalizers/tmdb.normalizer.js:createUnresolvedTmdbVisual","Property:src/normalizers/tmdb.normalizer.js:createUnresolvedTmdbVisual.reason@114:4","ACCESSES",0.5,"scope-resolution: unique-name property (own-return-shape): write",0,0
"Function:src/normalizers/tmdb.normalizer.js:normalizeTmdbDetails","Property:src/providers/anilist/anilist.provider.js:AnilistProvider.getRecommendations.id@166:24","ACCESSES",0.5,"scope-resolution: unique-name property (ranked): read",0,0
"Function:src/normalizers/tmdb.normalizer.js:normalizeTmdbDetails","Property:src/normalizers/tmdb.normalizer.js:normalizeTmdbDetails.resolved@129:4","ACCESSES",0.5,"scope-resolution: unique-name property (own-return-shape): write",0,0
"Function:src/normalizers/tmdb.normalizer.js:normalizeTmdbDetails","Property:src/normalizers/tmdb.normalizer.js:normalizeTmdbDetails.mediaType@131:4","ACCESSES",0.5,"scope-resolution: unique-name property (own-return-shape): write",0,0
"Function:src/normalizers/tmdb.normalizer.js:normalizeTmdbDetails","Property:src/normalizers/tmdb.normalizer.js:normalizeTmdbDetails.images@132:4","ACCESSES",0.5,"scope-resolution: unique-name property (own-return-shape): write",0,0
"Function:src/normalizers/tmdb.normalizer.js:normalizeTmdbDetails","Property:src/normalizers/anime.normalizer.js:normalizeAnilistImages.banner@127:4","ACCESSES",0.5,"scope-resolution: unique-name property (workspace-unique): write",0,0
"Function:src/normalizers/tmdb.normalizer.js:normalizeTmdbDetails","Property:src/normalizers/tmdb.normalizer.js:normalizeTmdbDetails.poster@136:4","ACCESSES",0.5,"scope-resolution: unique-name property (own-return-shape): write",0,0
"Function:src/normalizers/tmdb.normalizer.js:normalizeTmdbDetails","Property:src/normalizers/tmdb.normalizer.js:normalizeTmdbDetails.reason@137:4","ACCESSES",0.5,"scope-resolution: unique-name property (own-return-shape): write",0,0
"Function:src/providers/http-client.js:httpRequest","Property:src/config/env.js:schema.REQUEST_TIMEOUT_MS","ACCESSES",0.5,"scope-resolution: unique-name property (workspace-unique): read",0,0
"Function:src/providers/http-client.js:httpRequest","Property:src/providers/http-client.js:httpRequest.status@92:13","ACCESSES",0.5,"scope-resolution: unique-name property (own-return-shape): read",0,0
"Function:src/providers/http-client.js:httpRequest","Property:src/providers/http-client.js:httpRequest.status@92:13","ACCESSES",0.5,"scope-resolution: unique-name property (own-return-shape): read",0,0
"Function:src/providers/http-client.js:httpRequest","Property:src/providers/http-client.js:httpRequest.headers@92:55","ACCESSES",0.5,"scope-resolution: unique-name property (own-return-shape): read",0,0
"Function:src/providers/http-client.js:httpRequest","Property:src/providers/http-client.js:httpRequest.ok@92:38","ACCESSES",0.5,"scope-resolution: unique-name property (own-return-shape): read",0,0
"Function:src/providers/http-client.js:httpRequest","Property:src/providers/http-client.js:httpRequest.status@92:13","ACCESSES",0.5,"scope-resolution: unique-name property (own-return-shape): read",0,0
"Function:src/providers/http-client.js:httpRequest","Property:src/providers/http-client.js:httpRequest.status@92:13","ACCESSES",0.5,"scope-resolution: unique-name property (own-return-shape): read",0,0
"Function:src/providers/http-client.js:httpRequest","Property:src/providers/http-client.js:httpRequest.status@92:13","ACCESSES",0.5,"scope-resolution: unique-name property (own-return-shape): write",0,0
"Function:src/providers/http-client.js:httpRequest","Property:src/providers/http-client.js:httpRequest.status@92:13","ACCESSES",0.5,"scope-resolution: unique-name property (own-return-shape): read",0,0
"Function:src/providers/http-client.js:httpRequest","Property:src/providers/http-client.js:httpRequest.ok@92:38","ACCESSES",0.5,"scope-resolution: unique-name property (own-return-shape): write",0,0
"Function:src/providers/http-client.js:httpRequest","Property:src/providers/http-client.js:httpRequest.ok@92:38","ACCESSES",0.5,"scope-resolution: unique-name property (own-return-shape): read",0,0
"Function:src/providers/http-client.js:httpRequest","Property:src/providers/http-client.js:httpRequest.headers@92:55","ACCESSES",0.5,"scope-resolution: unique-name property (own-return-shape): write",0,0
"Function:src/providers/http-client.js:httpRequest","Property:src/providers/http-client.js:httpRequest.headers@92:55","ACCESSES",0.5,"scope-resolution: unique-name property (own-return-shape): read",0,0
"Function:src/providers/http-client.js:httpRequest","Property:src/utils/logger.js:serializeError.name@30:16","ACCESSES",0.5,"scope-resolution: unique-name property (ranked): read",0,0
"Function:src/providers/http-client.js:parseBody","Property:src/providers/http-client.js:httpRequest.headers@92:55","ACCESSES",0.5,"scope-resolution: unique-name property (workspace-unique): read",0,0
"Function:src/server.js:server","Property:src/config/env.js:schema.HOST","ACCESSES",0.5,"scope-resolution: unique-name property (workspace-unique): read",0,0
"Function:src/server.js:server","Property:src/config/env.js:schema.PORT","ACCESSES",0.5,"scope-resolution: unique-name property (workspace-unique): read",0,0
"Function:src/server.js:server","Property:src/config/env.js:schema.NODE_ENV","ACCESSES",0.5,"scope-resolution: unique-name property (workspace-unique): read",0,0
"Function:src/services/anime.service.js:isCanonicalAnime","Property:src/providers/anilist/anilist.provider.js:AnilistProvider.getRecommendations.id@166:24","ACCESSES",0.5,"scope-resolution: unique-name property (ranked): read",0,0
"Function:src/services/anime.service.js:isCanonicalAnime","Property:src/providers/anilist/anilist.provider.js:AnilistProvider.getRecommendations.id@166:24","ACCESSES",0.5,"scope-resolution: unique-name property (ranked): read",0,0
"Function:src/services/anime.service.js:validateSearchOptions","Property:src/providers/anilist/anilist.provider.js:AnilistProvider._buildPageVariables.page@238:6","ACCESSES",0.5,"scope-resolution: unique-name property (ranked): read",0,0
"Function:src/services/anime.service.js:validateSearchOptions","Property:src/providers/anilist/anilist.provider.js:AnilistProvider._buildPageVariables.page@238:6","ACCESSES",0.5,"scope-resolution: unique-name property (ranked): write",0,0
"Function:src/services/anime.service.js:validateSearchOptions","Property:src/providers/anilist/anilist.provider.js:AnilistProvider._buildPageVariables.perPage@239:6","ACCESSES",0.5,"scope-resolution: unique-name property (workspace-unique): read",0,0
"Function:src/services/anime.service.js:validateSearchOptions","Property:src/providers/anilist/anilist.provider.js:AnilistProvider._buildPageVariables.perPage@239:6","ACCESSES",0.5,"scope-resolution: unique-name property (workspace-unique): write",0,0
"Function:src/services/anime.service.js:validateSearchOptions","Property:src/middleware/request-logger.js:requestLogger.fn@15:9.fn@19:21.status@23:8","ACCESSES",0.5,"scope-resolution: unique-name property (ranked): read",0,0
"Function:src/services/anime.service.js:validateSearchOptions","Property:src/middleware/request-logger.js:requestLogger.fn@15:9.fn@19:21.status@23:8","ACCESSES",0.5,"scope-resolution: unique-name property (ranked): read",0,0
"Function:src/services/anime.service.js:validateSearchOptions","Property:src/middleware/request-logger.js:requestLogger.fn@15:9.fn@19:21.status@23:8","ACCESSES",0.5,"scope-resolution: unique-name property (ranked): read",0,0
"Function:src/services/anime.service.js:validateSearchOptions","Property:src/middleware/request-logger.js:requestLogger.fn@15:9.fn@19:21.status@23:8","ACCESSES",0.5,"scope-resolution: unique-name property (ranked): write",0,0
"Function:src/services/anime.service.js:validateSearchOptions","Property:src/middleware/request-logger.js:requestLogger.fn@15:9.fn@19:21.status@23:8","ACCESSES",0.5,"scope-resolution: unique-name property (ranked): read",0,0
"Function:src/services/anime.service.js:validateSearchOptions","Property:src/services/category.service.js:resolveCategoryOptions.genre@70:22","ACCESSES",0.5,"scope-resolution: unique-name property (workspace-unique): read",0,0
"Function:src/services/anime.service.js:validateSearchOptions","Property:src/services/category.service.js:resolveCategoryOptions.genre@70:22","ACCESSES",0.5,"scope-resolution: unique-name property (workspace-unique): read",0,0
"Function:src/services/anime.service.js:validateSearchOptions","Property:src/services/category.service.js:resolveCategoryOptions.genre@70:22","ACCESSES",0.5,"scope-resolution: unique-name property (workspace-unique): read",0,0
"Function:src/services/anime.service.js:validateSearchOptions","Property:src/services/category.service.js:resolveCategoryOptions.genre@70:22","ACCESSES",0.5,"scope-resolution: unique-name property (workspace-unique): write",0,0
"Function:src/services/anime.service.js:validateSearchOptions","Property:src/services/category.service.js:resolveCategoryOptions.genre@70:22","ACCESSES",0.5,"scope-resolution: unique-name property (workspace-unique): read",0,0
"Function:src/services/anime.service.js:validateSearchOptions","Property:src/providers/anilist/anilist.provider.js:AnilistProvider._buildPageVariables.sort@240:6","ACCESSES",0.5,"scope-resolution: unique-name property (workspace-unique): read",0,0
"Function:src/services/anime.service.js:validateSearchOptions","Property:src/providers/anilist/anilist.provider.js:AnilistProvider._buildPageVariables.sort@240:6","ACCESSES",0.5,"scope-resolution: unique-name property (workspace-unique): read",0,0
"Function:src/services/anime.service.js:validateSearchOptions","Property:src/providers/anilist/anilist.provider.js:AnilistProvider._buildPageVariables.sort@240:6","ACCESSES",0.5,"scope-resolution: unique-name property (workspace-unique): read",0,0
"Function:src/services/anime.service.js:validateSearchOptions","Property:src/providers/anilist/anilist.provider.js:AnilistProvider._buildPageVariables.sort@240:6","ACCESSES",0.5,"scope-resolution: unique-name property (workspace-unique): read",0,0
"Function:src/services/anime.service.js:validateSearchOptions","Property:src/providers/anilist/anilist.provider.js:AnilistProvider._buildPageVariables.sort@240:6","ACCESSES",0.5,"scope-resolution: unique-name property (workspace-unique): write",0,0
"Function:src/services/anime.service.js:getAnimeEpisodes","Property:src/providers/anilist/anilist.provider.js:AnilistProvider.getRecommendations.id@166:24","ACCESSES",0.5,"scope-resolution: unique-name property (ranked): write",0,0
"Function:src/services/anime.service.js:getAnimeEpisodes","Property:src/providers/anilist/anilist.provider.js:AnilistProvider.getRecommendations.id@166:24","ACCESSES",0.5,"scope-resolution: unique-name property (ranked): read",0,0
"Function:src/services/anime.service.js:getAnimeEpisodes","Property:src/providers/anilist/anilist.provider.js:AnilistProvider.getRecommendations.id@166:24","ACCESSES",0.5,"scope-resolution: unique-name property (ranked): read",0,0
"Function:src/services/anime.service.js:getAnimeEpisodes","Property:src/providers/anilist/anilist.provider.js:AnilistProvider.getRecommendations.id@166:24","ACCESSES",0.5,"scope-resolution: unique-name property (ranked): write",0,0
"Function:src/services/anime.service.js:getAnimeEpisodes","Property:src/providers/anilist/anilist.provider.js:AnilistProvider.getRecommendations.id@166:24","ACCESSES",0.5,"scope-resolution: unique-name property (ranked): read",0,0
"Function:src/services/anime.service.js:getAnimeEpisodes","Property:src/providers/anilist/anilist.provider.js:AnilistProvider.getRecommendations.id@166:24","ACCESSES",0.5,"scope-resolution: unique-name property (ranked): read",0,0
"Function:src/services/health.service.js:getHealthStatus","Property:src/services/health.service.js:getHealthStatus.status@42:4","ACCESSES",0.5,"scope-resolution: unique-name property (own-return-shape): write",0,0
"Function:src/services/health.service.js:getHealthStatus","Property:src/services/health.service.js:getHealthStatus.service@43:4","ACCESSES",0.5,"scope-resolution: unique-name property (own-return-shape): write",0,0
"Function:src/services/health.service.js:getHealthStatus","Property:src/services/health.service.js:getHealthStatus.version@44:4","ACCESSES",0.5,"scope-resolution: unique-name property (own-return-shape): write",0,0
"Function:src/services/health.service.js:getHealthStatus","Property:src/services/health.service.js:getHealthStatus.environment@45:4","ACCESSES",0.5,"scope-resolution: unique-name property (own-return-shape): write",0,0
"Function:src/services/health.service.js:getHealthStatus","Property:src/config/env.js:schema.NODE_ENV","ACCESSES",0.5,"scope-resolution: unique-name property (workspace-unique): read",0,0
"Function:src/services/health.service.js:getHealthStatus","Property:src/services/health.service.js:getHealthStatus.uptimeSeconds@46:4","ACCESSES",0.5,"scope-resolution: unique-name property (own-return-shape): write",0,0
"Function:src/services/health.service.js:getHealthStatus","Property:src/services/health.service.js:getHealthStatus.timestamp@47:4","ACCESSES",0.5,"scope-resolution: unique-name property (own-return-shape): write",0,0
"Function:src/services/home.service.js:homeSections","Property:src/services/home.service.js:homeSections.trending@44:4","ACCESSES",0.5,"scope-resolution: unique-name property (own-return-shape): write",0,0
"Function:src/services/home.service.js:homeSections","Property:src/providers/anilist/anilist.provider.js:AnilistProvider._buildPageVariables.sort@240:6","ACCESSES",0.5,"scope-resolution: unique-name property (workspace-unique): write",0,0
"Function:src/services/home.service.js:homeSections","Property:src/providers/anilist/anilist.provider.js:AnilistProvider._buildPageVariables.perPage@239:6","ACCESSES",0.5,"scope-resolution: unique-name property (workspace-unique): write",0,0
"Function:src/services/home.service.js:homeSections","Property:src/services/home.service.js:homeSections.popular@45:4","ACCESSES",0.5,"scope-resolution: unique-name property (own-return-shape): write",0,0
"Function:src/services/home.service.js:homeSections","Property:src/providers/anilist/anilist.provider.js:AnilistProvider._buildPageVariables.sort@240:6","ACCESSES",0.5,"scope-resolution: unique-name property (workspace-unique): write",0,0
"Function:src/services/home.service.js:homeSections","Property:src/providers/anilist/anilist.provider.js:AnilistProvider._buildPageVariables.perPage@239:6","ACCESSES",0.5,"scope-resolution: unique-name property (workspace-unique): write",0,0
"Function:src/services/home.service.js:homeSections","Property:src/services/home.service.js:homeSections.seasonal@46:4","ACCESSES",0.5,"scope-resolution: unique-name property (own-return-shape): write",0,0
"Function:src/services/home.service.js:homeSections","Property:src/providers/anilist/anilist.provider.js:AnilistProvider._buildPageVariables.sort@240:6","ACCESSES",0.5,"scope-resolution: unique-name property (workspace-unique): write",0,0
"Function:src/services/home.service.js:homeSections","Property:src/providers/anilist/anilist.provider.js:AnilistProvider._buildPageVariables.perPage@239:6","ACCESSES",0.5,"scope-resolution: unique-name property (workspace-unique): write",0,0
"Function:src/services/home.service.js:homeSections","Property:src/services/home.service.js:homeSections.topRated@47:4","ACCESSES",0.5,"scope-resolution: unique-name property (own-return-shape): write",0,0
"Function:src/services/home.service.js:homeSections","Property:src/providers/anilist/anilist.provider.js:AnilistProvider._buildPageVariables.sort@240:6","ACCESSES",0.5,"scope-resolution: unique-name property (workspace-unique): write",0,0
"Function:src/services/home.service.js:homeSections","Property:src/providers/anilist/anilist.provider.js:AnilistProvider._buildPageVariables.perPage@239:6","ACCESSES",0.5,"scope-resolution: unique-name property (workspace-unique): write",0,0
"Function:src/services/schedule.service.js:getAiringSchedule","Property:src/services/schedule.service.js:getAiringSchedule.fn@61:4.window@68:8","ACCESSES",0.5,"scope-resolution: unique-name property (own-return-shape): write",0,0
"Function:src/services/schedule.service.js:getAiringSchedule","Property:src/services/schedule.service.js:getAiringSchedule.fn@61:4.pageInfo@69:8","ACCESSES",0.5,"scope-resolution: unique-name property (own-return-shape): write",0,0
"Function:src/services/schedule.service.js:getAiringSchedule","Property:src/services/schedule.service.js:getAiringSchedule.fn@61:4.results@74:8","ACCESSES",0.5,"scope-resolution: unique-name property (own-return-shape): write",0,0
"Function:src/services/schedule.service.js:getAiringSchedule.isValid@79:6","Property:src/services/schedule.service.js:getAiringSchedule.fn@61:4.results@74:8","ACCESSES",0.5,"scope-resolution: unique-name property (same-file): read",0,0
"Function:src/services/tmdb.service.js:resolveTmdbVisual","Property:src/streaming/stream-resolver.js:StreamResolver._toStreamResponse.provider@313:6","ACCESSES",0.5,"scope-resolution: unique-name property (ranked): read",0,0
"Function:src/utils/logger.js:serializeError","Property:src/utils/logger.js:serializeError.name@30:16","ACCESSES",0.5,"scope-resolution: unique-name property (ranked): read",0,0
"Function:src/utils/logger.js:serializeError","Property:src/utils/logger.js:serializeError.message@30:34","ACCESSES",0.5,"scope-resolution: unique-name property (same-file): read",0,0
"Function:tests/anilist-provider.test.js:fn@76:62.mock@77:2","Property:tests/anilist-provider.test.js:fn@57:69.media@58:68","ACCESSES",0.5,"scope-resolution: unique-name property (workspace-unique): write",0,0
"Function:tests/anilist-provider.test.js:fn@127:67.mock@128:2","Property:tests/helpers/mock-fetch.js:installMockFetch.fn@34:21.init@35:24","ACCESSES",0.5,"scope-resolution: unique-name property (imported-file): read",0,0
"Function:tests/anilist-provider.test.js:fn@215:70.mock@216:2","Property:tests/anilist-provider.test.js:mediaFixture.id","ACCESSES",0.5,"scope-resolution: unique-name property (same-file): write",0,0
"Function:tests/api-details.test.js:fn@207:92.anilist@209:33","Property:src/utils/logger.js:LEVELS.error","ACCESSES",0.5,"scope-resolution: unique-name property (ranked): write",0,0
"Function:tests/api-details.test.js:fn@227:91.anilist@232:4","Property:tests/api-details.test.js:fn@227:91.anilist@232:13.json@233:41","ACCESSES",0.5,"scope-resolution: unique-name property (same-file): write",0,0
"Function:tests/api-details.test.js:fn@227:91.anilist@232:4","Property:src/utils/logger.js:LEVELS.error","ACCESSES",0.5,"scope-resolution: unique-name property (ranked): write",0,0
"Function:tests/api-details.test.js:fn@227:91.jikan@236:4","Property:src/utils/logger.js:LEVELS.error","ACCESSES",0.5,"scope-resolution: unique-name property (ranked): write",0,0
"Function:tests/api-home.test.js:sectionHandler","Property:src/providers/anilist/anilist.provider.js:AnilistProvider._buildPageVariables.sort@240:6","ACCESSES",0.5,"scope-resolution: unique-name property (workspace-unique): read",0,0
"Function:tests/api-home.test.js:sectionHandler","Property:tests/api-home.test.js:sectionHandler.fn@41:9.status@44:43","ACCESSES",0.5,"scope-resolution: unique-name property (own-return-shape): write",0,0
"Function:tests/api-home.test.js:sectionHandler","Property:tests/api-home.test.js:sectionHandler.fn@41:9.json@44:56","ACCESSES",0.5,"scope-resolution: unique-name property (own-return-shape): write",0,0
"Function:tests/api-home.test.js:sectionHandler","Property:src/utils/logger.js:LEVELS.error","ACCESSES",0.5,"scope-resolution: unique-name property (ranked): write",0,0
"Function:tests/api-home.test.js:fn@121:95.anilist@123:33","Property:src/utils/logger.js:LEVELS.error","ACCESSES",0.5,"scope-resolution: unique-name property (ranked): write",0,0
"Function:tests/api-home.test.js:fn@138:88.anilist@143:4","Property:src/utils/logger.js:LEVELS.error","ACCESSES",0.5,"scope-resolution: unique-name property (ranked): write",0,0
"Function:tests/api-misc.test.js:fn@111:99.anilist@114:4","Property:src/normalizers/anime.normalizer.js:normalizeJikanImages.large@355:4","ACCESSES",0.5,"scope-resolution: unique-name property (workspace-unique): write",0,0
"Function:tests/api-misc.test.js:fn@111:99.anilist@114:4","Property:src/normalizers/anime.normalizer.js:normalizeJikanImages.large@355:4","ACCESSES",0.5,"scope-resolution: unique-name property (workspace-unique): write",0,0
"Function:tests/api-misc.test.js:fn@228:83.anilist@231:4","Property:src/services/schedule.service.js:getAiringSchedule.fn@61:4.pageInfo@69:8","ACCESSES",0.5,"scope-resolution: unique-name property (own-return-shape): write",0,0
"Function:tests/api-misc.test.js:fn@274:95.anilist@276:33","Property:src/utils/logger.js:LEVELS.error","ACCESSES",0.5,"scope-resolution: unique-name property (ranked): write",0,0
"Function:tests/api-misc.test.js:fn@349:88.tmdb@356:4","Property:src/utils/logger.js:LEVELS.error","ACCESSES",0.5,"scope-resolution: unique-name property (ranked): write",0,0
"Function:tests/api-search.test.js:fn@144:100.anilist@146:33","Property:src/utils/logger.js:LEVELS.error","ACCESSES",0.5,"scope-resolution: unique-name property (ranked): write",0,0
"Function:tests/health.test.js:startTestServer","Property:tests/health.test.js:startTestServer.baseUrl@26:4","ACCESSES",0.5,"scope-resolution: unique-name property (same-file): write",0,0
"Function:tests/helpers/mock-fetch.js:installMockFetch","Property:tests/helpers/mock-fetch.js:installMockFetch.fn@34:21.method@35:30","ACCESSES",0.5,"scope-resolution: unique-name property (same-file): read",0,0
"Function:tests/helpers/mock-fetch.js:installMockFetch","Property:src/providers/http-client.js:httpRequest.headers@92:55","ACCESSES",0.5,"scope-resolution: unique-name property (workspace-unique): read",0,0
"Function:tests/helpers/test-server.js:anilistRequestBody","Property:tests/helpers/test-server.js:installApiMocks.fn@84:21.init@85:37","ACCESSES",0.5,"scope-resolution: unique-name property (same-file): read",0,0
"Function:tests/helpers/test-server.js:startTestServer","Property:tests/helpers/test-server.js:startTestServer.baseUrl@42:4","ACCESSES",0.5,"scope-resolution: unique-name property (same-file): write",0,0
"Function:tests/helpers/test-server.js:installApiMocks","Property:tests/helpers/test-server.js:installApiMocks.fn@84:21.method@85:43","ACCESSES",0.5,"scope-resolution: unique-name property (same-file): read",0,0
"Function:tests/helpers/test-server.js:installApiMocks","Property:tests/helpers/test-server.js:installApiMocks.fn@84:21.url@85:19","ACCESSES",0.5,"scope-resolution: unique-name property (same-file): read",0,0
"Function:tests/helpers/test-server.js:installApiMocks","Property:tests/helpers/test-server.js:installApiMocks.fn@84:21.url@85:19","ACCESSES",0.5,"scope-resolution: unique-name property (same-file): read",0,0
"Function:tests/helpers/test-server.js:installApiMocks","Property:tests/helpers/test-server.js:installApiMocks.fn@84:21.url@85:19","ACCESSES",0.5,"scope-resolution: unique-name property (same-file): read",0,0
"Function:tests/helpers/test-server.js:installApiMocks","Property:tests/helpers/test-server.js:installApiMocks.fn@84:21.url@85:19","ACCESSES",0.5,"scope-resolution: unique-name property (same-file): read",0,0
"Function:tests/helpers/test-server.js:installApiMocks","Property:tests/helpers/test-server.js:installApiMocks.fn@84:21.url@85:19","ACCESSES",0.5,"scope-resolution: unique-name property (same-file): read",0,0
"Function:tests/helpers/test-server.js:installApiMocks","Property:tests/helpers/test-server.js:installApiMocks.fn@84:21.url@85:19","ACCESSES",0.5,"scope-resolution: unique-name property (same-file): read",0,0
"Function:tests/helpers/test-server.js:installApiMocks","Property:tests/helpers/test-server.js:installApiMocks.fn@84:21.url@85:19","ACCESSES",0.5,"scope-resolution: unique-name property (same-file): read",0,0
"Function:tests/helpers/test-server.js:installApiMocks","Property:tests/helpers/test-server.js:installApiMocks.fn@84:21.url@85:19","ACCESSES",0.5,"scope-resolution: unique-name property (same-file): read",0,0
"Function:tests/helpers/test-server.js:installApiMocks","Property:tests/helpers/test-server.js:installApiMocks.fn@84:21.url@85:19","ACCESSES",0.5,"scope-resolution: unique-name property (same-file): read",0,0
"Function:tests/helpers/test-server.js:installApiMocks","Property:tests/helpers/test-server.js:installApiMocks.fn@84:21.url@85:19","ACCESSES",0.5,"scope-resolution: unique-name property (same-file): read",0,0
"Function:tests/helpers/test-server.js:installApiMocks","Property:tests/helpers/test-server.js:installApiMocks.fn@84:21.url@85:19","ACCESSES",0.5,"scope-resolution: unique-name property (same-file): read",0,0
"Function:tests/helpers/test-server.js:installApiMocks","Property:tests/helpers/test-server.js:installApiMocks.fn@84:21.url@85:19","ACCESSES",0.5,"scope-resolution: unique-name property (same-file): read",0,0
"Function:tests/helpers/test-server.js:installApiMocks","Property:tests/helpers/test-server.js:installApiMocks.fn@84:21.url@85:19","ACCESSES",0.5,"scope-resolution: unique-name property (same-file): read",0,0
"Function:tests/helpers/test-server.js:installApiMocks","Property:tests/helpers/test-server.js:installApiMocks.fn@84:21.url@85:19","ACCESSES",0.5,"scope-resolution: unique-name property (same-file): read",0,0
"Function:tests/helpers/test-server.js:installApiMocks.anilistCalls@114:4","Property:tests/helpers/test-server.js:installApiMocks.fn@84:21.url@85:19","ACCESSES",0.5,"scope-resolution: unique-name property (same-file): read",0,0
"Function:tests/helpers/test-server.js:installApiMocks.jikanCalls@119:4","Property:tests/helpers/test-server.js:installApiMocks.fn@84:21.url@85:19","ACCESSES",0.5,"scope-resolution: unique-name property (same-file): read",0,0
"Function:tests/helpers/test-server.js:installApiMocks.jikanCalls@119:4","Property:tests/helpers/test-server.js:installApiMocks.fn@84:21.url@85:19","ACCESSES",0.5,"scope-resolution: unique-name property (same-file): read",0,0
"Function:tests/helpers/test-server.js:installApiMocks.tmdbCalls@121:4","Property:tests/helpers/test-server.js:installApiMocks.fn@84:21.url@85:19","ACCESSES",0.5,"scope-resolution: unique-name property (same-file): read",0,0
"Function:tests/helpers/test-server.js:installApiMocks.tmdbCalls@121:4","Property:tests/helpers/test-server.js:installApiMocks.fn@84:21.url@85:19","ACCESSES",0.5,"scope-resolution: unique-name property (same-file): read",0,0
"Function:tests/helpers/test-server.js:installApiMocks.megaplayCalls@123:4","Property:tests/helpers/test-server.js:installApiMocks.fn@84:21.url@85:19","ACCESSES",0.5,"scope-resolution: unique-name property (same-file): read",0,0
"Function:tests/helpers/test-server.js:resetL1Cache","Property:tests/supabase-cache.test.js:buildManager.l1@298:20","ACCESSES",0.5,"scope-resolution: unique-name property (workspace-unique): read",0,0
"Function:tests/helpers/test-server.js:expireL1Entry","Property:tests/supabase-cache.test.js:buildManager.l1@298:20","ACCESSES",0.5,"scope-resolution: unique-name property (workspace-unique): read",0,0
"Function:tests/helpers/test-server.js:expireL1Entry","Property:tests/supabase-cache.test.js:buildManager.l1@298:20","ACCESSES",0.5,"scope-resolution: unique-name property (workspace-unique): read",0,0
"Function:tests/helpers/test-server.js:anilistMedia","Property:tests/helpers/test-server.js:anilistMedia.title@159:4","ACCESSES",0.5,"scope-resolution: unique-name property (own-return-shape): write",0,0
"Function:tests/helpers/test-server.js:anilistMedia","Property:tests/helpers/test-server.js:anilistMedia.description@160:4","ACCESSES",0.5,"scope-resolution: unique-name property (own-return-shape): write",0,0
"Function:tests/helpers/test-server.js:anilistMedia","Property:tests/helpers/test-server.js:anilistMedia.coverImage@161:4","ACCESSES",0.5,"scope-resolution: unique-name property (own-return-shape): write",0,0
"Function:tests/helpers/test-server.js:anilistMedia","Property:src/normalizers/anime.normalizer.js:normalizeJikanImages.large@355:4","ACCESSES",0.5,"scope-resolution: unique-name property (workspace-unique): write",0,0
"Function:tests/helpers/test-server.js:anilistMedia","Property:tests/helpers/test-server.js:anilistMedia.type@163:4","ACCESSES",0.5,"scope-resolution: unique-name property (own-return-shape): write",0,0
"Function:tests/helpers/test-server.js:anilistMedia","Property:tests/helpers/test-server.js:anilistMedia.status@165:4","ACCESSES",0.5,"scope-resolution: unique-name property (own-return-shape): write",0,0
"Function:tests/helpers/test-server.js:anilistMedia","Property:tests/helpers/test-server.js:anilistMedia.episodes@166:4","ACCESSES",0.5,"scope-resolution: unique-name property (own-return-shape): write",0,0
"Function:tests/helpers/test-server.js:anilistMedia","Property:tests/helpers/test-server.js:anilistMedia.duration@167:4","ACCESSES",0.5,"scope-resolution: unique-name property (own-return-shape): write",0,0
"Function:tests/helpers/test-server.js:anilistMedia","Property:tests/helpers/test-server.js:anilistMedia.season@168:4","ACCESSES",0.5,"scope-resolution: unique-name property (own-return-shape): write",0,0
"Function:tests/helpers/test-server.js:anilistMedia","Property:tests/helpers/test-server.js:anilistMedia.seasonYear@169:4","ACCESSES",0.5,"scope-resolution: unique-name property (own-return-shape): write",0,0
"Function:tests/helpers/test-server.js:anilistMedia","Property:tests/helpers/test-server.js:anilistMedia.genres@170:4","ACCESSES",0.5,"scope-resolution: unique-name property (own-return-shape): write",0,0
"Function:tests/helpers/test-server.js:anilistMedia","Property:tests/helpers/test-server.js:anilistMedia.synonyms@171:4","ACCESSES",0.5,"scope-resolution: unique-name property (own-return-shape): write",0,0
"Function:tests/helpers/test-server.js:anilistMedia","Property:tests/helpers/test-server.js:anilistMedia.startDate@172:4","ACCESSES",0.5,"scope-resolution: unique-name property (own-return-shape): write",0,0
"Function:tests/helpers/test-server.js:anilistMedia","Property:tests/helpers/test-server.js:anilistMedia.endDate@173:4","ACCESSES",0.5,"scope-resolution: unique-name property (own-return-shape): write",0,0
"Function:tests/helpers/test-server.js:anilistMedia","Property:tests/helpers/test-server.js:anilistMedia.averageScore@174:4","ACCESSES",0.5,"scope-resolution: unique-name property (own-return-shape): write",0,0
"Function:tests/helpers/test-server.js:anilistMedia","Property:tests/helpers/test-server.js:anilistMedia.popularity@175:4","ACCESSES",0.5,"scope-resolution: unique-name property (own-return-shape): write",0,0
"Function:tests/helpers/test-server.js:anilistMedia","Property:tests/helpers/test-server.js:anilistMedia.studios@176:4","ACCESSES",0.5,"scope-resolution: unique-name property (own-return-shape): write",0,0
"Function:tests/helpers/test-server.js:anilistPage","Property:tests/helpers/test-server.js:anilistPage.data@186:11","ACCESSES",0.5,"scope-resolution: unique-name property (own-return-shape): write",0,0
"Function:tests/helpers/test-server.js:jikanAnime","Property:tests/helpers/test-server.js:jikanAnime.data@195:4","ACCESSES",0.5,"scope-resolution: unique-name property (own-return-shape): write",0,0
"Function:tests/helpers/test-server.js:jikanEpisodes","Property:tests/helpers/test-server.js:jikanEpisodes.status@227:11","ACCESSES",0.5,"scope-resolution: unique-name property (own-return-shape): write",0,0
"Function:tests/helpers/test-server.js:jikanEpisodes","Property:tests/helpers/test-server.js:jikanEpisodes.json@227:24","ACCESSES",0.5,"scope-resolution: unique-name property (own-return-shape): write",0,0
"Function:tests/helpers/test-server.js:jikanEpisode","Property:tests/helpers/test-server.js:jikanEpisode.mal_id@235:11","ACCESSES",0.5,"scope-resolution: unique-name property (own-return-shape): write",0,0
"Function:tests/helpers/test-server.js:jikanEpisode","Property:tests/helpers/test-server.js:jikanEpisode.title_japanese@235:41","ACCESSES",0.5,"scope-resolution: unique-name property (own-return-shape): write",0,0
"Function:tests/helpers/test-server.js:jikanEpisode","Property:tests/helpers/test-server.js:jikanEpisode.title_romanji@235:64","ACCESSES",0.5,"scope-resolution: unique-name property (own-return-shape): write",0,0
"Function:tests/helpers/test-server.js:jikanEpisode","Property:tests/helpers/test-server.js:jikanEpisode.aired@235:91","ACCESSES",0.5,"scope-resolution: unique-name property (own-return-shape): write",0,0
"Function:tests/helpers/test-server.js:jikanEpisode","Property:tests/helpers/test-server.js:jikanEpisode.score@235:127","ACCESSES",0.5,"scope-resolution: unique-name property (own-return-shape): write",0,0
"Function:tests/helpers/test-server.js:jikanEpisode","Property:tests/helpers/test-server.js:jikanEpisode.filler@235:137","ACCESSES",0.5,"scope-resolution: unique-name property (own-return-shape): write",0,0
"Function:tests/helpers/test-server.js:jikanEpisode","Property:tests/helpers/test-server.js:jikanEpisode.recap@235:152","ACCESSES",0.5,"scope-resolution: unique-name property (own-return-shape): write",0,0
"Function:tests/helpers/test-server.js:jikanEpisode","Property:tests/helpers/test-server.js:jikanEpisode.forum_url@235:166","ACCESSES",0.5,"scope-resolution: unique-name property (own-return-shape): write",0,0
"Function:tests/helpers/test-server.js:jikanEpisode","Property:tests/helpers/test-server.js:jikanEpisode.url@235:183","ACCESSES",0.5,"scope-resolution: unique-name property (own-return-shape): write",0,0
"Function:tests/helpers/test-server.js:tmdbSearchResults","Property:tests/helpers/test-server.js:tmdbSearchResults.status@243:11","ACCESSES",0.5,"scope-resolution: unique-name property (own-return-shape): write",0,0
"Function:tests/helpers/test-server.js:tmdbSearchResults","Property:tests/helpers/test-server.js:tmdbSearchResults.json@243:24","ACCESSES",0.5,"scope-resolution: unique-name property (own-return-shape): write",0,0
"Function:tests/helpers/test-server.js:tmdbTvCandidate","Property:tests/helpers/test-server.js:tmdbTvCandidate.original_name@251:21","ACCESSES",0.5,"scope-resolution: unique-name property (own-return-shape): write",0,0
"Function:tests/helpers/test-server.js:tmdbTvCandidate","Property:tests/helpers/test-server.js:tmdbTvCandidate.first_air_date@251:50","ACCESSES",0.5,"scope-resolution: unique-name property (own-return-shape): write",0,0
"Function:tests/helpers/test-server.js:tmdbTvCandidate","Property:tests/helpers/test-server.js:tmdbTvCandidate.backdrop_path@251:80","ACCESSES",0.5,"scope-resolution: unique-name property (own-return-shape): write",0,0
"Function:tests/helpers/test-server.js:tmdbTvCandidate","Property:tests/helpers/test-server.js:tmdbTvCandidate.poster_path@251:109","ACCESSES",0.5,"scope-resolution: unique-name property (own-return-shape): write",0,0
"Function:tests/identity-resolver.test.js:buildResolver","Property:tests/identity-resolver.test.js:buildResolver.resolver@40:11","ACCESSES",0.5,"scope-resolution: unique-name property (own-return-shape): write",0,0
"Function:tests/identity-resolver.test.js:fn@45:63.mock@46:2","Property:tests/identity-resolver.test.js:fn@441:91.id@442:20","ACCESSES",0.5,"scope-resolution: unique-name property (same-file): write",0,0
"Function:tests/identity-resolver.test.js:fn@45:63.mock@46:2","Property:tests/identity-resolver.test.js:fn@441:91.idMal@442:29","ACCESSES",0.5,"scope-resolution: unique-name property (same-file): write",0,0
"Function:tests/identity-resolver.test.js:fn@65:79.mock@66:2","Property:tests/identity-resolver.test.js:fn@441:91.id@442:20","ACCESSES",0.5,"scope-resolution: unique-name property (same-file): write",0,0
"Function:tests/identity-resolver.test.js:fn@65:79.mock@66:2","Property:tests/identity-resolver.test.js:fn@441:91.idMal@442:29","ACCESSES",0.5,"scope-resolution: unique-name property (same-file): write",0,0
"Function:tests/identity-resolver.test.js:fn@78:93.mock@79:2","Property:tests/identity-resolver.test.js:fn@441:91.id@442:20","ACCESSES",0.5,"scope-resolution: unique-name property (same-file): write",0,0
"Function:tests/identity-resolver.test.js:fn@78:93.mock@79:2","Property:tests/identity-resolver.test.js:fn@441:91.idMal@442:29","ACCESSES",0.5,"scope-resolution: unique-name property (same-file): write",0,0
"Function:tests/identity-resolver.test.js:fn@107:76.mock@108:2","Property:tests/helpers/mock-fetch.js:installMockFetch.fn@34:21.init@35:24","ACCESSES",0.5,"scope-resolution: unique-name property (imported-file): read",0,0
"Function:tests/identity-resolver.test.js:fn@124:99.mockBad@151:2","Property:tests/identity-resolver.test.js:fn@441:91.idMal@442:29","ACCESSES",0.5,"scope-resolution: unique-name property (same-file): write",0,0
"Function:tests/identity-resolver.test.js:fn@162:79.mock@163:2","Property:tests/identity-resolver.test.js:fn@441:91.id@442:20","ACCESSES",0.5,"scope-resolution: unique-name property (same-file): write",0,0
"Function:tests/identity-resolver.test.js:fn@162:79.mock@163:2","Property:tests/identity-resolver.test.js:fn@441:91.idMal@442:29","ACCESSES",0.5,"scope-resolution: unique-name property (same-file): write",0,0
"Function:tests/identity-resolver.test.js:fn@196:91.mockTimeout@207:2","Property:tests/helpers/mock-fetch.js:installMockFetch.fn@34:21.init@35:24","ACCESSES",0.5,"scope-resolution: unique-name property (imported-file): read",0,0
"Function:tests/identity-resolver.test.js:fn@259:76.mock@260:2","Property:tests/identity-resolver.test.js:fn@441:91.id@442:20","ACCESSES",0.5,"scope-resolution: unique-name property (same-file): write",0,0
"Function:tests/identity-resolver.test.js:fn@259:76.mock@260:2","Property:tests/identity-resolver.test.js:fn@441:91.idMal@442:29","ACCESSES",0.5,"scope-resolution: unique-name property (same-file): write",0,0
"Function:tests/identity-resolver.test.js:fn@272:72.mock@273:2","Property:tests/identity-resolver.test.js:fn@441:91.id@442:20","ACCESSES",0.5,"scope-resolution: unique-name property (same-file): write",0,0
"Function:tests/identity-resolver.test.js:fn@272:72.mock@273:2","Property:tests/identity-resolver.test.js:fn@441:91.idMal@442:29","ACCESSES",0.5,"scope-resolution: unique-name property (same-file): write",0,0
"Function:tests/identity-resolver.test.js:fn@297:85.mock@298:2","Property:tests/identity-resolver.test.js:fn@441:91.id@442:20","ACCESSES",0.5,"scope-resolution: unique-name property (same-file): write",0,0
"Function:tests/identity-resolver.test.js:fn@297:85.mock@298:2","Property:tests/identity-resolver.test.js:fn@441:91.idMal@442:29","ACCESSES",0.5,"scope-resolution: unique-name property (same-file): write",0,0
"Function:tests/identity-resolver.test.js:fn@310:95.mock@311:2","Property:tests/identity-resolver.test.js:fn@441:91.id@442:20","ACCESSES",0.5,"scope-resolution: unique-name property (same-file): write",0,0
"Function:tests/identity-resolver.test.js:fn@310:95.mock@311:2","Property:tests/identity-resolver.test.js:fn@441:91.idMal@442:29","ACCESSES",0.5,"scope-resolution: unique-name property (same-file): write",0,0
"Function:tests/identity-resolver.test.js:fn@326:104.mock@327:2","Property:tests/identity-resolver.test.js:fn@441:91.id@442:20","ACCESSES",0.5,"scope-resolution: unique-name property (same-file): write",0,0
"Function:tests/identity-resolver.test.js:fn@326:104.mock@327:2","Property:tests/identity-resolver.test.js:fn@441:91.idMal@442:29","ACCESSES",0.5,"scope-resolution: unique-name property (same-file): write",0,0
"Function:tests/identity-resolver.test.js:fn@339:92.mock@340:2","Property:tests/identity-resolver.test.js:fn@441:91.id@442:20","ACCESSES",0.5,"scope-resolution: unique-name property (same-file): write",0,0
"Function:tests/identity-resolver.test.js:fn@339:92.mock@340:2","Property:tests/identity-resolver.test.js:fn@441:91.idMal@442:29","ACCESSES",0.5,"scope-resolution: unique-name property (same-file): write",0,0
"Function:tests/identity-resolver.test.js:fn@358:107.mock@359:2","Property:tests/identity-resolver.test.js:fn@441:91.id@442:20","ACCESSES",0.5,"scope-resolution: unique-name property (same-file): write",0,0
"Function:tests/identity-resolver.test.js:fn@358:107.mock@359:2","Property:tests/identity-resolver.test.js:fn@441:91.idMal@442:29","ACCESSES",0.5,"scope-resolution: unique-name property (same-file): write",0,0
"Function:tests/identity-resolver.test.js:fn@383:91.mock@384:2","Property:tests/identity-resolver.test.js:fn@441:91.id@442:20","ACCESSES",0.5,"scope-resolution: unique-name property (same-file): write",0,0
"Function:tests/identity-resolver.test.js:fn@383:91.mock@384:2","Property:tests/identity-resolver.test.js:fn@441:91.idMal@442:29","ACCESSES",0.5,"scope-resolution: unique-name property (same-file): write",0,0
"Function:tests/identity-resolver.test.js:fn@396:82.mock@397:2","Property:tests/identity-resolver.test.js:fn@441:91.id@442:20","ACCESSES",0.5,"scope-resolution: unique-name property (same-file): write",0,0
"Function:tests/identity-resolver.test.js:fn@396:82.mock@397:2","Property:tests/identity-resolver.test.js:fn@441:91.idMal@442:29","ACCESSES",0.5,"scope-resolution: unique-name property (same-file): write",0,0
"Function:tests/identity-resolver.test.js:fn@423:78.mock@424:2","Property:tests/identity-resolver.test.js:fn@441:91.id@442:20","ACCESSES",0.5,"scope-resolution: unique-name property (same-file): write",0,0
"Function:tests/identity-resolver.test.js:fn@423:78.mock@424:2","Property:tests/identity-resolver.test.js:fn@441:91.idMal@442:29","ACCESSES",0.5,"scope-resolution: unique-name property (same-file): write",0,0
"Function:tests/identity-resolver.test.js:fn@456:92.mock@457:2","Property:tests/identity-resolver.test.js:fn@441:91.id@442:20","ACCESSES",0.5,"scope-resolution: unique-name property (same-file): write",0,0
"Function:tests/identity-resolver.test.js:fn@456:92.mock@457:2","Property:tests/identity-resolver.test.js:fn@441:91.idMal@442:29","ACCESSES",0.5,"scope-resolution: unique-name property (same-file): write",0,0
"Function:tests/jikan-provider.test.js:fn@131:67.mock@132:2","Property:tests/helpers/mock-fetch.js:installMockFetch.fn@34:21.init@35:24","ACCESSES",0.5,"scope-resolution: unique-name property (imported-file): read",0,0
"Function:tests/jikan-provider.test.js:fn@202:70.mock@203:2","Property:tests/helpers/mock-fetch.js:installMockFetch.fn@34:21.url@35:19","ACCESSES",0.5,"scope-resolution: unique-name property (imported-file): read",0,0
"Function:tests/jikan-provider.test.js:fn@202:70.mock@203:2","Property:tests/jikan-provider.test.js:animeFixture.mal_id","ACCESSES",0.5,"scope-resolution: unique-name property (same-file): write",0,0
"Function:tests/smoke.test.js:fn@63:70.loader@66:2","Property:tests/supabase-cache.test.js:makeRow.value@29:4","ACCESSES",0.5,"scope-resolution: unique-name property (ranked): write",0,0
"Function:tests/stream-resolver.test.js:rawStream","Property:tests/stream-resolver.test.js:rawStream.data@36:11","ACCESSES",0.5,"scope-resolution: unique-name property (own-return-shape): write",0,0
"Function:tests/stream-resolver.test.js:rawStream","Property:src/streaming/stream-resolver.js:StreamResolver._lookupStream.sources@256:40","ACCESSES",0.5,"scope-resolution: unique-name property (ranked): write",0,0
"Function:tests/stream-resolver.test.js:rawStream","Property:tests/stream-resolver.test.js:rawStream.url@36:74","ACCESSES",0.5,"scope-resolution: unique-name property (own-return-shape): write",0,0
"Function:tests/stream-resolver.test.js:fakeL2","Property:tests/stream-resolver.test.js:fakeL2.name@82:4","ACCESSES",0.5,"scope-resolution: unique-name property (own-return-shape): write",0,0
"Function:tests/stream-resolver.test.js:expireL1","Property:tests/supabase-cache.test.js:buildManager.l1@298:20","ACCESSES",0.5,"scope-resolution: unique-name property (workspace-unique): read",0,0
"Function:tests/stream-resolver.test.js:expireL1","Property:tests/supabase-cache.test.js:buildManager.l1@298:20","ACCESSES",0.5,"scope-resolution: unique-name property (workspace-unique): read",0,0
"Function:tests/stream-resolver.test.js:fullyExpireL1","Property:tests/supabase-cache.test.js:buildManager.l1@298:20","ACCESSES",0.5,"scope-resolution: unique-name property (workspace-unique): read",0,0
"Function:tests/stream-resolver.test.js:fullyExpireL1","Property:tests/supabase-cache.test.js:buildManager.l1@298:20","ACCESSES",0.5,"scope-resolution: unique-name property (workspace-unique): read",0,0
"Function:tests/stream-resolver.test.js:fn@160:109.anilist@162:4","Property:src/streaming/stream-resolver.js:StreamResolver._lookupStream.sources@256:40","ACCESSES",0.5,"scope-resolution: unique-name property (ranked): write",0,0
"Function:tests/stream-resolver.test.js:fn@198:79.anilist@200:4","Property:src/streaming/stream-resolver.js:StreamResolver._lookupStream.sources@256:40","ACCESSES",0.5,"scope-resolution: unique-name property (ranked): write",0,0
"Function:tests/stream-resolver.test.js:fn@319:90.anilist@321:4","Property:src/streaming/stream-resolver.js:StreamResolver._lookupStream.sources@256:40","ACCESSES",0.5,"scope-resolution: unique-name property (ranked): write",0,0
"Function:tests/stream-resolver.test.js:fn@356:90.anilist@359:4","Property:src/streaming/stream-resolver.js:StreamResolver._lookupStream.sources@256:40","ACCESSES",0.5,"scope-resolution: unique-name property (ranked): write",0,0
"Function:tests/stream-resolver.test.js:fn@375:78.anilist@377:4","Property:src/streaming/stream-resolver.js:StreamResolver._lookupStream.sources@256:40","ACCESSES",0.5,"scope-resolution: unique-name property (ranked): write",0,0
"Function:tests/stream-resolver.test.js:fn@484:69.anilist@487:28","Property:src/streaming/stream-resolver.js:StreamResolver._lookupStream.sources@256:40","ACCESSES",0.5,"scope-resolution: unique-name property (ranked): write",0,0
"Function:tests/stream-resolver.test.js:fn@484:69.anilist@487:28","Property:src/streaming/stream-resolver.js:StreamResolver._lookupStream.expiresAt@256:89","ACCESSES",0.5,"scope-resolution: unique-name property (ranked): write",0,0
"Function:tests/stream-resolver.test.js:fn@569:95.anilist@576:4","Property:src/streaming/stream-resolver.js:StreamResolver._lookupStream.sources@256:40","ACCESSES",0.5,"scope-resolution: unique-name property (ranked): write",0,0
"Function:tests/supabase-cache.test.js:fn@233:80.mock@234:2","Property:tests/helpers/mock-fetch.js:installMockFetch.fn@34:21.init@35:24","ACCESSES",0.5,"scope-resolution: unique-name property (imported-file): read",0,0
"Function:tests/supabase-cache.test.js:fn@301:56.mock@303:2","Property:tests/helpers/mock-fetch.js:installMockFetch.fn@34:21.method@35:30","ACCESSES",0.5,"scope-resolution: unique-name property (imported-file): read",0,0
"Function:tests/supabase-cache.test.js:fn@458:85.mock@459:2","Property:tests/helpers/mock-fetch.js:installMockFetch.fn@34:21.url@35:19","ACCESSES",0.5,"scope-resolution: unique-name property (imported-file): read",0,0
"Function:tests/tmdb-normalizer.test.js:makeCandidate","Property:tests/tmdb-service.test.js:fn@100:70.poster@103:135","ACCESSES",0.5,"scope-resolution: unique-name property (ranked): write",0,0
"Function:tests/tmdb-provider.test.js:fn@133:67.mock@134:2","Property:tests/helpers/mock-fetch.js:installMockFetch.fn@34:21.init@35:24","ACCESSES",0.5,"scope-resolution: unique-name property (imported-file): read",0,0
"Function:tests/tmdb-provider.test.js:fn@133:67.mock@134:2","Property:tests/tmdb-provider.test.js:detailsPayload.name","ACCESSES",0.5,"scope-resolution: unique-name property (same-file): write",0,0
"Function:tests/tmdb-provider.test.js:fn@200:49.mock@201:2","Property:tests/helpers/mock-fetch.js:installMockFetch.fn@34:21.url@35:19","ACCESSES",0.5,"scope-resolution: unique-name property (imported-file): read",0,0
"Function:tests/tmdb-service.test.js:buildDeps","Property:tests/tmdb-service.test.js:buildDeps.provider@33:4","ACCESSES",0.5,"scope-resolution: unique-name property (own-return-shape): write",0,0
"Function:tests/tmdb-service.test.js:buildDeps","Property:tests/tmdb-service.test.js:buildDeps.cache@34:4","ACCESSES",0.5,"scope-resolution: unique-name property (own-return-shape): write",0,0
